⏳ Creating backup...
✅ Local backup created: /home/lmnet/server/server/backups/backup-1756202405664.zip
✅ Backup uploaded: backup-1756202405664.zip
🗑️ Deleted oldest Google Drive backup: backup-1756130408531.zip
🧹 Removed local temporary backup file
✅ Backup process completed!
⏳ Creating backup...
✅ Local backup created: /home/lmnet/server/server/backups/backup-1756209603932.zip
✅ Backup uploaded: backup-1756209603932.zip
🗑️ Deleted oldest Google Drive backup: backup-1756137607399.zip
🧹 Removed local temporary backup file
✅ Backup process completed!
⏳ Creating backup...
✅ Local backup created: /home/lmnet/server/server/backups/backup-1756216803521.zip
✅ Backup uploaded: backup-1756216803521.zip
🗑️ Deleted oldest Google Drive backup: backup-1756144807449.zip
🧹 Removed local temporary backup file
✅ Backup process completed!
⏳ Creating backup...
✅ Local backup created: /home/lmnet/server/server/backups/backup-1756224003196.zip
✅ Backup uploaded: backup-1756224003196.zip
🗑️ Deleted oldest Google Drive backup: backup-1756152008201.zip
🧹 Removed local temporary backup file
✅ Backup process completed!
⏳ Creating backup...
✅ Local backup created: /home/lmnet/server/server/backups/backup-1756231202922.zip
✅ Backup uploaded: backup-1756231202922.zip
🗑️ Deleted oldest Google Drive backup: backup-1756159207683.zip
🧹 Removed local temporary backup file
✅ Backup process completed!
⏳ Creating backup...
✅ Local backup created: /home/lmnet/server/server/backups/backup-1756238402762.zip
✅ Backup uploaded: backup-1756238402762.zip
🗑️ Deleted oldest Google Drive backup: backup-1756173608862.zip
🧹 Removed local temporary backup file
✅ Backup process completed!
⏳ Creating backup...
✅ Local backup created: /home/lmnet/server/server/backups/backup-1756245603363.zip
✅ Backup uploaded: backup-1756245603363.zip
🗑️ Deleted oldest Google Drive backup: backup-1756180806992.zip
🧹 Removed local temporary backup file
✅ Backup process completed!
⏳ Creating backup...
⏳ Creating backup...
✅ Local backup created: /home/lmnet/server/server/backups/backup-1756260003433.zip
✅ Backup uploaded: backup-1756260003433.zip
🗑️ Deleted oldest Google Drive backup: backup-1756188009138.zip
🧹 Removed local temporary backup file
✅ Backup process completed!
⏳ Creating backup...
✅ Local backup created: /home/lmnet/server/server/backups/backup-1756267204789.zip
✅ Backup uploaded: backup-1756267204789.zip
🗑️ Deleted oldest Google Drive backup: backup-1756195208357.zip
🧹 Removed local temporary backup file
✅ Backup process completed!
⏳ Creating backup...
✅ Local backup created: /home/lmnet/server/server/backups/backup-1756274403869.zip
✅ Backup uploaded: backup-1756274403869.zip
🗑️ Deleted oldest Google Drive backup: backup-1756195756948.zip
🧹 Removed local temporary backup file
✅ Backup process completed!
⏳ Creating backup...
✅ Local backup created: /home/lmnet/server/server/backups/backup-1756281604762.zip
✅ Backup uploaded: backup-1756281604762.zip
🗑️ Deleted oldest Google Drive backup: backup-1756195819138.zip
🧹 Removed local temporary backup file
✅ Backup process completed!
⏳ Creating backup...
⏳ Creating backup...
✅ Local backup created: /home/lmnet/server/server/backups/backup-1756296004585.zip
✅ Backup uploaded: backup-1756296004585.zip
🗑️ Deleted oldest Google Drive backup: backup-1756195923521.zip
🧹 Removed local temporary backup file
✅ Backup process completed!
⏳ Creating backup...
✅ Local backup created: /home/lmnet/server/server/backups/backup-1756303203594.zip
✅ Backup uploaded: backup-1756303203594.zip
🗑️ Deleted oldest Google Drive backup: backup-1756202405664.zip
🧹 Removed local temporary backup file
✅ Backup process completed!
⏳ Creating backup...
✅ Local backup created: /home/lmnet/server/server/backups/backup-1756310405735.zip
✅ Backup uploaded: backup-1756310405735.zip
🗑️ Deleted oldest Google Drive backup: backup-1756209603932.zip
🧹 Removed local temporary backup file
✅ Backup process completed!
⏳ Creating backup...
✅ Local backup created: /home/lmnet/server/server/backups/backup-1756317605209.zip
✅ Backup uploaded: backup-1756317605209.zip
🗑️ Deleted oldest Google Drive backup: backup-1756216803521.zip
🧹 Removed local temporary backup file
✅ Backup process completed!
⏳ Creating backup...
✅ Local backup created: /home/lmnet/server/server/backups/backup-1756324802971.zip
✅ Backup uploaded: backup-1756324802971.zip
🗑️ Deleted oldest Google Drive backup: backup-1756224003196.zip
🧹 Removed local temporary backup file
✅ Backup process completed!
⏳ Creating backup...
✅ Local backup created: /home/lmnet/server/server/backups/backup-1756332002960.zip
✅ Backup uploaded: backup-1756332002960.zip
🗑️ Deleted oldest Google Drive backup: backup-1756231202922.zip
🧹 Removed local temporary backup file
✅ Backup process completed!
⏳ Creating backup...
✅ Local backup created: /home/lmnet/server/server/backups/backup-1756339202892.zip
✅ Backup uploaded: backup-1756339202892.zip
🗑️ Deleted oldest Google Drive backup: backup-1756238402762.zip
🧹 Removed local temporary backup file
✅ Backup process completed!
⏳ Creating backup...
✅ Local backup created: /home/lmnet/server/server/backups/backup-1756346403495.zip
✅ Backup uploaded: backup-1756346403495.zip
🗑️ Deleted oldest Google Drive backup: backup-1756245603363.zip
🧹 Removed local temporary backup file
✅ Backup process completed!
⏳ Creating backup...
✅ Local backup created: /home/lmnet/server/server/backups/backup-1756353604506.zip
✅ Backup uploaded: backup-1756353604506.zip
🗑️ Deleted oldest Google Drive backup: backup-1756260003433.zip
🧹 Removed local temporary backup file
✅ Backup process completed!
⏳ Creating backup...
✅ Local backup created: /home/lmnet/server/server/backups/backup-1756360803979.zip
✅ Backup uploaded: backup-1756360803979.zip
🗑️ Deleted oldest Google Drive backup: backup-1756267204789.zip
🧹 Removed local temporary backup file
✅ Backup process completed!
⏳ Creating backup...
✅ Local backup created: /home/lmnet/server/server/backups/backup-1756368004330.zip
✅ Backup uploaded: backup-1756368004330.zip
🗑️ Deleted oldest Google Drive backup: backup-1756274403869.zip
🧹 Removed local temporary backup file
✅ Backup process completed!
⏳ Creating backup...
✅ Local backup created: /home/lmnet/server/server/backups/backup-1756375203561.zip
✅ Backup uploaded: backup-1756375203561.zip
🗑️ Deleted oldest Google Drive backup: backup-1756281604762.zip
🧹 Removed local temporary backup file
✅ Backup process completed!
⏳ Creating backup...
✅ Local backup created: /home/lmnet/server/server/backups/backup-1756382402836.zip
✅ Backup uploaded: backup-1756382402836.zip
🗑️ Deleted oldest Google Drive backup: backup-1756296004585.zip
🧹 Removed local temporary backup file
✅ Backup process completed!
⏳ Creating backup...
✅ Local backup created: /home/lmnet/server/server/backups/backup-1756389603001.zip
✅ Backup uploaded: backup-1756389603001.zip
🗑️ Deleted oldest Google Drive backup: backup-1756303203594.zip
🧹 Removed local temporary backup file
✅ Backup process completed!
⏳ Creating backup...
✅ Local backup created: /home/lmnet/server/server/backups/backup-1756396804421.zip
✅ Backup uploaded: backup-1756396804421.zip
🗑️ Deleted oldest Google Drive backup: backup-1756310405735.zip
🧹 Removed local temporary backup file
✅ Backup process completed!
⏳ Creating backup...
✅ Local backup created: /home/lmnet/server/server/backups/backup-1756404003123.zip
✅ Backup uploaded: backup-1756404003123.zip
🗑️ Deleted oldest Google Drive backup: backup-1756317605209.zip
🧹 Removed local temporary backup file
✅ Backup process completed!
⏳ Creating backup...
✅ Local backup created: /home/lmnet/server/server/backups/backup-1756411203251.zip
✅ Backup uploaded: backup-1756411203251.zip
🗑️ Deleted oldest Google Drive backup: backup-1756324802971.zip
🧹 Removed local temporary backup file
✅ Backup process completed!
⏳ Creating backup...
✅ Local backup created: /home/lmnet/server/server/backups/backup-1756418404020.zip
✅ Backup uploaded: backup-1756418404020.zip
🗑️ Deleted oldest Google Drive backup: backup-1756332002960.zip
🧹 Removed local temporary backup file
✅ Backup process completed!
⏳ Creating backup...
✅ Local backup created: /home/lmnet/server/server/backups/backup-1756425604786.zip
✅ Backup uploaded: backup-1756425604786.zip
🗑️ Deleted oldest Google Drive backup: backup-1756339202892.zip
🧹 Removed local temporary backup file
✅ Backup process completed!
⏳ Creating backup...
⏳ Creating backup...
✅ Local backup created: /home/lmnet/server/server/backups/backup-1756440006145.zip
✅ Backup uploaded: backup-1756440006145.zip
🗑️ Deleted oldest Google Drive backup: backup-1756346403495.zip
🧹 Removed local temporary backup file
✅ Backup process completed!
⏳ Creating backup...
✅ Local backup created: /home/lmnet/server/server/backups/backup-1756447203190.zip
✅ Backup uploaded: backup-1756447203190.zip
🗑️ Deleted oldest Google Drive backup: backup-1756353604506.zip
🧹 Removed local temporary backup file
✅ Backup process completed!
⏳ Creating backup...
✅ Local backup created: /home/lmnet/server/server/backups/backup-1756454403630.zip
✅ Backup uploaded: backup-1756454403630.zip
🗑️ Deleted oldest Google Drive backup: backup-1756360803979.zip
🧹 Removed local temporary backup file
✅ Backup process completed!
⏳ Creating backup...
✅ Local backup created: /home/lmnet/server/server/backups/backup-1756461604232.zip
✅ Backup uploaded: backup-1756461604232.zip
🗑️ Deleted oldest Google Drive backup: backup-1756368004330.zip
🧹 Removed local temporary backup file
✅ Backup process completed!
⏳ Creating backup...
✅ Local backup created: /home/lmnet/server/server/backups/backup-1756468804434.zip
✅ Backup uploaded: backup-1756468804434.zip
🗑️ Deleted oldest Google Drive backup: backup-1756375203561.zip
🧹 Removed local temporary backup file
✅ Backup process completed!
⏳ Creating backup...
✅ Local backup created: /home/lmnet/server/server/backups/backup-1756476004407.zip
✅ Backup uploaded: backup-1756476004407.zip
🗑️ Deleted oldest Google Drive backup: backup-1756382402836.zip
🧹 Removed local temporary backup file
✅ Backup process completed!
⏳ Creating backup...
✅ Local backup created: /home/lmnet/server/server/backups/backup-1756483203553.zip
✅ Backup uploaded: backup-1756483203553.zip
🗑️ Deleted oldest Google Drive backup: backup-1756389603001.zip
🧹 Removed local temporary backup file
✅ Backup process completed!
⏳ Creating backup...
✅ Local backup created: /home/lmnet/server/server/backups/backup-1756490403101.zip
✅ Backup uploaded: backup-1756490403101.zip
🗑️ Deleted oldest Google Drive backup: backup-1756396804421.zip
🧹 Removed local temporary backup file
✅ Backup process completed!
⏳ Creating backup...
✅ Local backup created: /home/lmnet/server/server/backups/backup-1756497603028.zip
✅ Backup uploaded: backup-1756497603028.zip
🗑️ Deleted oldest Google Drive backup: backup-1756404003123.zip
🧹 Removed local temporary backup file
✅ Backup process completed!
⏳ Creating backup...
✅ Local backup created: /home/lmnet/server/server/backups/backup-1756504803478.zip
✅ Backup uploaded: backup-1756504803478.zip
🗑️ Deleted oldest Google Drive backup: backup-1756411203251.zip
🧹 Removed local temporary backup file
✅ Backup process completed!
⏳ Creating backup...
✅ Local backup created: /home/lmnet/server/server/backups/backup-1756512003677.zip
✅ Backup uploaded: backup-1756512003677.zip
🗑️ Deleted oldest Google Drive backup: backup-1756418404020.zip
🧹 Removed local temporary backup file
✅ Backup process completed!
⏳ Creating backup...
✅ Local backup created: /home/lmnet/server/server/backups/backup-1756519203132.zip
✅ Backup uploaded: backup-1756519203132.zip
🗑️ Deleted oldest Google Drive backup: backup-1756425604786.zip
🧹 Removed local temporary backup file
✅ Backup process completed!
⏳ Creating backup...
✅ Local backup created: /home/lmnet/server/server/backups/backup-1756526402593.zip
✅ Backup uploaded: backup-1756526402593.zip
🗑️ Deleted oldest Google Drive backup: backup-1756440006145.zip
🧹 Removed local temporary backup file
✅ Backup process completed!
⏳ Creating backup...
✅ Local backup created: /home/lmnet/server/server/backups/backup-1756533603393.zip
✅ Backup uploaded: backup-1756533603393.zip
🗑️ Deleted oldest Google Drive backup: backup-1756447203190.zip
🧹 Removed local temporary backup file
✅ Backup process completed!
⏳ Creating backup...
✅ Local backup created: /home/lmnet/server/server/backups/backup-1756540803263.zip
✅ Backup uploaded: backup-1756540803263.zip
🗑️ Deleted oldest Google Drive backup: backup-1756454403630.zip
🧹 Removed local temporary backup file
✅ Backup process completed!
⏳ Creating backup...
⏳ Creating backup...
✅ Local backup created: /home/lmnet/server/server/backups/backup-1756555204563.zip
✅ Backup uploaded: backup-1756555204563.zip
🗑️ Deleted oldest Google Drive backup: backup-1756461604232.zip
🧹 Removed local temporary backup file
✅ Backup process completed!
⏳ Creating backup...
✅ Local backup created: /home/lmnet/server/server/backups/backup-1756562403264.zip
✅ Backup uploaded: backup-1756562403264.zip
🗑️ Deleted oldest Google Drive backup: backup-1756468804434.zip
🧹 Removed local temporary backup file
✅ Backup process completed!
⏳ Creating backup...
✅ Local backup created: /home/lmnet/server/server/backups/backup-1756569603899.zip
✅ Backup uploaded: backup-1756569603899.zip
🗑️ Deleted oldest Google Drive backup: backup-1756476004407.zip
🧹 Removed local temporary backup file
✅ Backup process completed!
⏳ Creating backup...
✅ Local backup created: /home/lmnet/server/server/backups/backup-1756576803231.zip
✅ Backup uploaded: backup-1756576803231.zip
🗑️ Deleted oldest Google Drive backup: backup-1756483203553.zip
🧹 Removed local temporary backup file
✅ Backup process completed!
⏳ Creating backup...
✅ Local backup created: /home/lmnet/server/server/backups/backup-1756584002984.zip
✅ Backup uploaded: backup-1756584002984.zip
🗑️ Deleted oldest Google Drive backup: backup-1756490403101.zip
🧹 Removed local temporary backup file
✅ Backup process completed!
⏳ Creating backup...
✅ Local backup created: /home/lmnet/server/server/backups/backup-1756591203159.zip
✅ Backup uploaded: backup-1756591203159.zip
🗑️ Deleted oldest Google Drive backup: backup-1756497603028.zip
🧹 Removed local temporary backup file
✅ Backup process completed!
⏳ Creating backup...
✅ Local backup created: /home/lmnet/server/server/backups/backup-1756598403578.zip
✅ Backup uploaded: backup-1756598403578.zip
🗑️ Deleted oldest Google Drive backup: backup-1756504803478.zip
🧹 Removed local temporary backup file
✅ Backup process completed!
⏳ Creating backup...
✅ Local backup created: /home/lmnet/server/server/backups/backup-1756605603062.zip
✅ Backup uploaded: backup-1756605603062.zip
🗑️ Deleted oldest Google Drive backup: backup-1756512003677.zip
🧹 Removed local temporary backup file
✅ Backup process completed!
⏳ Creating backup...
✅ Local backup created: /home/lmnet/server/server/backups/backup-1756612803674.zip
✅ Backup uploaded: backup-1756612803674.zip
🗑️ Deleted oldest Google Drive backup: backup-1756519203132.zip
🧹 Removed local temporary backup file
✅ Backup process completed!
⏳ Creating backup...
✅ Local backup created: /home/lmnet/server/server/backups/backup-1756620004932.zip
✅ Backup uploaded: backup-1756620004932.zip
🗑️ Deleted oldest Google Drive backup: backup-1756526402593.zip
🧹 Removed local temporary backup file
✅ Backup process completed!
⏳ Creating backup...
✅ Local backup created: /home/lmnet/server/server/backups/backup-1756627203202.zip
✅ Backup uploaded: backup-1756627203202.zip
🗑️ Deleted oldest Google Drive backup: backup-1756533603393.zip
🧹 Removed local temporary backup file
✅ Backup process completed!
⏳ Creating backup...
✅ Local backup created: /home/lmnet/server/server/backups/backup-1756634404076.zip
✅ Backup uploaded: backup-1756634404076.zip
🗑️ Deleted oldest Google Drive backup: backup-1756540803263.zip
🧹 Removed local temporary backup file
✅ Backup process completed!
⏳ Creating backup...
✅ Local backup created: /home/lmnet/server/server/backups/backup-1756641605565.zip
✅ Backup uploaded: backup-1756641605565.zip
🗑️ Deleted oldest Google Drive backup: backup-1756555204563.zip
🧹 Removed local temporary backup file
✅ Backup process completed!
⏳ Creating backup...
✅ Local backup created: /home/lmnet/server/server/backups/backup-1756648804150.zip
✅ Backup uploaded: backup-1756648804150.zip
🗑️ Deleted oldest Google Drive backup: backup-1756562403264.zip
🧹 Removed local temporary backup file
✅ Backup process completed!
⏳ Creating backup...
✅ Local backup created: /home/lmnet/server/server/backups/backup-1756656005017.zip
✅ Backup uploaded: backup-1756656005017.zip
🗑️ Deleted oldest Google Drive backup: backup-1756569603899.zip
🧹 Removed local temporary backup file
✅ Backup process completed!
⏳ Creating backup...
✅ Local backup created: /home/lmnet/server/server/backups/backup-1756663203369.zip
✅ Backup uploaded: backup-1756663203369.zip
🗑️ Deleted oldest Google Drive backup: backup-1756576803231.zip
🧹 Removed local temporary backup file
✅ Backup process completed!
⏳ Creating backup...
✅ Local backup created: /home/lmnet/server/server/backups/backup-1756670403162.zip
✅ Backup uploaded: backup-1756670403162.zip
🗑️ Deleted oldest Google Drive backup: backup-1756584002984.zip
🧹 Removed local temporary backup file
✅ Backup process completed!
⏳ Creating backup...
✅ Local backup created: /home/lmnet/server/server/backups/backup-1756677602700.zip
✅ Backup uploaded: backup-1756677602700.zip
🗑️ Deleted oldest Google Drive backup: backup-1756591203159.zip
🧹 Removed local temporary backup file
✅ Backup process completed!
⏳ Creating backup...
✅ Local backup created: /home/lmnet/server/server/backups/backup-1756684806126.zip
✅ Backup uploaded: backup-1756684806126.zip
🗑️ Deleted oldest Google Drive backup: backup-1756598403578.zip
🧹 Removed local temporary backup file
✅ Backup process completed!
⏳ Creating backup...
✅ Local backup created: /home/lmnet/server/server/backups/backup-1756692004296.zip
✅ Backup uploaded: backup-1756692004296.zip
🗑️ Deleted oldest Google Drive backup: backup-1756605603062.zip
🧹 Removed local temporary backup file
✅ Backup process completed!
⏳ Creating backup...
⏳ Creating backup...
✅ Local backup created: /home/lmnet/server/server/backups/backup-1756706403808.zip
✅ Backup uploaded: backup-1756706403808.zip
🗑️ Deleted oldest Google Drive backup: backup-1756612803674.zip
🧹 Removed local temporary backup file
✅ Backup process completed!
⏳ Creating backup...
⏳ Creating backup...
✅ Local backup created: /home/lmnet/server/server/backups/backup-1756720804241.zip
✅ Backup uploaded: backup-1756720804241.zip
🗑️ Deleted oldest Google Drive backup: backup-1756620004932.zip
🧹 Removed local temporary backup file
✅ Backup process completed!
⏳ Creating backup...
✅ Local backup created: /home/lmnet/server/server/backups/backup-1756728004380.zip
✅ Backup uploaded: backup-1756728004380.zip
🗑️ Deleted oldest Google Drive backup: backup-1756627203202.zip
🧹 Removed local temporary backup file
✅ Backup process completed!
⏳ Creating backup...
⏳ Creating backup...
✅ Local backup created: /home/lmnet/server/server/backups/backup-1756742404373.zip
✅ Backup uploaded: backup-1756742404373.zip
🗑️ Deleted oldest Google Drive backup: backup-1756634404076.zip
🧹 Removed local temporary backup file
✅ Backup process completed!
⏳ Creating backup...
✅ Local backup created: /home/lmnet/server/server/backups/backup-1756749603266.zip
✅ Backup uploaded: backup-1756749603266.zip
🗑️ Deleted oldest Google Drive backup: backup-1756641605565.zip
🧹 Removed local temporary backup file
✅ Backup process completed!
⏳ Creating backup...
✅ Local backup created: /home/lmnet/server/server/backups/backup-1756756802944.zip
✅ Backup uploaded: backup-1756756802944.zip
🗑️ Deleted oldest Google Drive backup: backup-1756648804150.zip
🧹 Removed local temporary backup file
✅ Backup process completed!
⏳ Creating backup...
✅ Local backup created: /home/lmnet/server/server/backups/backup-1756764003356.zip
✅ Backup uploaded: backup-1756764003356.zip
🗑️ Deleted oldest Google Drive backup: backup-1756656005017.zip
🧹 Removed local temporary backup file
✅ Backup process completed!
⏳ Creating backup...
✅ Local backup created: /home/lmnet/server/server/backups/backup-1756771204320.zip
✅ Backup uploaded: backup-1756771204320.zip
🗑️ Deleted oldest Google Drive backup: backup-1756663203369.zip
🧹 Removed local temporary backup file
✅ Backup process completed!
⏳ Creating backup...
⏳ Creating backup...
✅ Local backup created: /home/lmnet/server/server/backups/backup-1756785602801.zip
✅ Backup uploaded: backup-1756785602801.zip
🗑️ Deleted oldest Google Drive backup: backup-1756670403162.zip
🧹 Removed local temporary backup file
✅ Backup process completed!
⏳ Creating backup...
✅ Local backup created: /home/lmnet/server/server/backups/backup-1756792803488.zip
✅ Backup uploaded: backup-1756792803488.zip
🗑️ Deleted oldest Google Drive backup: backup-1756677602700.zip
🧹 Removed local temporary backup file
✅ Backup process completed!
⏳ Creating backup...
✅ Local backup created: /home/lmnet/server/server/backups/backup-1756800002853.zip
✅ Backup uploaded: backup-1756800002853.zip
🗑️ Deleted oldest Google Drive backup: backup-1756684806126.zip
🧹 Removed local temporary backup file
✅ Backup process completed!
⏳ Creating backup...
✅ Local backup created: /home/lmnet/server/server/backups/backup-1756807203509.zip
✅ Backup uploaded: backup-1756807203509.zip
🗑️ Deleted oldest Google Drive backup: backup-1756692004296.zip
🧹 Removed local temporary backup file
✅ Backup process completed!
⏳ Creating backup...
✅ Local backup created: /home/lmnet/server/server/backups/backup-1756814404015.zip
✅ Backup uploaded: backup-1756814404015.zip
🗑️ Deleted oldest Google Drive backup: backup-1756706403808.zip
🧹 Removed local temporary backup file
✅ Backup process completed!
⏳ Creating backup...
✅ Local backup created: /home/lmnet/server/server/backups/backup-1756821604148.zip
✅ Backup uploaded: backup-1756821604148.zip
🗑️ Deleted oldest Google Drive backup: backup-1756720804241.zip
🧹 Removed local temporary backup file
✅ Backup process completed!
⏳ Creating backup...
✅ Local backup created: /home/lmnet/server/server/backups/backup-1756828803676.zip
✅ Backup uploaded: backup-1756828803676.zip
🗑️ Deleted oldest Google Drive backup: backup-1756728004380.zip
🧹 Removed local temporary backup file
✅ Backup process completed!
⏳ Creating backup...
✅ Local backup created: /home/lmnet/server/server/backups/backup-1756836002723.zip
✅ Backup uploaded: backup-1756836002723.zip
🗑️ Deleted oldest Google Drive backup: backup-1756742404373.zip
🧹 Removed local temporary backup file
✅ Backup process completed!
⏳ Creating backup...
✅ Local backup created: /home/lmnet/server/server/backups/backup-1756843202824.zip
✅ Backup uploaded: backup-1756843202824.zip
🗑️ Deleted oldest Google Drive backup: backup-1756749603266.zip
🧹 Removed local temporary backup file
✅ Backup process completed!
⏳ Creating backup...
✅ Local backup created: /home/lmnet/server/server/backups/backup-1756850402826.zip
✅ Backup uploaded: backup-1756850402826.zip
🗑️ Deleted oldest Google Drive backup: backup-1756756802944.zip
🧹 Removed local temporary backup file
✅ Backup process completed!
⏳ Creating backup...
⏳ Creating backup...
✅ Local backup created: /home/lmnet/server/server/backups/backup-1756864803527.zip
✅ Backup uploaded: backup-1756864803527.zip
🗑️ Deleted oldest Google Drive backup: backup-1756764003356.zip
🧹 Removed local temporary backup file
✅ Backup process completed!
⏳ Creating backup...
✅ Local backup created: /home/lmnet/server/server/backups/backup-1756872004255.zip
✅ Backup uploaded: backup-1756872004255.zip
🗑️ Deleted oldest Google Drive backup: backup-1756771204320.zip
🧹 Removed local temporary backup file
✅ Backup process completed!
⏳ Creating backup...
✅ Local backup created: /home/lmnet/server/server/backups/backup-1756879204127.zip
✅ Backup uploaded: backup-1756879204127.zip
🗑️ Deleted oldest Google Drive backup: backup-1756785602801.zip
🧹 Removed local temporary backup file
✅ Backup process completed!
⏳ Creating backup...
✅ Local backup created: /home/lmnet/server/server/backups/backup-1756886403465.zip
✅ Backup uploaded: backup-1756886403465.zip
🗑️ Deleted oldest Google Drive backup: backup-1756792803488.zip
🧹 Removed local temporary backup file
✅ Backup process completed!
⏳ Creating backup...
✅ Local backup created: /home/lmnet/server/server/backups/backup-1756893603215.zip
✅ Backup uploaded: backup-1756893603215.zip
🗑️ Deleted oldest Google Drive backup: backup-1756800002853.zip
🧹 Removed local temporary backup file
✅ Backup process completed!
⏳ Creating backup...
✅ Local backup created: /home/lmnet/server/server/backups/backup-1756900803214.zip
✅ Backup uploaded: backup-1756900803214.zip
🗑️ Deleted oldest Google Drive backup: backup-1756807203509.zip
🧹 Removed local temporary backup file
✅ Backup process completed!
⏳ Creating backup...
✅ Local backup created: /home/lmnet/server/server/backups/backup-1756908003509.zip
✅ Backup uploaded: backup-1756908003509.zip
🗑️ Deleted oldest Google Drive backup: backup-1756814404015.zip
🧹 Removed local temporary backup file
✅ Backup process completed!
⏳ Creating backup...
✅ Local backup created: /home/lmnet/server/server/backups/backup-1756915202746.zip
✅ Backup uploaded: backup-1756915202746.zip
🗑️ Deleted oldest Google Drive backup: backup-1756821604148.zip
🧹 Removed local temporary backup file
✅ Backup process completed!
⏳ Creating backup...
✅ Local backup created: /home/lmnet/server/server/backups/backup-1756922403386.zip
✅ Backup uploaded: backup-1756922403386.zip
🗑️ Deleted oldest Google Drive backup: backup-1756828803676.zip
🧹 Removed local temporary backup file
✅ Backup process completed!
⏳ Creating backup...
✅ Local backup created: /home/lmnet/server/server/backups/backup-1756929603359.zip
✅ Backup uploaded: backup-1756929603359.zip
🗑️ Deleted oldest Google Drive backup: backup-1756836002723.zip
🧹 Removed local temporary backup file
✅ Backup process completed!
⏳ Creating backup...
✅ Local backup created: /home/lmnet/server/server/backups/backup-1756936803406.zip
✅ Backup uploaded: backup-1756936803406.zip
🗑️ Deleted oldest Google Drive backup: backup-1756843202824.zip
🧹 Removed local temporary backup file
✅ Backup process completed!
⏳ Creating backup...
✅ Local backup created: /home/lmnet/server/server/backups/backup-1756944005821.zip
✅ Backup uploaded: backup-1756944005821.zip
🗑️ Deleted oldest Google Drive backup: backup-1756850402826.zip
🧹 Removed local temporary backup file
✅ Backup process completed!
⏳ Creating backup...
✅ Local backup created: /home/lmnet/server/server/backups/backup-1756951203141.zip
✅ Backup uploaded: backup-1756951203141.zip
🗑️ Deleted oldest Google Drive backup: backup-1756864803527.zip
🧹 Removed local temporary backup file
✅ Backup process completed!
⏳ Creating backup...
✅ Local backup created: /home/lmnet/server/server/backups/backup-1756958402861.zip
✅ Backup uploaded: backup-1756958402861.zip
🗑️ Deleted oldest Google Drive backup: backup-1756872004255.zip
🧹 Removed local temporary backup file
✅ Backup process completed!
⏳ Creating backup...
✅ Local backup created: /home/lmnet/server/server/backups/backup-1756965603141.zip
✅ Backup uploaded: backup-1756965603141.zip
🗑️ Deleted oldest Google Drive backup: backup-1756879204127.zip
🧹 Removed local temporary backup file
✅ Backup process completed!
⏳ Creating backup...
✅ Local backup created: /home/lmnet/server/server/backups/backup-1756972803288.zip
✅ Backup uploaded: backup-1756972803288.zip
🗑️ Deleted oldest Google Drive backup: backup-1756886403465.zip
🧹 Removed local temporary backup file
✅ Backup process completed!
⏳ Creating backup...
✅ Local backup created: /home/lmnet/server/server/backups/backup-1756980003776.zip
✅ Backup uploaded: backup-1756980003776.zip
🗑️ Deleted oldest Google Drive backup: backup-1756893603215.zip
🧹 Removed local temporary backup file
✅ Backup process completed!
⏳ Creating backup...
✅ Local backup created: /home/lmnet/server/server/backups/backup-1756987203144.zip
✅ Backup uploaded: backup-1756987203144.zip
🗑️ Deleted oldest Google Drive backup: backup-1756900803214.zip
🧹 Removed local temporary backup file
✅ Backup process completed!
⏳ Creating backup...
✅ Local backup created: /home/lmnet/server/server/backups/backup-1756994404760.zip
✅ Backup uploaded: backup-1756994404760.zip
🗑️ Deleted oldest Google Drive backup: backup-1756908003509.zip
🧹 Removed local temporary backup file
✅ Backup process completed!
⏳ Creating backup...
⏳ Creating backup...
✅ Local backup created: /home/lmnet/server/server/backups/backup-1757008804344.zip
✅ Backup uploaded: backup-1757008804344.zip
🗑️ Deleted oldest Google Drive backup: backup-1756915202746.zip
🧹 Removed local temporary backup file
✅ Backup process completed!
⏳ Creating backup...
⏳ Creating backup...
✅ Local backup created: /home/lmnet/server/server/backups/backup-1757023203146.zip
✅ Backup uploaded: backup-1757023203146.zip
🗑️ Deleted oldest Google Drive backup: backup-1756922403386.zip
🧹 Removed local temporary backup file
✅ Backup process completed!
⏳ Creating backup...
✅ Local backup created: /home/lmnet/server/server/backups/backup-1757030404654.zip
✅ Backup uploaded: backup-1757030404654.zip
🗑️ Deleted oldest Google Drive backup: backup-1756929603359.zip
🧹 Removed local temporary backup file
✅ Backup process completed!
⏳ Creating backup...
✅ Local backup created: /home/lmnet/server/server/backups/backup-1757037602936.zip
✅ Backup uploaded: backup-1757037602936.zip
🗑️ Deleted oldest Google Drive backup: backup-1756936803406.zip
🧹 Removed local temporary backup file
✅ Backup process completed!
⏳ Creating backup...
✅ Local backup created: /home/lmnet/server/server/backups/backup-1757044803879.zip
✅ Backup uploaded: backup-1757044803879.zip
🗑️ Deleted oldest Google Drive backup: backup-1756944005821.zip
🧹 Removed local temporary backup file
✅ Backup process completed!
⏳ Creating backup...
✅ Local backup created: /home/lmnet/server/server/backups/backup-1757052003045.zip
✅ Backup uploaded: backup-1757052003045.zip
🗑️ Deleted oldest Google Drive backup: backup-1756951203141.zip
🧹 Removed local temporary backup file
✅ Backup process completed!
⏳ Creating backup...
✅ Local backup created: /home/lmnet/server/server/backups/backup-1757059202673.zip
✅ Backup uploaded: backup-1757059202673.zip
🗑️ Deleted oldest Google Drive backup: backup-1756958402861.zip
🧹 Removed local temporary backup file
✅ Backup process completed!
⏳ Creating backup...
✅ Local backup created: /home/lmnet/server/server/backups/backup-1757066403583.zip
✅ Backup uploaded: backup-1757066403583.zip
🗑️ Deleted oldest Google Drive backup: backup-1756965603141.zip
🧹 Removed local temporary backup file
✅ Backup process completed!
⏳ Creating backup...
✅ Local backup created: /home/lmnet/server/server/backups/backup-1757073603122.zip
✅ Backup uploaded: backup-1757073603122.zip
🗑️ Deleted oldest Google Drive backup: backup-1756972803288.zip
🧹 Removed local temporary backup file
✅ Backup process completed!
⏳ Creating backup...
✅ Local backup created: /home/lmnet/server/server/backups/backup-1757080802789.zip
✅ Backup uploaded: backup-1757080802789.zip
🗑️ Deleted oldest Google Drive backup: backup-1756980003776.zip
🧹 Removed local temporary backup file
✅ Backup process completed!
⏳ Creating backup...
✅ Local backup created: /home/lmnet/server/server/backups/backup-1757088003237.zip
✅ Backup uploaded: backup-1757088003237.zip
🗑️ Deleted oldest Google Drive backup: backup-1756987203144.zip
🧹 Removed local temporary backup file
✅ Backup process completed!
⏳ Creating backup...
⏳ Creating backup...
✅ Local backup created: /home/lmnet/server/server/backups/backup-1757102403285.zip
✅ Backup uploaded: backup-1757102403285.zip
🗑️ Deleted oldest Google Drive backup: backup-1756994404760.zip
🧹 Removed local temporary backup file
✅ Backup process completed!
⏳ Creating backup...
✅ Local backup created: /home/lmnet/server/server/backups/backup-1757109603563.zip
✅ Backup uploaded: backup-1757109603563.zip
🗑️ Deleted oldest Google Drive backup: backup-1757008804344.zip
🧹 Removed local temporary backup file
✅ Backup process completed!
⏳ Creating backup...
⏳ Creating backup...
✅ Local backup created: /home/lmnet/server/server/backups/backup-1757124003397.zip
✅ Backup uploaded: backup-1757124003397.zip
🗑️ Deleted oldest Google Drive backup: backup-1757023203146.zip
🧹 Removed local temporary backup file
✅ Backup process completed!
⏳ Creating backup...
✅ Local backup created: /home/lmnet/server/server/backups/backup-1757131203419.zip
✅ Backup uploaded: backup-1757131203419.zip
🗑️ Deleted oldest Google Drive backup: backup-1757030404654.zip
🧹 Removed local temporary backup file
✅ Backup process completed!
⏳ Creating backup...
✅ Local backup created: /home/lmnet/server/server/backups/backup-1757138402747.zip
✅ Backup uploaded: backup-1757138402747.zip
🗑️ Deleted oldest Google Drive backup: backup-1757037602936.zip
🧹 Removed local temporary backup file
✅ Backup process completed!
⏳ Creating backup...
✅ Local backup created: /home/lmnet/server/server/backups/backup-1757145602814.zip
✅ Backup uploaded: backup-1757145602814.zip
🗑️ Deleted oldest Google Drive backup: backup-1757044803879.zip
🧹 Removed local temporary backup file
✅ Backup process completed!
⏳ Creating backup...
✅ Local backup created: /home/lmnet/server/server/backups/backup-1757152803430.zip
✅ Backup uploaded: backup-1757152803430.zip
🗑️ Deleted oldest Google Drive backup: backup-1757052003045.zip
🧹 Removed local temporary backup file
✅ Backup process completed!
⏳ Creating backup...
✅ Local backup created: /home/lmnet/server/server/backups/backup-1757160003940.zip
✅ Backup uploaded: backup-1757160003940.zip
🗑️ Deleted oldest Google Drive backup: backup-1757059202673.zip
🧹 Removed local temporary backup file
✅ Backup process completed!
⏳ Creating backup...
✅ Local backup created: /home/lmnet/server/server/backups/backup-1757167205240.zip
✅ Backup uploaded: backup-1757167205240.zip
🗑️ Deleted oldest Google Drive backup: backup-1757066403583.zip
🧹 Removed local temporary backup file
✅ Backup process completed!
⏳ Creating backup...
✅ Local backup created: /home/lmnet/server/server/backups/backup-1757174402706.zip
✅ Backup uploaded: backup-1757174402706.zip
🗑️ Deleted oldest Google Drive backup: backup-1757073603122.zip
🧹 Removed local temporary backup file
✅ Backup process completed!
⏳ Creating backup...
✅ Local backup created: /home/lmnet/server/server/backups/backup-1757181603585.zip
✅ Backup uploaded: backup-1757181603585.zip
🗑️ Deleted oldest Google Drive backup: backup-1757080802789.zip
🧹 Removed local temporary backup file
✅ Backup process completed!
⏳ Creating backup...
✅ Local backup created: /home/lmnet/server/server/backups/backup-1757188802973.zip
✅ Backup uploaded: backup-1757188802973.zip
🗑️ Deleted oldest Google Drive backup: backup-1757088003237.zip
🧹 Removed local temporary backup file
✅ Backup process completed!
⏳ Creating backup...
✅ Local backup created: /home/lmnet/server/server/backups/backup-1757196003148.zip
✅ Backup uploaded: backup-1757196003148.zip
🗑️ Deleted oldest Google Drive backup: backup-1757102403285.zip
🧹 Removed local temporary backup file
✅ Backup process completed!
⏳ Creating backup...
✅ Local backup created: /home/lmnet/server/server/backups/backup-1757203204016.zip
✅ Backup uploaded: backup-1757203204016.zip
🗑️ Deleted oldest Google Drive backup: backup-1757109603563.zip
🧹 Removed local temporary backup file
✅ Backup process completed!
⏳ Creating backup...
✅ Local backup created: /home/lmnet/server/server/backups/backup-1757210403537.zip
✅ Backup uploaded: backup-1757210403537.zip
🗑️ Deleted oldest Google Drive backup: backup-1757124003397.zip
🧹 Removed local temporary backup file
✅ Backup process completed!
⏳ Creating backup...
✅ Local backup created: /home/lmnet/server/server/backups/backup-1757217602923.zip
✅ Backup uploaded: backup-1757217602923.zip
🗑️ Deleted oldest Google Drive backup: backup-1757131203419.zip
🧹 Removed local temporary backup file
✅ Backup process completed!
⏳ Creating backup...
✅ Local backup created: /home/lmnet/server/server/backups/backup-1757224805378.zip
✅ Backup uploaded: backup-1757224805378.zip
🗑️ Deleted oldest Google Drive backup: backup-1757138402747.zip
🧹 Removed local temporary backup file
✅ Backup process completed!
⏳ Creating backup...
✅ Local backup created: /home/lmnet/server/server/backups/backup-1757232003459.zip
✅ Backup uploaded: backup-1757232003459.zip
🗑️ Deleted oldest Google Drive backup: backup-1757145602814.zip
🧹 Removed local temporary backup file
✅ Backup process completed!
⏳ Creating backup...
✅ Local backup created: /home/lmnet/server/server/backups/backup-1757239202814.zip
✅ Backup uploaded: backup-1757239202814.zip
🗑️ Deleted oldest Google Drive backup: backup-1757152803430.zip
🧹 Removed local temporary backup file
✅ Backup process completed!
⏳ Creating backup...
✅ Local backup created: /home/lmnet/server/server/backups/backup-1757246404826.zip
✅ Backup uploaded: backup-1757246404826.zip
🗑️ Deleted oldest Google Drive backup: backup-1757160003940.zip
🧹 Removed local temporary backup file
✅ Backup process completed!
⏳ Creating backup...
⏳ Creating backup...
✅ Local backup created: /home/lmnet/server/server/backups/backup-1757260803653.zip
✅ Backup uploaded: backup-1757260803653.zip
🗑️ Deleted oldest Google Drive backup: backup-1757167205240.zip
🧹 Removed local temporary backup file
✅ Backup process completed!
⏳ Creating backup...
✅ Local backup created: /home/lmnet/server/server/backups/backup-1757268002885.zip
✅ Backup uploaded: backup-1757268002885.zip
🗑️ Deleted oldest Google Drive backup: backup-1757174402706.zip
🧹 Removed local temporary backup file
✅ Backup process completed!
⏳ Creating backup...
✅ Local backup created: /home/lmnet/server/server/backups/backup-1757275203633.zip
✅ Backup uploaded: backup-1757275203633.zip
🗑️ Deleted oldest Google Drive backup: backup-1757181603585.zip
🧹 Removed local temporary backup file
✅ Backup process completed!
⏳ Creating backup...
✅ Local backup created: /home/lmnet/server/server/backups/backup-1757282403440.zip
✅ Backup uploaded: backup-1757282403440.zip
🗑️ Deleted oldest Google Drive backup: backup-1757188802973.zip
🧹 Removed local temporary backup file
✅ Backup process completed!
⏳ Creating backup...
✅ Local backup created: /home/lmnet/server/server/backups/backup-1757289604339.zip
✅ Backup uploaded: backup-1757289604339.zip
🗑️ Deleted oldest Google Drive backup: backup-1757196003148.zip
🧹 Removed local temporary backup file
✅ Backup process completed!
⏳ Creating backup...
✅ Local backup created: /home/lmnet/server/server/backups/backup-1757296803067.zip
✅ Backup uploaded: backup-1757296803067.zip
🗑️ Deleted oldest Google Drive backup: backup-1757203204016.zip
🧹 Removed local temporary backup file
✅ Backup process completed!
⏳ Creating backup...
✅ Local backup created: /home/lmnet/server/server/backups/backup-1757304003178.zip
✅ Backup uploaded: backup-1757304003178.zip
🗑️ Deleted oldest Google Drive backup: backup-1757210403537.zip
🧹 Removed local temporary backup file
✅ Backup process completed!
⏳ Creating backup...
✅ Local backup created: /home/lmnet/server/server/backups/backup-1757311203450.zip
✅ Backup uploaded: backup-1757311203450.zip
🗑️ Deleted oldest Google Drive backup: backup-1757217602923.zip
🧹 Removed local temporary backup file
✅ Backup process completed!
⏳ Creating backup...
✅ Local backup created: /home/lmnet/server/server/backups/backup-1757318404167.zip
✅ Backup uploaded: backup-1757318404167.zip
🗑️ Deleted oldest Google Drive backup: backup-1757224805378.zip
🧹 Removed local temporary backup file
✅ Backup process completed!
⏳ Creating backup...
✅ Local backup created: /home/lmnet/server/server/backups/backup-1757325603627.zip
✅ Backup uploaded: backup-1757325603627.zip
🗑️ Deleted oldest Google Drive backup: backup-1757232003459.zip
🧹 Removed local temporary backup file
✅ Backup process completed!
⏳ Creating backup...
✅ Local backup created: /home/lmnet/server/server/backups/backup-1757332803296.zip
✅ Backup uploaded: backup-1757332803296.zip
🗑️ Deleted oldest Google Drive backup: backup-1757239202814.zip
🧹 Removed local temporary backup file
✅ Backup process completed!
⏳ Creating backup...
✅ Local backup created: /home/lmnet/server/server/backups/backup-1757340003225.zip
✅ Backup uploaded: backup-1757340003225.zip
🗑️ Deleted oldest Google Drive backup: backup-1757246404826.zip
🧹 Removed local temporary backup file
✅ Backup process completed!
⏳ Creating backup...
✅ Local backup created: /home/lmnet/server/server/backups/backup-1757347202882.zip
✅ Backup uploaded: backup-1757347202882.zip
🗑️ Deleted oldest Google Drive backup: backup-1757260803653.zip
🧹 Removed local temporary backup file
✅ Backup process completed!
⏳ Creating backup...
✅ Local backup created: /home/lmnet/server/server/backups/backup-1757354403244.zip
✅ Backup uploaded: backup-1757354403244.zip
🗑️ Deleted oldest Google Drive backup: backup-1757268002885.zip
🧹 Removed local temporary backup file
✅ Backup process completed!
⏳ Creating backup...
✅ Local backup created: /home/lmnet/server/server/backups/backup-1757361603026.zip
✅ Backup uploaded: backup-1757361603026.zip
🗑️ Deleted oldest Google Drive backup: backup-1757275203633.zip
🧹 Removed local temporary backup file
✅ Backup process completed!
⏳ Creating backup...
✅ Local backup created: /home/lmnet/server/server/backups/backup-1757368802799.zip
✅ Backup uploaded: backup-1757368802799.zip
🗑️ Deleted oldest Google Drive backup: backup-1757282403440.zip
🧹 Removed local temporary backup file
✅ Backup process completed!
⏳ Creating backup...
⏳ Creating backup...
✅ Local backup created: /home/lmnet/server/server/backups/backup-1757383203215.zip
✅ Backup uploaded: backup-1757383203215.zip
🗑️ Deleted oldest Google Drive backup: backup-1757289604339.zip
🧹 Removed local temporary backup file
✅ Backup process completed!
⏳ Creating backup...
✅ Local backup created: /home/lmnet/server/server/backups/backup-1757390402820.zip
✅ Backup uploaded: backup-1757390402820.zip
🗑️ Deleted oldest Google Drive backup: backup-1757296803067.zip
🧹 Removed local temporary backup file
✅ Backup process completed!
⏳ Creating backup...
✅ Local backup created: /home/lmnet/server/server/backups/backup-1757397603208.zip
✅ Backup uploaded: backup-1757397603208.zip
🗑️ Deleted oldest Google Drive backup: backup-1757304003178.zip
🧹 Removed local temporary backup file
✅ Backup process completed!
⏳ Creating backup...
✅ Local backup created: /home/lmnet/server/server/backups/backup-1757404803583.zip
✅ Backup uploaded: backup-1757404803583.zip
🗑️ Deleted oldest Google Drive backup: backup-1757311203450.zip
🧹 Removed local temporary backup file
✅ Backup process completed!
⏳ Creating backup...
✅ Local backup created: /home/lmnet/server/server/backups/backup-1757412003445.zip
✅ Backup uploaded: backup-1757412003445.zip
🗑️ Deleted oldest Google Drive backup: backup-1757318404167.zip
🧹 Removed local temporary backup file
✅ Backup process completed!
⏳ Creating backup...
✅ Local backup created: /home/lmnet/server/server/backups/backup-1757419202808.zip
✅ Backup uploaded: backup-1757419202808.zip
🗑️ Deleted oldest Google Drive backup: backup-1757325603627.zip
🧹 Removed local temporary backup file
✅ Backup process completed!
⏳ Creating backup...
✅ Local backup created: /home/lmnet/server/server/backups/backup-1757426403716.zip
✅ Backup uploaded: backup-1757426403716.zip
🗑️ Deleted oldest Google Drive backup: backup-1757332803296.zip
🧹 Removed local temporary backup file
✅ Backup process completed!
⏳ Creating backup...
✅ Local backup created: /home/lmnet/server/server/backups/backup-1757433604033.zip
✅ Backup uploaded: backup-1757433604033.zip
🗑️ Deleted oldest Google Drive backup: backup-1757340003225.zip
🧹 Removed local temporary backup file
✅ Backup process completed!
⏳ Creating backup...
✅ Local backup created: /home/lmnet/server/server/backups/backup-1757440805578.zip
✅ Backup uploaded: backup-1757440805578.zip
🗑️ Deleted oldest Google Drive backup: backup-1757347202882.zip
🧹 Removed local temporary backup file
✅ Backup process completed!
⏳ Creating backup...
⏳ Creating backup...
✅ Local backup created: /home/lmnet/server/server/backups/backup-1757455204024.zip
✅ Backup uploaded: backup-1757455204024.zip
🗑️ Deleted oldest Google Drive backup: backup-1757354403244.zip
🧹 Removed local temporary backup file
✅ Backup process completed!
⏳ Creating backup...
✅ Local backup created: /home/lmnet/server/server/backups/backup-1757462408060.zip
✅ Backup uploaded: backup-1757462408060.zip
🗑️ Deleted oldest Google Drive backup: backup-1757361603026.zip
🧹 Removed local temporary backup file
✅ Backup process completed!
⏳ Creating backup...
⏳ Creating backup...
✅ Local backup created: /home/lmnet/server/server/backups/backup-1757476803065.zip
✅ Backup uploaded: backup-1757476803065.zip
🗑️ Deleted oldest Google Drive backup: backup-1757368802799.zip
🧹 Removed local temporary backup file
✅ Backup process completed!
⏳ Creating backup...
✅ Local backup created: /home/lmnet/server/server/backups/backup-1757484002817.zip
✅ Backup uploaded: backup-1757484002817.zip
🗑️ Deleted oldest Google Drive backup: backup-1757383203215.zip
🧹 Removed local temporary backup file
✅ Backup process completed!
⏳ Creating backup...
✅ Local backup created: /home/lmnet/server/server/backups/backup-1757491203348.zip
✅ Backup uploaded: backup-1757491203348.zip
🗑️ Deleted oldest Google Drive backup: backup-1757390402820.zip
🧹 Removed local temporary backup file
✅ Backup process completed!
⏳ Creating backup...
✅ Local backup created: /home/lmnet/server/server/backups/backup-1757498402727.zip
✅ Backup uploaded: backup-1757498402727.zip
🗑️ Deleted oldest Google Drive backup: backup-1757397603208.zip
🧹 Removed local temporary backup file
✅ Backup process completed!
⏳ Creating backup...
⏳ Creating backup...
✅ Local backup created: /home/lmnet/server/server/backups/backup-1757512803322.zip
✅ Backup uploaded: backup-1757512803322.zip
🗑️ Deleted oldest Google Drive backup: backup-1757404803583.zip
🧹 Removed local temporary backup file
✅ Backup process completed!
⏳ Creating backup...
✅ Local backup created: /home/lmnet/server/server/backups/backup-1757520003520.zip
✅ Backup uploaded: backup-1757520003520.zip
🗑️ Deleted oldest Google Drive backup: backup-1757412003445.zip
🧹 Removed local temporary backup file
✅ Backup process completed!
⏳ Creating backup...
✅ Local backup created: /home/lmnet/server/server/backups/backup-1757527203607.zip
✅ Backup uploaded: backup-1757527203607.zip
🗑️ Deleted oldest Google Drive backup: backup-1757419202808.zip
🧹 Removed local temporary backup file
✅ Backup process completed!
⏳ Creating backup...
✅ Local backup created: /home/lmnet/server/server/backups/backup-1757534403431.zip
✅ Backup uploaded: backup-1757534403431.zip
🗑️ Deleted oldest Google Drive backup: backup-1757426403716.zip
🧹 Removed local temporary backup file
✅ Backup process completed!
⏳ Creating backup...
✅ Local backup created: /home/lmnet/server/server/backups/backup-1757541603300.zip
✅ Backup uploaded: backup-1757541603300.zip
🗑️ Deleted oldest Google Drive backup: backup-1757433604033.zip
🧹 Removed local temporary backup file
✅ Backup process completed!
⏳ Creating backup...
✅ Local backup created: /home/lmnet/server/server/backups/backup-1757548805228.zip
✅ Backup uploaded: backup-1757548805228.zip
🗑️ Deleted oldest Google Drive backup: backup-1757440805578.zip
🧹 Removed local temporary backup file
✅ Backup process completed!
⏳ Creating backup...
✅ Local backup created: /home/lmnet/server/server/backups/backup-1757556003882.zip
✅ Backup uploaded: backup-1757556003882.zip
🗑️ Deleted oldest Google Drive backup: backup-1757455204024.zip
🧹 Removed local temporary backup file
✅ Backup process completed!
⏳ Creating backup...
✅ Local backup created: /home/lmnet/server/server/backups/backup-1757563203501.zip
✅ Backup uploaded: backup-1757563203501.zip
🗑️ Deleted oldest Google Drive backup: backup-1757462408060.zip
🧹 Removed local temporary backup file
✅ Backup process completed!
⏳ Creating backup...
✅ Local backup created: /home/lmnet/server/server/backups/backup-1757570403510.zip
✅ Backup uploaded: backup-1757570403510.zip
🗑️ Deleted oldest Google Drive backup: backup-1757476803065.zip
🧹 Removed local temporary backup file
✅ Backup process completed!
⏳ Creating backup...
✅ Local backup created: /home/lmnet/server/server/backups/backup-1757577604051.zip
✅ Backup uploaded: backup-1757577604051.zip
🗑️ Deleted oldest Google Drive backup: backup-1757484002817.zip
🧹 Removed local temporary backup file
✅ Backup process completed!
⏳ Creating backup...
✅ Local backup created: /home/lmnet/server/server/backups/backup-1757584803021.zip
✅ Backup uploaded: backup-1757584803021.zip
🗑️ Deleted oldest Google Drive backup: backup-1757491203348.zip
🧹 Removed local temporary backup file
✅ Backup process completed!
⏳ Creating backup...
✅ Local backup created: /home/lmnet/server/server/backups/backup-1757592003060.zip
✅ Backup uploaded: backup-1757592003060.zip
🗑️ Deleted oldest Google Drive backup: backup-1757498402727.zip
🧹 Removed local temporary backup file
✅ Backup process completed!
⏳ Creating backup...
✅ Local backup created: /home/lmnet/server/server/backups/backup-1757599203339.zip
✅ Backup uploaded: backup-1757599203339.zip
🗑️ Deleted oldest Google Drive backup: backup-1757512803322.zip
🧹 Removed local temporary backup file
✅ Backup process completed!
⏳ Creating backup...
✅ Local backup created: /home/lmnet/server/server/backups/backup-1757606404939.zip
✅ Backup uploaded: backup-1757606404939.zip
🗑️ Deleted oldest Google Drive backup: backup-1757520003520.zip
🧹 Removed local temporary backup file
✅ Backup process completed!
⏳ Creating backup...
✅ Local backup created: /home/lmnet/server/server/backups/backup-1757613602761.zip
✅ Backup uploaded: backup-1757613602761.zip
🗑️ Deleted oldest Google Drive backup: backup-1757527203607.zip
🧹 Removed local temporary backup file
✅ Backup process completed!
⏳ Creating backup...
✅ Local backup created: /home/lmnet/server/server/backups/backup-1757620803151.zip
✅ Backup uploaded: backup-1757620803151.zip
🗑️ Deleted oldest Google Drive backup: backup-1757534403431.zip
🧹 Removed local temporary backup file
✅ Backup process completed!
⏳ Creating backup...
✅ Local backup created: /home/lmnet/server/server/backups/backup-1757628003158.zip
✅ Backup uploaded: backup-1757628003158.zip
🗑️ Deleted oldest Google Drive backup: backup-1757541603300.zip
🧹 Removed local temporary backup file
✅ Backup process completed!
⏳ Creating backup...
✅ Local backup created: /home/lmnet/server/server/backups/backup-1757635205438.zip
✅ Backup uploaded: backup-1757635205438.zip
🗑️ Deleted oldest Google Drive backup: backup-1757548805228.zip
🧹 Removed local temporary backup file
✅ Backup process completed!
⏳ Creating backup...
✅ Local backup created: /home/lmnet/server/server/backups/backup-1757642403093.zip
✅ Backup uploaded: backup-1757642403093.zip
🗑️ Deleted oldest Google Drive backup: backup-1757556003882.zip
🧹 Removed local temporary backup file
✅ Backup process completed!
⏳ Creating backup...
✅ Local backup created: /home/lmnet/server/server/backups/backup-1757649603038.zip
✅ Backup uploaded: backup-1757649603038.zip
🗑️ Deleted oldest Google Drive backup: backup-1757563203501.zip
🧹 Removed local temporary backup file
✅ Backup process completed!
⏳ Creating backup...
⏳ Creating backup...
✅ Local backup created: /home/lmnet/server/server/backups/backup-1757664004773.zip
✅ Backup uploaded: backup-1757664004773.zip
🗑️ Deleted oldest Google Drive backup: backup-1757570403510.zip
🧹 Removed local temporary backup file
✅ Backup process completed!
⏳ Creating backup...
✅ Local backup created: /home/lmnet/server/server/backups/backup-1757671203054.zip
✅ Backup uploaded: backup-1757671203054.zip
🗑️ Deleted oldest Google Drive backup: backup-1757577604051.zip
🧹 Removed local temporary backup file
✅ Backup process completed!
⏳ Creating backup...
✅ Local backup created: /home/lmnet/server/server/backups/backup-1757678402735.zip
✅ Backup uploaded: backup-1757678402735.zip
🗑️ Deleted oldest Google Drive backup: backup-1757584803021.zip
🧹 Removed local temporary backup file
✅ Backup process completed!
⏳ Creating backup...
✅ Local backup created: /home/lmnet/server/server/backups/backup-1757685603052.zip
✅ Backup uploaded: backup-1757685603052.zip
🗑️ Deleted oldest Google Drive backup: backup-1757592003060.zip
🧹 Removed local temporary backup file
✅ Backup process completed!
⏳ Creating backup...
✅ Local backup created: /home/lmnet/server/server/backups/backup-1757692803460.zip
✅ Backup uploaded: backup-1757692803460.zip
🗑️ Deleted oldest Google Drive backup: backup-1757599203339.zip
🧹 Removed local temporary backup file
✅ Backup process completed!
⏳ Creating backup...
⏳ Creating backup...
✅ Local backup created: /home/lmnet/server/server/backups/backup-1757707203246.zip
✅ Backup uploaded: backup-1757707203246.zip
🗑️ Deleted oldest Google Drive backup: backup-1757606404939.zip
🧹 Removed local temporary backup file
✅ Backup process completed!
⏳ Creating backup...
⏳ Creating backup...
✅ Local backup created: /home/lmnet/server/server/backups/backup-1757721604332.zip
✅ Backup uploaded: backup-1757721604332.zip
🗑️ Deleted oldest Google Drive backup: backup-1757613602761.zip
🧹 Removed local temporary backup file
✅ Backup process completed!
⏳ Creating backup...
⏳ Creating backup...
✅ Local backup created: /home/lmnet/server/server/backups/backup-1757736003261.zip
✅ Backup uploaded: backup-1757736003261.zip
🗑️ Deleted oldest Google Drive backup: backup-1757620803151.zip
🧹 Removed local temporary backup file
✅ Backup process completed!
⏳ Creating backup...
✅ Local backup created: /home/lmnet/server/server/backups/backup-1757743203578.zip
✅ Backup uploaded: backup-1757743203578.zip
🗑️ Deleted oldest Google Drive backup: backup-1757628003158.zip
🧹 Removed local temporary backup file
✅ Backup process completed!
⏳ Creating backup...
✅ Local backup created: /home/lmnet/server/server/backups/backup-1757750403192.zip
✅ Backup uploaded: backup-1757750403192.zip
🗑️ Deleted oldest Google Drive backup: backup-1757635205438.zip
🧹 Removed local temporary backup file
✅ Backup process completed!
⏳ Creating backup...
⏳ Creating backup...
✅ Local backup created: /home/lmnet/server/server/backups/backup-1757764803440.zip
✅ Backup uploaded: backup-1757764803440.zip
🗑️ Deleted oldest Google Drive backup: backup-1757642403093.zip
🧹 Removed local temporary backup file
✅ Backup process completed!
⏳ Creating backup...
✅ Local backup created: /home/lmnet/server/server/backups/backup-1757772003469.zip
✅ Backup uploaded: backup-1757772003469.zip
🗑️ Deleted oldest Google Drive backup: backup-1757649603038.zip
🧹 Removed local temporary backup file
✅ Backup process completed!
⏳ Creating backup...
✅ Local backup created: /home/lmnet/server/server/backups/backup-1757779203439.zip
✅ Backup uploaded: backup-1757779203439.zip
🗑️ Deleted oldest Google Drive backup: backup-1757664004773.zip
🧹 Removed local temporary backup file
✅ Backup process completed!
⏳ Creating backup...
✅ Local backup created: /home/lmnet/server/server/backups/backup-1757786403226.zip
✅ Backup uploaded: backup-1757786403226.zip
🗑️ Deleted oldest Google Drive backup: backup-1757671203054.zip
🧹 Removed local temporary backup file
✅ Backup process completed!
⏳ Creating backup...
✅ Local backup created: /home/lmnet/server/server/backups/backup-1757793602762.zip
✅ Backup uploaded: backup-1757793602762.zip
🗑️ Deleted oldest Google Drive backup: backup-1757678402735.zip
🧹 Removed local temporary backup file
✅ Backup process completed!
⏳ Creating backup...
✅ Local backup created: /home/lmnet/server/server/backups/backup-1757800802898.zip
✅ Backup uploaded: backup-1757800802898.zip
🗑️ Deleted oldest Google Drive backup: backup-1757685603052.zip
🧹 Removed local temporary backup file
✅ Backup process completed!
⏳ Creating backup...
✅ Local backup created: /home/lmnet/server/server/backups/backup-1757808005567.zip
✅ Backup uploaded: backup-1757808005567.zip
🗑️ Deleted oldest Google Drive backup: backup-1757692803460.zip
🧹 Removed local temporary backup file
✅ Backup process completed!
⏳ Creating backup...
✅ Local backup created: /home/lmnet/server/server/backups/backup-1757815202970.zip
✅ Backup uploaded: backup-1757815202970.zip
🗑️ Deleted oldest Google Drive backup: backup-1757707203246.zip
🧹 Removed local temporary backup file
✅ Backup process completed!
⏳ Creating backup...
✅ Local backup created: /home/lmnet/server/server/backups/backup-1757822403490.zip
✅ Backup uploaded: backup-1757822403490.zip
🗑️ Deleted oldest Google Drive backup: backup-1757721604332.zip
🧹 Removed local temporary backup file
✅ Backup process completed!
⏳ Creating backup...
✅ Local backup created: /home/lmnet/server/server/backups/backup-1757829602681.zip
✅ Backup uploaded: backup-1757829602681.zip
🗑️ Deleted oldest Google Drive backup: backup-1757736003261.zip
🧹 Removed local temporary backup file
✅ Backup process completed!
⏳ Creating backup...
✅ Local backup created: /home/lmnet/server/server/backups/backup-1757836803210.zip
✅ Backup uploaded: backup-1757836803210.zip
🗑️ Deleted oldest Google Drive backup: backup-1757743203578.zip
🧹 Removed local temporary backup file
✅ Backup process completed!
⏳ Creating backup...
✅ Local backup created: /home/lmnet/server/server/backups/backup-1757844002909.zip
✅ Backup uploaded: backup-1757844002909.zip
🗑️ Deleted oldest Google Drive backup: backup-1757750403192.zip
🧹 Removed local temporary backup file
✅ Backup process completed!
⏳ Creating backup...
✅ Local backup created: /home/lmnet/server/server/backups/backup-1757851202915.zip
✅ Backup uploaded: backup-1757851202915.zip
🗑️ Deleted oldest Google Drive backup: backup-1757764803440.zip
🧹 Removed local temporary backup file
✅ Backup process completed!
⏳ Creating backup...
✅ Local backup created: /home/lmnet/server/server/backups/backup-1757858402498.zip
✅ Backup uploaded: backup-1757858402498.zip
🗑️ Deleted oldest Google Drive backup: backup-1757772003469.zip
🧹 Removed local temporary backup file
✅ Backup process completed!
⏳ Creating backup...
✅ Local backup created: /home/lmnet/server/server/backups/backup-1757865602404.zip
✅ Backup uploaded: backup-1757865602404.zip
🗑️ Deleted oldest Google Drive backup: backup-1757779203439.zip
🧹 Removed local temporary backup file
✅ Backup process completed!
⏳ Creating backup...
✅ Local backup created: /home/lmnet/server/server/backups/backup-1757872802008.zip
✅ Backup uploaded: backup-1757872802008.zip
🗑️ Deleted oldest Google Drive backup: backup-1757786403226.zip
🧹 Removed local temporary backup file
✅ Backup process completed!
⏳ Creating backup...
✅ Local backup created: /home/lmnet/server/server/backups/backup-1757880002146.zip
✅ Backup uploaded: backup-1757880002146.zip
🗑️ Deleted oldest Google Drive backup: backup-1757793602762.zip
🧹 Removed local temporary backup file
✅ Backup process completed!
⏳ Creating backup...
✅ Local backup created: /home/lmnet/server/server/backups/backup-1757887202886.zip
✅ Backup uploaded: backup-1757887202886.zip
🗑️ Deleted oldest Google Drive backup: backup-1757800802898.zip
🧹 Removed local temporary backup file
✅ Backup process completed!
⏳ Creating backup...
✅ Local backup created: /home/lmnet/server/server/backups/backup-1757894402850.zip
✅ Backup uploaded: backup-1757894402850.zip
🗑️ Deleted oldest Google Drive backup: backup-1757808005567.zip
🧹 Removed local temporary backup file
✅ Backup process completed!
⏳ Creating backup...
✅ Local backup created: /home/lmnet/server/server/backups/backup-1757901603049.zip
✅ Backup uploaded: backup-1757901603049.zip
🗑️ Deleted oldest Google Drive backup: backup-1757815202970.zip
🧹 Removed local temporary backup file
✅ Backup process completed!
⏳ Creating backup...
✅ Local backup created: /home/lmnet/server/server/backups/backup-1757908802803.zip
✅ Backup uploaded: backup-1757908802803.zip
🗑️ Deleted oldest Google Drive backup: backup-1757822403490.zip
🧹 Removed local temporary backup file
✅ Backup process completed!
⏳ Creating backup...
✅ Local backup created: /home/lmnet/server/server/backups/backup-1757916002347.zip
✅ Backup uploaded: backup-1757916002347.zip
🗑️ Deleted oldest Google Drive backup: backup-1757829602681.zip
🧹 Removed local temporary backup file
✅ Backup process completed!
⏳ Creating backup...
✅ Local backup created: /home/lmnet/server/server/backups/backup-1757923202285.zip
✅ Backup uploaded: backup-1757923202285.zip
🗑️ Deleted oldest Google Drive backup: backup-1757836803210.zip
🧹 Removed local temporary backup file
✅ Backup process completed!
⏳ Creating backup...
✅ Local backup created: /home/lmnet/server/server/backups/backup-1757930402272.zip
✅ Backup uploaded: backup-1757930402272.zip
🗑️ Deleted oldest Google Drive backup: backup-1757844002909.zip
🧹 Removed local temporary backup file
✅ Backup process completed!
⏳ Creating backup...
✅ Local backup created: /home/lmnet/server/server/backups/backup-1757937602816.zip
✅ Backup uploaded: backup-1757937602816.zip
🗑️ Deleted oldest Google Drive backup: backup-1757851202915.zip
🧹 Removed local temporary backup file
✅ Backup process completed!
⏳ Creating backup...
✅ Local backup created: /home/lmnet/server/server/backups/backup-1757944802888.zip
✅ Backup uploaded: backup-1757944802888.zip
🗑️ Deleted oldest Google Drive backup: backup-1757858402498.zip
🧹 Removed local temporary backup file
✅ Backup process completed!
⏳ Creating backup...
✅ Local backup created: /home/lmnet/server/server/backups/backup-1757952002238.zip
✅ Backup uploaded: backup-1757952002238.zip
🗑️ Deleted oldest Google Drive backup: backup-1757865602404.zip
🧹 Removed local temporary backup file
✅ Backup process completed!
⏳ Creating backup...
✅ Local backup created: /home/lmnet/server/server/backups/backup-1757959202888.zip
✅ Backup uploaded: backup-1757959202888.zip
🗑️ Deleted oldest Google Drive backup: backup-1757872802008.zip
🧹 Removed local temporary backup file
✅ Backup process completed!
⏳ Creating backup...
✅ Local backup created: /home/lmnet/server/server/backups/backup-1757966402946.zip
✅ Backup uploaded: backup-1757966402946.zip
🗑️ Deleted oldest Google Drive backup: backup-1757880002146.zip
🧹 Removed local temporary backup file
✅ Backup process completed!
⏳ Creating backup...
✅ Local backup created: /home/lmnet/server/server/backups/backup-1757973602388.zip
✅ Backup uploaded: backup-1757973602388.zip
🗑️ Deleted oldest Google Drive backup: backup-1757887202886.zip
🧹 Removed local temporary backup file
✅ Backup process completed!
⏳ Creating backup...
✅ Local backup created: /home/lmnet/server/server/backups/backup-1757980802996.zip
✅ Backup uploaded: backup-1757980802996.zip
🗑️ Deleted oldest Google Drive backup: backup-1757894402850.zip
🧹 Removed local temporary backup file
✅ Backup process completed!
⏳ Creating backup...
✅ Local backup created: /home/lmnet/server/server/backups/backup-1757988002603.zip
✅ Backup uploaded: backup-1757988002603.zip
🗑️ Deleted oldest Google Drive backup: backup-1757901603049.zip
🧹 Removed local temporary backup file
✅ Backup process completed!
⏳ Creating backup...
✅ Local backup created: /home/lmnet/server/server/backups/backup-1757995202899.zip
✅ Backup uploaded: backup-1757995202899.zip
🗑️ Deleted oldest Google Drive backup: backup-1757908802803.zip
🧹 Removed local temporary backup file
✅ Backup process completed!
⏳ Creating backup...
✅ Local backup created: /home/lmnet/server/server/backups/backup-1758002402838.zip
✅ Backup uploaded: backup-1758002402838.zip
🗑️ Deleted oldest Google Drive backup: backup-1757916002347.zip
🧹 Removed local temporary backup file
✅ Backup process completed!
⏳ Creating backup...
✅ Local backup created: /home/lmnet/server/server/backups/backup-1758009602608.zip
✅ Backup uploaded: backup-1758009602608.zip
🗑️ Deleted oldest Google Drive backup: backup-1757923202285.zip
🧹 Removed local temporary backup file
✅ Backup process completed!
⏳ Creating backup...
✅ Local backup created: /home/lmnet/server/server/backups/backup-1758016802547.zip
✅ Backup uploaded: backup-1758016802547.zip
🗑️ Deleted oldest Google Drive backup: backup-1757930402272.zip
🧹 Removed local temporary backup file
✅ Backup process completed!
⏳ Creating backup...
✅ Local backup created: /home/lmnet/server/server/backups/backup-1758024002414.zip
✅ Backup uploaded: backup-1758024002414.zip
🗑️ Deleted oldest Google Drive backup: backup-1757937602816.zip
🧹 Removed local temporary backup file
✅ Backup process completed!
⏳ Creating backup...
✅ Local backup created: /home/lmnet/server/server/backups/backup-1758031203090.zip
✅ Backup uploaded: backup-1758031203090.zip
🗑️ Deleted oldest Google Drive backup: backup-1757944802888.zip
🧹 Removed local temporary backup file
✅ Backup process completed!
⏳ Creating backup...
✅ Local backup created: /home/lmnet/server/server/backups/backup-1758038402842.zip
✅ Backup uploaded: backup-1758038402842.zip
🗑️ Deleted oldest Google Drive backup: backup-1757952002238.zip
🧹 Removed local temporary backup file
✅ Backup process completed!
⏳ Creating backup...
✅ Local backup created: /home/lmnet/server/server/backups/backup-1758045602806.zip
✅ Backup uploaded: backup-1758045602806.zip
🗑️ Deleted oldest Google Drive backup: backup-1757959202888.zip
🧹 Removed local temporary backup file
✅ Backup process completed!
⏳ Creating backup...
✅ Local backup created: /home/lmnet/server/server/backups/backup-1758052802825.zip
✅ Backup uploaded: backup-1758052802825.zip
🗑️ Deleted oldest Google Drive backup: backup-1757966402946.zip
🧹 Removed local temporary backup file
✅ Backup process completed!
⏳ Creating backup...
✅ Local backup created: /home/lmnet/server/server/backups/backup-1758060002186.zip
✅ Backup uploaded: backup-1758060002186.zip
🗑️ Deleted oldest Google Drive backup: backup-1757973602388.zip
🧹 Removed local temporary backup file
✅ Backup process completed!
⏳ Creating backup...
✅ Local backup created: /home/lmnet/server/server/backups/backup-1758067203051.zip
✅ Backup uploaded: backup-1758067203051.zip
🗑️ Deleted oldest Google Drive backup: backup-1757980802996.zip
🧹 Removed local temporary backup file
✅ Backup process completed!
⏳ Creating backup...
✅ Local backup created: /home/lmnet/server/server/backups/backup-1758074403363.zip
✅ Backup uploaded: backup-1758074403363.zip
🗑️ Deleted oldest Google Drive backup: backup-1757988002603.zip
🧹 Removed local temporary backup file
✅ Backup process completed!
⏳ Creating backup...
✅ Local backup created: /home/lmnet/server/server/backups/backup-1758081602361.zip
✅ Backup uploaded: backup-1758081602361.zip
🗑️ Deleted oldest Google Drive backup: backup-1757995202899.zip
🧹 Removed local temporary backup file
✅ Backup process completed!
⏳ Creating backup...
✅ Local backup created: /home/lmnet/server/server/backups/backup-1758088802863.zip
✅ Backup uploaded: backup-1758088802863.zip
🗑️ Deleted oldest Google Drive backup: backup-1758002402838.zip
🧹 Removed local temporary backup file
✅ Backup process completed!
⏳ Creating backup...
✅ Local backup created: /home/lmnet/server/server/backups/backup-1758096002512.zip
✅ Backup uploaded: backup-1758096002512.zip
🗑️ Deleted oldest Google Drive backup: backup-1758009602608.zip
🧹 Removed local temporary backup file
✅ Backup process completed!
⏳ Creating backup...
✅ Local backup created: /home/lmnet/server/server/backups/backup-1758103203137.zip
✅ Backup uploaded: backup-1758103203137.zip
🗑️ Deleted oldest Google Drive backup: backup-1758016802547.zip
🧹 Removed local temporary backup file
✅ Backup process completed!
⏳ Creating backup...
✅ Local backup created: /home/lmnet/server/server/backups/backup-1758110402174.zip
✅ Backup uploaded: backup-1758110402174.zip
🗑️ Deleted oldest Google Drive backup: backup-1758024002414.zip
🧹 Removed local temporary backup file
✅ Backup process completed!
⏳ Creating backup...
✅ Local backup created: /home/lmnet/server/server/backups/backup-1758117602580.zip
✅ Backup uploaded: backup-1758117602580.zip
🗑️ Deleted oldest Google Drive backup: backup-1758031203090.zip
🧹 Removed local temporary backup file
✅ Backup process completed!
⏳ Creating backup...
✅ Local backup created: /home/lmnet/server/server/backups/backup-1758124802898.zip
✅ Backup uploaded: backup-1758124802898.zip
🗑️ Deleted oldest Google Drive backup: backup-1758038402842.zip
🧹 Removed local temporary backup file
✅ Backup process completed!
⏳ Creating backup...
✅ Local backup created: /home/lmnet/server/server/backups/backup-1758132002913.zip
✅ Backup uploaded: backup-1758132002913.zip
🗑️ Deleted oldest Google Drive backup: backup-1758045602806.zip
🧹 Removed local temporary backup file
✅ Backup process completed!
⏳ Creating backup...
✅ Local backup created: /home/lmnet/server/server/backups/backup-1758139203139.zip
✅ Backup uploaded: backup-1758139203139.zip
🗑️ Deleted oldest Google Drive backup: backup-1758052802825.zip
🧹 Removed local temporary backup file
✅ Backup process completed!
⏳ Creating backup...
✅ Local backup created: /home/lmnet/server/server/backups/backup-1758146402796.zip
✅ Backup uploaded: backup-1758146402796.zip
🗑️ Deleted oldest Google Drive backup: backup-1758060002186.zip
🧹 Removed local temporary backup file
✅ Backup process completed!
⏳ Creating backup...
✅ Local backup created: /home/lmnet/server/server/backups/backup-1758153603751.zip
✅ Backup uploaded: backup-1758153603751.zip
🗑️ Deleted oldest Google Drive backup: backup-1758067203051.zip
🧹 Removed local temporary backup file
✅ Backup process completed!
⏳ Creating backup...
✅ Local backup created: /home/lmnet/server/server/backups/backup-1758160803291.zip
✅ Backup uploaded: backup-1758160803291.zip
🗑️ Deleted oldest Google Drive backup: backup-1758074403363.zip
🧹 Removed local temporary backup file
✅ Backup process completed!
⏳ Creating backup...
✅ Local backup created: /home/lmnet/server/server/backups/backup-1758168002260.zip
✅ Backup uploaded: backup-1758168002260.zip
🗑️ Deleted oldest Google Drive backup: backup-1758081602361.zip
🧹 Removed local temporary backup file
✅ Backup process completed!
⏳ Creating backup...
✅ Local backup created: /home/lmnet/server/server/backups/backup-1758175202287.zip
✅ Backup uploaded: backup-1758175202287.zip
🗑️ Deleted oldest Google Drive backup: backup-1758088802863.zip
🧹 Removed local temporary backup file
✅ Backup process completed!
⏳ Creating backup...
✅ Local backup created: /home/lmnet/server/server/backups/backup-1758182403166.zip
✅ Backup uploaded: backup-1758182403166.zip
🗑️ Deleted oldest Google Drive backup: backup-1758096002512.zip
🧹 Removed local temporary backup file
✅ Backup process completed!
⏳ Creating backup...
✅ Local backup created: /home/lmnet/server/server/backups/backup-1758189602914.zip
✅ Backup uploaded: backup-1758189602914.zip
🗑️ Deleted oldest Google Drive backup: backup-1758103203137.zip
🧹 Removed local temporary backup file
✅ Backup process completed!
⏳ Creating backup...
✅ Local backup created: /home/lmnet/server/server/backups/backup-1758196802406.zip
✅ Backup uploaded: backup-1758196802406.zip
🗑️ Deleted oldest Google Drive backup: backup-1758110402174.zip
🧹 Removed local temporary backup file
✅ Backup process completed!
⏳ Creating backup...
✅ Local backup created: /home/lmnet/server/server/backups/backup-1758204002539.zip
✅ Backup uploaded: backup-1758204002539.zip
🗑️ Deleted oldest Google Drive backup: backup-1758117602580.zip
🧹 Removed local temporary backup file
✅ Backup process completed!
⏳ Creating backup...
✅ Local backup created: /home/lmnet/server/server/backups/backup-1758211202544.zip
✅ Backup uploaded: backup-1758211202544.zip
🗑️ Deleted oldest Google Drive backup: backup-1758124802898.zip
🧹 Removed local temporary backup file
✅ Backup process completed!
⏳ Creating backup...
✅ Local backup created: /home/lmnet/server/server/backups/backup-1758218402913.zip
✅ Backup uploaded: backup-1758218402913.zip
🗑️ Deleted oldest Google Drive backup: backup-1758132002913.zip
🧹 Removed local temporary backup file
✅ Backup process completed!
⏳ Creating backup...
✅ Local backup created: /home/lmnet/server/server/backups/backup-1758225602847.zip
✅ Backup uploaded: backup-1758225602847.zip
🗑️ Deleted oldest Google Drive backup: backup-1758139203139.zip
🧹 Removed local temporary backup file
✅ Backup process completed!
⏳ Creating backup...
✅ Local backup created: /home/lmnet/server/server/backups/backup-1758232802570.zip
✅ Backup uploaded: backup-1758232802570.zip
🗑️ Deleted oldest Google Drive backup: backup-1758146402796.zip
🧹 Removed local temporary backup file
✅ Backup process completed!
⏳ Creating backup...
✅ Local backup created: /home/lmnet/server/server/backups/backup-1758240002326.zip
✅ Backup uploaded: backup-1758240002326.zip
🗑️ Deleted oldest Google Drive backup: backup-1758153603751.zip
🧹 Removed local temporary backup file
✅ Backup process completed!
⏳ Creating backup...
✅ Local backup created: /home/lmnet/server/server/backups/backup-1758247203220.zip
✅ Backup uploaded: backup-1758247203220.zip
🗑️ Deleted oldest Google Drive backup: backup-1758160803291.zip
🧹 Removed local temporary backup file
✅ Backup process completed!
⏳ Creating backup...
✅ Local backup created: /home/lmnet/server/server/backups/backup-1758254402305.zip
✅ Backup uploaded: backup-1758254402305.zip
🗑️ Deleted oldest Google Drive backup: backup-1758168002260.zip
🧹 Removed local temporary backup file
✅ Backup process completed!
⏳ Creating backup...
✅ Local backup created: /home/lmnet/server/server/backups/backup-1758261603227.zip
✅ Backup uploaded: backup-1758261603227.zip
🗑️ Deleted oldest Google Drive backup: backup-1758175202287.zip
🧹 Removed local temporary backup file
✅ Backup process completed!
⏳ Creating backup...
✅ Local backup created: /home/lmnet/server/server/backups/backup-1758268803392.zip
✅ Backup uploaded: backup-1758268803392.zip
🗑️ Deleted oldest Google Drive backup: backup-1758182403166.zip
🧹 Removed local temporary backup file
✅ Backup process completed!
⏳ Creating backup...
✅ Local backup created: /home/lmnet/server/server/backups/backup-1758276003047.zip
✅ Backup uploaded: backup-1758276003047.zip
🗑️ Deleted oldest Google Drive backup: backup-1758189602914.zip
🧹 Removed local temporary backup file
✅ Backup process completed!
⏳ Creating backup...
✅ Local backup created: /home/lmnet/server/server/backups/backup-1758283202530.zip
✅ Backup uploaded: backup-1758283202530.zip
🗑️ Deleted oldest Google Drive backup: backup-1758196802406.zip
🧹 Removed local temporary backup file
✅ Backup process completed!
⏳ Creating backup...
✅ Local backup created: /home/lmnet/server/server/backups/backup-1758290402758.zip
❌ Error during backup: GaxiosError
    at Gaxios._request (/home/lmnet/server/node_modules/gaxios/build/src/gaxios.js:142:23)
    at process.processTicksAndRejections (node:internal/process/task_queues:95:5)
    at async OAuth2Client.requestAsync (/home/lmnet/server/node_modules/google-auth-library/build/src/auth/oauth2client.js:429:18)
    at async uploadBackup (/home/lmnet/server/server/backup1.js:49:22)
    at async backupProcess (/home/lmnet/server/server/backup1.js:87:9) {
  config: {
    url: 'https://www.googleapis.com/upload/drive/v3/files?fields=id&uploadType=multipart',
    method: 'POST',
    apiVersion: '',
    userAgentDirectives: [ [Object] ],
    paramsSerializer: [Function (anonymous)],
    data: PassThrough {
      _readableState: [ReadableState],
      _events: [Object: null prototype],
      _eventsCount: 8,
      _maxListeners: undefined,
      _writableState: [WritableState],
      allowHalfOpen: true,
      _flush: [Function: flush],
      [Symbol(kCapture)]: false,
      [Symbol(kCallback)]: [Function: bound onwrite]
    },
    headers: {
      'x-goog-api-client': 'gdcl/7.2.0 gl-node/18.19.1',
      'content-type': 'multipart/related; boundary=10130396-6eee-4e9d-8439-c0e93f777e09',
      'Accept-Encoding': 'gzip',
      'User-Agent': 'google-api-nodejs-client/7.2.0 (gzip)',
      Authorization: '<<REDACTED> - See `errorRedactor` option in `gaxios` for configuration>.'
    },
    params: { fields: 'id', uploadType: 'multipart' },
    validateStatus: [Function (anonymous)],
    retry: true,
    body: PassThrough {
      _readableState: [ReadableState],
      _events: [Object: null prototype],
      _eventsCount: 8,
      _maxListeners: undefined,
      _writableState: [WritableState],
      allowHalfOpen: true,
      _flush: [Function: flush],
      [Symbol(kCapture)]: false,
      [Symbol(kCallback)]: [Function: bound onwrite]
    },
    responseType: 'unknown',
    errorRedactor: [Function: defaultErrorRedactor],
    retryConfig: {
      currentRetryAttempt: 0,
      retry: 3,
      httpMethodsToRetry: [Array],
      noResponseRetries: 2,
      retryDelayMultiplier: 2,
      timeOfFirstRequest: 1758290442552,
      totalTimeout: 9007199254740991,
      maxRetryDelay: 9007199254740991,
      statusCodesToRetry: [Array]
    }
  },
  response: {
    config: {
      url: 'https://www.googleapis.com/upload/drive/v3/files?fields=id&uploadType=multipart',
      method: 'POST',
      apiVersion: '',
      userAgentDirectives: [Array],
      paramsSerializer: [Function (anonymous)],
      data: [PassThrough],
      headers: [Object],
      params: [Object],
      validateStatus: [Function (anonymous)],
      retry: true,
      body: [PassThrough],
      responseType: 'unknown',
      errorRedactor: [Function: defaultErrorRedactor]
    },
    data: '',
    headers: {
      'alt-svc': 'h3=":443"; ma=2592000,h3-29=":443"; ma=2592000',
      connection: 'close',
      'content-length': '0',
      'content-type': 'text/plain; charset=utf-8',
      date: 'Fri, 19 Sep 2025 14:00:42 GMT',
      server: 'UploadServer',
      'x-guploader-uploadid': 'AAwnv3IJ-fNN3VHuN-o_JGBJnMrbBwqhtEjU-a3Pu25YfAWSLf_9VMTNGkcIvjAw_l3PH_IT_haIb_w'
    },
    status: 503,
    statusText: 'Service Unavailable',
    request: {
      responseURL: 'https://www.googleapis.com/upload/drive/v3/files?fields=id&uploadType=multipart'
    }
  },
  error: undefined,
  status: 503,
  [Symbol(gaxios-gaxios-error)]: '6.7.1'
}
⏳ Creating backup...
✅ Local backup created: /home/lmnet/server/server/backups/backup-1758297602743.zip
✅ Backup uploaded: backup-1758297602743.zip
🗑️ Deleted oldest Google Drive backup: backup-1758204002539.zip
🧹 Removed local temporary backup file
✅ Backup process completed!
⏳ Creating backup...
✅ Local backup created: /home/lmnet/server/server/backups/backup-1758304802903.zip
✅ Backup uploaded: backup-1758304802903.zip
🗑️ Deleted oldest Google Drive backup: backup-1758211202544.zip
🧹 Removed local temporary backup file
✅ Backup process completed!
⏳ Creating backup...
✅ Local backup created: /home/lmnet/server/server/backups/backup-1758312002558.zip
✅ Backup uploaded: backup-1758312002558.zip
🗑️ Deleted oldest Google Drive backup: backup-1758218402913.zip
🧹 Removed local temporary backup file
✅ Backup process completed!
⏳ Creating backup...
✅ Local backup created: /home/lmnet/server/server/backups/backup-1758319202102.zip
✅ Backup uploaded: backup-1758319202102.zip
🗑️ Deleted oldest Google Drive backup: backup-1758225602847.zip
🧹 Removed local temporary backup file
✅ Backup process completed!
⏳ Creating backup...
✅ Local backup created: /home/lmnet/server/server/backups/backup-1758326402352.zip
✅ Backup uploaded: backup-1758326402352.zip
🗑️ Deleted oldest Google Drive backup: backup-1758232802570.zip
🧹 Removed local temporary backup file
✅ Backup process completed!
⏳ Creating backup...
✅ Local backup created: /home/lmnet/server/server/backups/backup-1758333602509.zip
✅ Backup uploaded: backup-1758333602509.zip
🗑️ Deleted oldest Google Drive backup: backup-1758240002326.zip
🧹 Removed local temporary backup file
✅ Backup process completed!
⏳ Creating backup...
✅ Local backup created: /home/lmnet/server/server/backups/backup-1758340802209.zip
✅ Backup uploaded: backup-1758340802209.zip
🗑️ Deleted oldest Google Drive backup: backup-1758247203220.zip
🧹 Removed local temporary backup file
✅ Backup process completed!
⏳ Creating backup...
✅ Local backup created: /home/lmnet/server/server/backups/backup-1758348002525.zip
✅ Backup uploaded: backup-1758348002525.zip
🗑️ Deleted oldest Google Drive backup: backup-1758254402305.zip
🧹 Removed local temporary backup file
✅ Backup process completed!
⏳ Creating backup...
✅ Local backup created: /home/lmnet/server/server/backups/backup-1758355202695.zip
✅ Backup uploaded: backup-1758355202695.zip
🗑️ Deleted oldest Google Drive backup: backup-1758261603227.zip
🧹 Removed local temporary backup file
✅ Backup process completed!
⏳ Creating backup...
✅ Local backup created: /home/lmnet/server/server/backups/backup-1758362402841.zip
✅ Backup uploaded: backup-1758362402841.zip
🗑️ Deleted oldest Google Drive backup: backup-1758268803392.zip
🧹 Removed local temporary backup file
✅ Backup process completed!
⏳ Creating backup...
✅ Local backup created: /home/lmnet/server/server/backups/backup-1758369602641.zip
✅ Backup uploaded: backup-1758369602641.zip
🗑️ Deleted oldest Google Drive backup: backup-1758276003047.zip
🧹 Removed local temporary backup file
✅ Backup process completed!
⏳ Creating backup...
✅ Local backup created: /home/lmnet/server/server/backups/backup-1758376802624.zip
✅ Backup uploaded: backup-1758376802624.zip
🗑️ Deleted oldest Google Drive backup: backup-1758283202530.zip
🧹 Removed local temporary backup file
✅ Backup process completed!
⏳ Creating backup...
✅ Local backup created: /home/lmnet/server/server/backups/backup-1758384003063.zip
✅ Backup uploaded: backup-1758384003063.zip
🗑️ Deleted oldest Google Drive backup: backup-1758297602743.zip
🧹 Removed local temporary backup file
✅ Backup process completed!
⏳ Creating backup...
✅ Local backup created: /home/lmnet/server/server/backups/backup-1758391202590.zip
✅ Backup uploaded: backup-1758391202590.zip
🗑️ Deleted oldest Google Drive backup: backup-1758304802903.zip
🧹 Removed local temporary backup file
✅ Backup process completed!
⏳ Creating backup...
✅ Local backup created: /home/lmnet/server/server/backups/backup-1758398403028.zip
✅ Backup uploaded: backup-1758398403028.zip
🗑️ Deleted oldest Google Drive backup: backup-1758312002558.zip
🧹 Removed local temporary backup file
✅ Backup process completed!
⏳ Creating backup...
✅ Local backup created: /home/lmnet/server/server/backups/backup-1758405602502.zip
✅ Backup uploaded: backup-1758405602502.zip
🗑️ Deleted oldest Google Drive backup: backup-1758319202102.zip
🧹 Removed local temporary backup file
✅ Backup process completed!
⏳ Creating backup...
✅ Local backup created: /home/lmnet/server/server/backups/backup-1758412802681.zip
✅ Backup uploaded: backup-1758412802681.zip
🗑️ Deleted oldest Google Drive backup: backup-1758326402352.zip
🧹 Removed local temporary backup file
✅ Backup process completed!
⏳ Creating backup...
✅ Local backup created: /home/lmnet/server/server/backups/backup-1758420002611.zip
✅ Backup uploaded: backup-1758420002611.zip
🗑️ Deleted oldest Google Drive backup: backup-1758333602509.zip
🧹 Removed local temporary backup file
✅ Backup process completed!
⏳ Creating backup...
✅ Local backup created: /home/lmnet/server/server/backups/backup-1758427202686.zip
✅ Backup uploaded: backup-1758427202686.zip
🗑️ Deleted oldest Google Drive backup: backup-1758340802209.zip
🧹 Removed local temporary backup file
✅ Backup process completed!
⏳ Creating backup...
✅ Local backup created: /home/lmnet/server/server/backups/backup-1758434402408.zip
✅ Backup uploaded: backup-1758434402408.zip
🗑️ Deleted oldest Google Drive backup: backup-1758348002525.zip
🧹 Removed local temporary backup file
✅ Backup process completed!
⏳ Creating backup...
✅ Local backup created: /home/lmnet/server/server/backups/backup-1758441603010.zip
✅ Backup uploaded: backup-1758441603010.zip
🗑️ Deleted oldest Google Drive backup: backup-1758355202695.zip
🧹 Removed local temporary backup file
✅ Backup process completed!
⏳ Creating backup...
✅ Local backup created: /home/lmnet/server/server/backups/backup-1758448802302.zip
✅ Backup uploaded: backup-1758448802302.zip
🗑️ Deleted oldest Google Drive backup: backup-1758362402841.zip
🧹 Removed local temporary backup file
✅ Backup process completed!
⏳ Creating backup...
✅ Local backup created: /home/lmnet/server/server/backups/backup-1758456002477.zip
✅ Backup uploaded: backup-1758456002477.zip
🗑️ Deleted oldest Google Drive backup: backup-1758369602641.zip
🧹 Removed local temporary backup file
✅ Backup process completed!
⏳ Creating backup...
✅ Local backup created: /home/lmnet/server/server/backups/backup-1758463203287.zip
✅ Backup uploaded: backup-1758463203287.zip
🗑️ Deleted oldest Google Drive backup: backup-1758376802624.zip
🧹 Removed local temporary backup file
✅ Backup process completed!
⏳ Creating backup...
✅ Local backup created: /home/lmnet/server/server/backups/backup-1758470402717.zip
✅ Backup uploaded: backup-1758470402717.zip
🗑️ Deleted oldest Google Drive backup: backup-1758384003063.zip
🧹 Removed local temporary backup file
✅ Backup process completed!
⏳ Creating backup...
✅ Local backup created: /home/lmnet/server/server/backups/backup-1758477602422.zip
✅ Backup uploaded: backup-1758477602422.zip
🗑️ Deleted oldest Google Drive backup: backup-1758391202590.zip
🧹 Removed local temporary backup file
✅ Backup process completed!
⏳ Creating backup...
✅ Local backup created: /home/lmnet/server/server/backups/backup-1758484802490.zip
✅ Backup uploaded: backup-1758484802490.zip
🗑️ Deleted oldest Google Drive backup: backup-1758398403028.zip
🧹 Removed local temporary backup file
✅ Backup process completed!
⏳ Creating backup...
✅ Local backup created: /home/lmnet/server/server/backups/backup-1758492002440.zip
✅ Backup uploaded: backup-1758492002440.zip
🗑️ Deleted oldest Google Drive backup: backup-1758405602502.zip
🧹 Removed local temporary backup file
✅ Backup process completed!
⏳ Creating backup...
✅ Local backup created: /home/lmnet/server/server/backups/backup-1758499202351.zip
✅ Backup uploaded: backup-1758499202351.zip
🗑️ Deleted oldest Google Drive backup: backup-1758412802681.zip
🧹 Removed local temporary backup file
✅ Backup process completed!
⏳ Creating backup...
✅ Local backup created: /home/lmnet/server/server/backups/backup-1758506403196.zip
✅ Backup uploaded: backup-1758506403196.zip
🗑️ Deleted oldest Google Drive backup: backup-1758420002611.zip
🧹 Removed local temporary backup file
✅ Backup process completed!
⏳ Creating backup...
✅ Local backup created: /home/lmnet/server/server/backups/backup-1758513603130.zip
✅ Backup uploaded: backup-1758513603130.zip
🗑️ Deleted oldest Google Drive backup: backup-1758427202686.zip
🧹 Removed local temporary backup file
✅ Backup process completed!
⏳ Creating backup...
✅ Local backup created: /home/lmnet/server/server/backups/backup-1758520802876.zip
✅ Backup uploaded: backup-1758520802876.zip
🗑️ Deleted oldest Google Drive backup: backup-1758434402408.zip
🧹 Removed local temporary backup file
✅ Backup process completed!
⏳ Creating backup...
✅ Local backup created: /home/lmnet/server/server/backups/backup-1758528002977.zip
✅ Backup uploaded: backup-1758528002977.zip
🗑️ Deleted oldest Google Drive backup: backup-1758441603010.zip
🧹 Removed local temporary backup file
✅ Backup process completed!
⏳ Creating backup...
✅ Local backup created: /home/lmnet/server/server/backups/backup-1758535203091.zip
✅ Backup uploaded: backup-1758535203091.zip
🗑️ Deleted oldest Google Drive backup: backup-1758448802302.zip
🧹 Removed local temporary backup file
✅ Backup process completed!
⏳ Creating backup...
✅ Local backup created: /home/lmnet/server/server/backups/backup-1758542404340.zip
✅ Backup uploaded: backup-1758542404340.zip
🗑️ Deleted oldest Google Drive backup: backup-1758456002477.zip
🧹 Removed local temporary backup file
✅ Backup process completed!
⏳ Creating backup...
✅ Local backup created: /home/lmnet/server/server/backups/backup-1758549605014.zip
✅ Backup uploaded: backup-1758549605014.zip
🗑️ Deleted oldest Google Drive backup: backup-1758463203287.zip
🧹 Removed local temporary backup file
✅ Backup process completed!
⏳ Creating backup...
✅ Local backup created: /home/lmnet/server/server/backups/backup-1758556802359.zip
✅ Backup uploaded: backup-1758556802359.zip
🗑️ Deleted oldest Google Drive backup: backup-1758470402717.zip
🧹 Removed local temporary backup file
✅ Backup process completed!
⏳ Creating backup...
✅ Local backup created: /home/lmnet/server/server/backups/backup-1758564002912.zip
✅ Backup uploaded: backup-1758564002912.zip
🗑️ Deleted oldest Google Drive backup: backup-1758477602422.zip
🧹 Removed local temporary backup file
✅ Backup process completed!
⏳ Creating backup...
✅ Local backup created: /home/lmnet/server/server/backups/backup-1758571202645.zip
✅ Backup uploaded: backup-1758571202645.zip
🗑️ Deleted oldest Google Drive backup: backup-1758484802490.zip
🧹 Removed local temporary backup file
✅ Backup process completed!
⏳ Creating backup...
✅ Local backup created: /home/lmnet/server/server/backups/backup-1758578402382.zip
✅ Backup uploaded: backup-1758578402382.zip
🗑️ Deleted oldest Google Drive backup: backup-1758492002440.zip
🧹 Removed local temporary backup file
✅ Backup process completed!
⏳ Creating backup...
✅ Local backup created: /home/lmnet/server/server/backups/backup-1758585602989.zip
✅ Backup uploaded: backup-1758585602989.zip
🗑️ Deleted oldest Google Drive backup: backup-1758499202351.zip
🧹 Removed local temporary backup file
✅ Backup process completed!
⏳ Creating backup...
✅ Local backup created: /home/lmnet/server/server/backups/backup-1758592803306.zip
✅ Backup uploaded: backup-1758592803306.zip
🗑️ Deleted oldest Google Drive backup: backup-1758506403196.zip
🧹 Removed local temporary backup file
✅ Backup process completed!
⏳ Creating backup...
✅ Local backup created: /home/lmnet/server/server/backups/backup-1758600003127.zip
✅ Backup uploaded: backup-1758600003127.zip
🗑️ Deleted oldest Google Drive backup: backup-1758513603130.zip
🧹 Removed local temporary backup file
✅ Backup process completed!
⏳ Creating backup...
✅ Local backup created: /home/lmnet/server/server/backups/backup-1758607203274.zip
✅ Backup uploaded: backup-1758607203274.zip
🗑️ Deleted oldest Google Drive backup: backup-1758520802876.zip
🧹 Removed local temporary backup file
✅ Backup process completed!
⏳ Creating backup...
✅ Local backup created: /home/lmnet/server/server/backups/backup-1758614403011.zip
✅ Backup uploaded: backup-1758614403011.zip
🗑️ Deleted oldest Google Drive backup: backup-1758528002977.zip
🧹 Removed local temporary backup file
✅ Backup process completed!
⏳ Creating backup...
✅ Local backup created: /home/lmnet/server/server/backups/backup-1758621603331.zip
✅ Backup uploaded: backup-1758621603331.zip
🗑️ Deleted oldest Google Drive backup: backup-1758535203091.zip
🧹 Removed local temporary backup file
✅ Backup process completed!
⏳ Creating backup...
✅ Local backup created: /home/lmnet/server/server/backups/backup-1758628803687.zip
✅ Backup uploaded: backup-1758628803687.zip
🗑️ Deleted oldest Google Drive backup: backup-1758542404340.zip
🧹 Removed local temporary backup file
✅ Backup process completed!
⏳ Creating backup...
⏳ Creating backup...
✅ Local backup created: /home/lmnet/server/server/backups/backup-1758643203884.zip
✅ Backup uploaded: backup-1758643203884.zip
🗑️ Deleted oldest Google Drive backup: backup-1758549605014.zip
🧹 Removed local temporary backup file
✅ Backup process completed!
⏳ Creating backup...
✅ Local backup created: /home/lmnet/server/server/backups/backup-1758650403111.zip
✅ Backup uploaded: backup-1758650403111.zip
🗑️ Deleted oldest Google Drive backup: backup-1758556802359.zip
🧹 Removed local temporary backup file
✅ Backup process completed!
⏳ Creating backup...
✅ Local backup created: /home/lmnet/server/server/backups/backup-1758657602507.zip
✅ Backup uploaded: backup-1758657602507.zip
🗑️ Deleted oldest Google Drive backup: backup-1758564002912.zip
🧹 Removed local temporary backup file
✅ Backup process completed!
⏳ Creating backup...
✅ Local backup created: /home/lmnet/server/server/backups/backup-1758664803644.zip
✅ Backup uploaded: backup-1758664803644.zip
🗑️ Deleted oldest Google Drive backup: backup-1758571202645.zip
🧹 Removed local temporary backup file
✅ Backup process completed!
⏳ Creating backup...
✅ Local backup created: /home/lmnet/server/server/backups/backup-1758672003490.zip
✅ Backup uploaded: backup-1758672003490.zip
🗑️ Deleted oldest Google Drive backup: backup-1758578402382.zip
🧹 Removed local temporary backup file
✅ Backup process completed!
⏳ Creating backup...
✅ Local backup created: /home/lmnet/server/server/backups/backup-1758679203834.zip
✅ Backup uploaded: backup-1758679203834.zip
🗑️ Deleted oldest Google Drive backup: backup-1758585602989.zip
🧹 Removed local temporary backup file
✅ Backup process completed!
⏳ Creating backup...
✅ Local backup created: /home/lmnet/server/server/backups/backup-1758686402648.zip
✅ Backup uploaded: backup-1758686402648.zip
🗑️ Deleted oldest Google Drive backup: backup-1758592803306.zip
🧹 Removed local temporary backup file
✅ Backup process completed!
⏳ Creating backup...
✅ Local backup created: /home/lmnet/server/server/backups/backup-1758693604230.zip
✅ Backup uploaded: backup-1758693604230.zip
🗑️ Deleted oldest Google Drive backup: backup-1758600003127.zip
🧹 Removed local temporary backup file
✅ Backup process completed!
⏳ Creating backup...
✅ Local backup created: /home/lmnet/server/server/backups/backup-1758700803681.zip
✅ Backup uploaded: backup-1758700803681.zip
🗑️ Deleted oldest Google Drive backup: backup-1758607203274.zip
🧹 Removed local temporary backup file
✅ Backup process completed!
⏳ Creating backup...
✅ Local backup created: /home/lmnet/server/server/backups/backup-1758708003517.zip
✅ Backup uploaded: backup-1758708003517.zip
🗑️ Deleted oldest Google Drive backup: backup-1758614403011.zip
🧹 Removed local temporary backup file
✅ Backup process completed!
⏳ Creating backup...
✅ Local backup created: /home/lmnet/server/server/backups/backup-1758715202738.zip
✅ Backup uploaded: backup-1758715202738.zip
🗑️ Deleted oldest Google Drive backup: backup-1758621603331.zip
🧹 Removed local temporary backup file
✅ Backup process completed!
⏳ Creating backup...
✅ Local backup created: /home/lmnet/server/server/backups/backup-1758722403899.zip
✅ Backup uploaded: backup-1758722403899.zip
🗑️ Deleted oldest Google Drive backup: backup-1758628803687.zip
🧹 Removed local temporary backup file
✅ Backup process completed!
⏳ Creating backup...
✅ Local backup created: /home/lmnet/server/server/backups/backup-1758729602961.zip
✅ Backup uploaded: backup-1758729602961.zip
🗑️ Deleted oldest Google Drive backup: backup-1758643203884.zip
🧹 Removed local temporary backup file
✅ Backup process completed!
⏳ Creating backup...
✅ Local backup created: /home/lmnet/server/server/backups/backup-1758736802842.zip
✅ Backup uploaded: backup-1758736802842.zip
🗑️ Deleted oldest Google Drive backup: backup-1758650403111.zip
🧹 Removed local temporary backup file
✅ Backup process completed!
⏳ Creating backup...
✅ Local backup created: /home/lmnet/server/server/backups/backup-1758744003375.zip
✅ Backup uploaded: backup-1758744003375.zip
🗑️ Deleted oldest Google Drive backup: backup-1758657602507.zip
🧹 Removed local temporary backup file
✅ Backup process completed!
⏳ Creating backup...
✅ Local backup created: /home/lmnet/server/server/backups/backup-1758751203195.zip
✅ Backup uploaded: backup-1758751203195.zip
🗑️ Deleted oldest Google Drive backup: backup-1758664803644.zip
🧹 Removed local temporary backup file
✅ Backup process completed!
⏳ Creating backup...
✅ Local backup created: /home/lmnet/server/server/backups/backup-1758758403690.zip
✅ Backup uploaded: backup-1758758403690.zip
🗑️ Deleted oldest Google Drive backup: backup-1758672003490.zip
🧹 Removed local temporary backup file
✅ Backup process completed!
⏳ Creating backup...
✅ Local backup created: /home/lmnet/server/server/backups/backup-1758765602704.zip
✅ Backup uploaded: backup-1758765602704.zip
🗑️ Deleted oldest Google Drive backup: backup-1758679203834.zip
🧹 Removed local temporary backup file
✅ Backup process completed!
⏳ Creating backup...
✅ Local backup created: /home/lmnet/server/server/backups/backup-1758772802578.zip
✅ Backup uploaded: backup-1758772802578.zip
🗑️ Deleted oldest Google Drive backup: backup-1758686402648.zip
🧹 Removed local temporary backup file
✅ Backup process completed!
⏳ Creating backup...
✅ Local backup created: /home/lmnet/server/server/backups/backup-1758780002766.zip
✅ Backup uploaded: backup-1758780002766.zip
🗑️ Deleted oldest Google Drive backup: backup-1758693604230.zip
🧹 Removed local temporary backup file
✅ Backup process completed!
⏳ Creating backup...
✅ Local backup created: /home/lmnet/server/server/backups/backup-1758787202592.zip
✅ Backup uploaded: backup-1758787202592.zip
🗑️ Deleted oldest Google Drive backup: backup-1758700803681.zip
🧹 Removed local temporary backup file
✅ Backup process completed!
⏳ Creating backup...
✅ Local backup created: /home/lmnet/server/server/backups/backup-1758794402586.zip
✅ Backup uploaded: backup-1758794402586.zip
🗑️ Deleted oldest Google Drive backup: backup-1758708003517.zip
🧹 Removed local temporary backup file
✅ Backup process completed!
⏳ Creating backup...
✅ Local backup created: /home/lmnet/server/server/backups/backup-1758801603716.zip
✅ Backup uploaded: backup-1758801603716.zip
🗑️ Deleted oldest Google Drive backup: backup-1758715202738.zip
🧹 Removed local temporary backup file
✅ Backup process completed!
⏳ Creating backup...
✅ Local backup created: /home/lmnet/server/server/backups/backup-1758808803369.zip
✅ Backup uploaded: backup-1758808803369.zip
🗑️ Deleted oldest Google Drive backup: backup-1758722403899.zip
🧹 Removed local temporary backup file
✅ Backup process completed!
⏳ Creating backup...
✅ Local backup created: /home/lmnet/server/server/backups/backup-1758816003129.zip
✅ Backup uploaded: backup-1758816003129.zip
🗑️ Deleted oldest Google Drive backup: backup-1758729602961.zip
🧹 Removed local temporary backup file
✅ Backup process completed!
⏳ Creating backup...
✅ Local backup created: /home/lmnet/server/server/backups/backup-1758823202812.zip
✅ Backup uploaded: backup-1758823202812.zip
🗑️ Deleted oldest Google Drive backup: backup-1758736802842.zip
🧹 Removed local temporary backup file
✅ Backup process completed!
⏳ Creating backup...
✅ Local backup created: /home/lmnet/server/server/backups/backup-1758830402564.zip
✅ Backup uploaded: backup-1758830402564.zip
🗑️ Deleted oldest Google Drive backup: backup-1758744003375.zip
🧹 Removed local temporary backup file
✅ Backup process completed!
⏳ Creating backup...
✅ Local backup created: /home/lmnet/server/server/backups/backup-1758837603239.zip
✅ Backup uploaded: backup-1758837603239.zip
🗑️ Deleted oldest Google Drive backup: backup-1758751203195.zip
🧹 Removed local temporary backup file
✅ Backup process completed!
⏳ Creating backup...
✅ Local backup created: /home/lmnet/server/server/backups/backup-1758844803102.zip
✅ Backup uploaded: backup-1758844803102.zip
🗑️ Deleted oldest Google Drive backup: backup-1758758403690.zip
🧹 Removed local temporary backup file
✅ Backup process completed!
⏳ Creating backup...
✅ Local backup created: /home/lmnet/server/server/backups/backup-1758852002427.zip
✅ Backup uploaded: backup-1758852002427.zip
🗑️ Deleted oldest Google Drive backup: backup-1758765602704.zip
🧹 Removed local temporary backup file
✅ Backup process completed!
⏳ Creating backup...
✅ Local backup created: /home/lmnet/server/server/backups/backup-1758859203235.zip
✅ Backup uploaded: backup-1758859203235.zip
🗑️ Deleted oldest Google Drive backup: backup-1758772802578.zip
🧹 Removed local temporary backup file
✅ Backup process completed!
⏳ Creating backup...
✅ Local backup created: /home/lmnet/server/server/backups/backup-1758866402766.zip
✅ Backup uploaded: backup-1758866402766.zip
🗑️ Deleted oldest Google Drive backup: backup-1758780002766.zip
🧹 Removed local temporary backup file
✅ Backup process completed!
⏳ Creating backup...
✅ Local backup created: /home/lmnet/server/server/backups/backup-1758873602871.zip
✅ Backup uploaded: backup-1758873602871.zip
🗑️ Deleted oldest Google Drive backup: backup-1758787202592.zip
🧹 Removed local temporary backup file
✅ Backup process completed!
⏳ Creating backup...
✅ Local backup created: /home/lmnet/server/server/backups/backup-1758880803148.zip
✅ Backup uploaded: backup-1758880803148.zip
🗑️ Deleted oldest Google Drive backup: backup-1758794402586.zip
🧹 Removed local temporary backup file
✅ Backup process completed!
⏳ Creating backup...
✅ Local backup created: /home/lmnet/server/server/backups/backup-1758888002676.zip
✅ Backup uploaded: backup-1758888002676.zip
🗑️ Deleted oldest Google Drive backup: backup-1758801603716.zip
🧹 Removed local temporary backup file
✅ Backup process completed!
⏳ Creating backup...
✅ Local backup created: /home/lmnet/server/server/backups/backup-1758895202727.zip
✅ Backup uploaded: backup-1758895202727.zip
🗑️ Deleted oldest Google Drive backup: backup-1758808803369.zip
🧹 Removed local temporary backup file
✅ Backup process completed!
⏳ Creating backup...
✅ Local backup created: /home/lmnet/server/server/backups/backup-1758902403424.zip
✅ Backup uploaded: backup-1758902403424.zip
🗑️ Deleted oldest Google Drive backup: backup-1758816003129.zip
🧹 Removed local temporary backup file
✅ Backup process completed!
⏳ Creating backup...
✅ Local backup created: /home/lmnet/server/server/backups/backup-1758909603021.zip
✅ Backup uploaded: backup-1758909603021.zip
🗑️ Deleted oldest Google Drive backup: backup-1758823202812.zip
🧹 Removed local temporary backup file
✅ Backup process completed!
⏳ Creating backup...
✅ Local backup created: /home/lmnet/server/server/backups/backup-1758916802628.zip
✅ Backup uploaded: backup-1758916802628.zip
🗑️ Deleted oldest Google Drive backup: backup-1758830402564.zip
🧹 Removed local temporary backup file
✅ Backup process completed!
⏳ Creating backup...
✅ Local backup created: /home/lmnet/server/server/backups/backup-1758924002406.zip
✅ Backup uploaded: backup-1758924002406.zip
🗑️ Deleted oldest Google Drive backup: backup-1758837603239.zip
🧹 Removed local temporary backup file
✅ Backup process completed!
⏳ Creating backup...
✅ Local backup created: /home/lmnet/server/server/backups/backup-1758931202954.zip
✅ Backup uploaded: backup-1758931202954.zip
🗑️ Deleted oldest Google Drive backup: backup-1758844803102.zip
🧹 Removed local temporary backup file
✅ Backup process completed!
⏳ Creating backup...
✅ Local backup created: /home/lmnet/server/server/backups/backup-1758938402887.zip
✅ Backup uploaded: backup-1758938402887.zip
🗑️ Deleted oldest Google Drive backup: backup-1758852002427.zip
🧹 Removed local temporary backup file
✅ Backup process completed!
⏳ Creating backup...
✅ Local backup created: /home/lmnet/server/server/backups/backup-1758945602710.zip
✅ Backup uploaded: backup-1758945602710.zip
🗑️ Deleted oldest Google Drive backup: backup-1758859203235.zip
🧹 Removed local temporary backup file
✅ Backup process completed!
⏳ Creating backup...
✅ Local backup created: /home/lmnet/server/server/backups/backup-1758952803191.zip
✅ Backup uploaded: backup-1758952803191.zip
🗑️ Deleted oldest Google Drive backup: backup-1758866402766.zip
🧹 Removed local temporary backup file
✅ Backup process completed!
⏳ Creating backup...
✅ Local backup created: /home/lmnet/server/server/backups/backup-1758960002936.zip
✅ Backup uploaded: backup-1758960002936.zip
🗑️ Deleted oldest Google Drive backup: backup-1758873602871.zip
🧹 Removed local temporary backup file
✅ Backup process completed!
⏳ Creating backup...
✅ Local backup created: /home/lmnet/server/server/backups/backup-1758967202695.zip
✅ Backup uploaded: backup-1758967202695.zip
🗑️ Deleted oldest Google Drive backup: backup-1758880803148.zip
🧹 Removed local temporary backup file
✅ Backup process completed!
⏳ Creating backup...
✅ Local backup created: /home/lmnet/server/server/backups/backup-1758974403360.zip
✅ Backup uploaded: backup-1758974403360.zip
🗑️ Deleted oldest Google Drive backup: backup-1758888002676.zip
🧹 Removed local temporary backup file
✅ Backup process completed!
⏳ Creating backup...
✅ Local backup created: /home/lmnet/server/server/backups/backup-1758981602682.zip
✅ Backup uploaded: backup-1758981602682.zip
🗑️ Deleted oldest Google Drive backup: backup-1758895202727.zip
🧹 Removed local temporary backup file
✅ Backup process completed!
⏳ Creating backup...
✅ Local backup created: /home/lmnet/server/server/backups/backup-1758988802516.zip
✅ Backup uploaded: backup-1758988802516.zip
🗑️ Deleted oldest Google Drive backup: backup-1758902403424.zip
🧹 Removed local temporary backup file
✅ Backup process completed!
⏳ Creating backup...
✅ Local backup created: /home/lmnet/server/server/backups/backup-1758996002901.zip
✅ Backup uploaded: backup-1758996002901.zip
🗑️ Deleted oldest Google Drive backup: backup-1758909603021.zip
🧹 Removed local temporary backup file
✅ Backup process completed!
⏳ Creating backup...
✅ Local backup created: /home/lmnet/server/server/backups/backup-1759003202943.zip
✅ Backup uploaded: backup-1759003202943.zip
🗑️ Deleted oldest Google Drive backup: backup-1758916802628.zip
🧹 Removed local temporary backup file
✅ Backup process completed!
⏳ Creating backup...
✅ Local backup created: /home/lmnet/server/server/backups/backup-1759010402792.zip
✅ Backup uploaded: backup-1759010402792.zip
🗑️ Deleted oldest Google Drive backup: backup-1758924002406.zip
🧹 Removed local temporary backup file
✅ Backup process completed!
⏳ Creating backup...
✅ Local backup created: /home/lmnet/server/server/backups/backup-1759017605200.zip
✅ Backup uploaded: backup-1759017605200.zip
🗑️ Deleted oldest Google Drive backup: backup-1758931202954.zip
🧹 Removed local temporary backup file
✅ Backup process completed!
⏳ Creating backup...
⏳ Creating backup...
⏳ Creating backup...
✅ Local backup created: /home/lmnet/server/server/backups/backup-1759039202518.zip
✅ Backup uploaded: backup-1759039202518.zip
🗑️ Deleted oldest Google Drive backup: backup-1758938402887.zip
🧹 Removed local temporary backup file
✅ Backup process completed!
⏳ Creating backup...
✅ Local backup created: /home/lmnet/server/server/backups/backup-1759046402806.zip
✅ Backup uploaded: backup-1759046402806.zip
🗑️ Deleted oldest Google Drive backup: backup-1758945602710.zip
🧹 Removed local temporary backup file
✅ Backup process completed!
⏳ Creating backup...
✅ Local backup created: /home/lmnet/server/server/backups/backup-1759053605552.zip
✅ Backup uploaded: backup-1759053605552.zip
🗑️ Deleted oldest Google Drive backup: backup-1758952803191.zip
🧹 Removed local temporary backup file
✅ Backup process completed!
⏳ Creating backup...
✅ Local backup created: /home/lmnet/server/server/backups/backup-1759060803796.zip
✅ Backup uploaded: backup-1759060803796.zip
🗑️ Deleted oldest Google Drive backup: backup-1758960002936.zip
🧹 Removed local temporary backup file
✅ Backup process completed!
⏳ Creating backup...
✅ Local backup created: /home/lmnet/server/server/backups/backup-1759068002562.zip
✅ Backup uploaded: backup-1759068002562.zip
🗑️ Deleted oldest Google Drive backup: backup-1758967202695.zip
🧹 Removed local temporary backup file
✅ Backup process completed!
⏳ Creating backup...
✅ Local backup created: /home/lmnet/server/server/backups/backup-1759075204926.zip
✅ Backup uploaded: backup-1759075204926.zip
🗑️ Deleted oldest Google Drive backup: backup-1758974403360.zip
🧹 Removed local temporary backup file
✅ Backup process completed!
⏳ Creating backup...
✅ Local backup created: /home/lmnet/server/server/backups/backup-1759082402375.zip
✅ Backup uploaded: backup-1759082402375.zip
🗑️ Deleted oldest Google Drive backup: backup-1758981602682.zip
🧹 Removed local temporary backup file
✅ Backup process completed!
⏳ Creating backup...
✅ Local backup created: /home/lmnet/server/server/backups/backup-1759089602499.zip
✅ Backup uploaded: backup-1759089602499.zip
🗑️ Deleted oldest Google Drive backup: backup-1758988802516.zip
🧹 Removed local temporary backup file
✅ Backup process completed!
⏳ Creating backup...
✅ Local backup created: /home/lmnet/server/server/backups/backup-1759096802827.zip
✅ Backup uploaded: backup-1759096802827.zip
🗑️ Deleted oldest Google Drive backup: backup-1758996002901.zip
🧹 Removed local temporary backup file
✅ Backup process completed!
⏳ Creating backup...
✅ Local backup created: /home/lmnet/server/server/backups/backup-1759104003096.zip
✅ Backup uploaded: backup-1759104003096.zip
🗑️ Deleted oldest Google Drive backup: backup-1759003202943.zip
🧹 Removed local temporary backup file
✅ Backup process completed!
⏳ Creating backup...
✅ Local backup created: /home/lmnet/server/server/backups/backup-1759111203070.zip
✅ Backup uploaded: backup-1759111203070.zip
🗑️ Deleted oldest Google Drive backup: backup-1759010402792.zip
🧹 Removed local temporary backup file
✅ Backup process completed!
⏳ Creating backup...
✅ Local backup created: /home/lmnet/server/server/backups/backup-1759118402871.zip
✅ Backup uploaded: backup-1759118402871.zip
🗑️ Deleted oldest Google Drive backup: backup-1759017605200.zip
🧹 Removed local temporary backup file
✅ Backup process completed!
⏳ Creating backup...
✅ Local backup created: /home/lmnet/server/server/backups/backup-1759125602784.zip
✅ Backup uploaded: backup-1759125602784.zip
🗑️ Deleted oldest Google Drive backup: backup-1759039202518.zip
🧹 Removed local temporary backup file
✅ Backup process completed!
⏳ Creating backup...
✅ Local backup created: /home/lmnet/server/server/backups/backup-1759132803308.zip
✅ Backup uploaded: backup-1759132803308.zip
🗑️ Deleted oldest Google Drive backup: backup-1759046402806.zip
🧹 Removed local temporary backup file
✅ Backup process completed!
⏳ Creating backup...
✅ Local backup created: /home/lmnet/server/server/backups/backup-1759140002964.zip
✅ Backup uploaded: backup-1759140002964.zip
🗑️ Deleted oldest Google Drive backup: backup-1759053605552.zip
🧹 Removed local temporary backup file
✅ Backup process completed!
⏳ Creating backup...
✅ Local backup created: /home/lmnet/server/server/backups/backup-1759147203296.zip
✅ Backup uploaded: backup-1759147203296.zip
🗑️ Deleted oldest Google Drive backup: backup-1759060803796.zip
🧹 Removed local temporary backup file
✅ Backup process completed!
⏳ Creating backup...
✅ Local backup created: /home/lmnet/server/server/backups/backup-1759154403018.zip
✅ Backup uploaded: backup-1759154403018.zip
🗑️ Deleted oldest Google Drive backup: backup-1759068002562.zip
🧹 Removed local temporary backup file
✅ Backup process completed!
⏳ Creating backup...
✅ Local backup created: /home/lmnet/server/server/backups/backup-1759161603180.zip
✅ Backup uploaded: backup-1759161603180.zip
🗑️ Deleted oldest Google Drive backup: backup-1759075204926.zip
🧹 Removed local temporary backup file
✅ Backup process completed!
⏳ Creating backup...
✅ Local backup created: /home/lmnet/server/server/backups/backup-1759168803255.zip
✅ Backup uploaded: backup-1759168803255.zip
🗑️ Deleted oldest Google Drive backup: backup-1759082402375.zip
🧹 Removed local temporary backup file
✅ Backup process completed!
⏳ Creating backup...
✅ Local backup created: /home/lmnet/server/server/backups/backup-1759176002581.zip
✅ Backup uploaded: backup-1759176002581.zip
🗑️ Deleted oldest Google Drive backup: backup-1759089602499.zip
🧹 Removed local temporary backup file
✅ Backup process completed!
⏳ Creating backup...
✅ Local backup created: /home/lmnet/server/server/backups/backup-1759183203063.zip
✅ Backup uploaded: backup-1759183203063.zip
🗑️ Deleted oldest Google Drive backup: backup-1759096802827.zip
🧹 Removed local temporary backup file
✅ Backup process completed!
⏳ Creating backup...
✅ Local backup created: /home/lmnet/server/server/backups/backup-1759190405101.zip
✅ Backup uploaded: backup-1759190405101.zip
🗑️ Deleted oldest Google Drive backup: backup-1759104003096.zip
🧹 Removed local temporary backup file
✅ Backup process completed!
⏳ Creating backup...
✅ Local backup created: /home/lmnet/server/server/backups/backup-1759197603552.zip
✅ Backup uploaded: backup-1759197603552.zip
🗑️ Deleted oldest Google Drive backup: backup-1759111203070.zip
🧹 Removed local temporary backup file
✅ Backup process completed!
⏳ Creating backup...
✅ Local backup created: /home/lmnet/server/server/backups/backup-1759204803017.zip
✅ Backup uploaded: backup-1759204803017.zip
🗑️ Deleted oldest Google Drive backup: backup-1759118402871.zip
🧹 Removed local temporary backup file
✅ Backup process completed!
⏳ Creating backup...
✅ Local backup created: /home/lmnet/server/server/backups/backup-1759212002921.zip
✅ Backup uploaded: backup-1759212002921.zip
🗑️ Deleted oldest Google Drive backup: backup-1759125602784.zip
🧹 Removed local temporary backup file
✅ Backup process completed!
⏳ Creating backup...
✅ Local backup created: /home/lmnet/server/server/backups/backup-1759219202824.zip
✅ Backup uploaded: backup-1759219202824.zip
🗑️ Deleted oldest Google Drive backup: backup-1759132803308.zip
🧹 Removed local temporary backup file
✅ Backup process completed!
⏳ Creating backup...
✅ Local backup created: /home/lmnet/server/server/backups/backup-1759226402562.zip
✅ Backup uploaded: backup-1759226402562.zip
🗑️ Deleted oldest Google Drive backup: backup-1759140002964.zip
🧹 Removed local temporary backup file
✅ Backup process completed!
⏳ Creating backup...
✅ Local backup created: /home/lmnet/server/server/backups/backup-1759233602353.zip
✅ Backup uploaded: backup-1759233602353.zip
🗑️ Deleted oldest Google Drive backup: backup-1759147203296.zip
🧹 Removed local temporary backup file
✅ Backup process completed!
⏳ Creating backup...
✅ Local backup created: /home/lmnet/server/server/backups/backup-1759240802719.zip
✅ Backup uploaded: backup-1759240802719.zip
🗑️ Deleted oldest Google Drive backup: backup-1759154403018.zip
🧹 Removed local temporary backup file
✅ Backup process completed!
⏳ Creating backup...
✅ Local backup created: /home/lmnet/server/server/backups/backup-1759248002792.zip
✅ Backup uploaded: backup-1759248002792.zip
🗑️ Deleted oldest Google Drive backup: backup-1759161603180.zip
🧹 Removed local temporary backup file
✅ Backup process completed!
⏳ Creating backup...
✅ Local backup created: /home/lmnet/server/server/backups/backup-1759255202750.zip
✅ Backup uploaded: backup-1759255202750.zip
🗑️ Deleted oldest Google Drive backup: backup-1759168803255.zip
🧹 Removed local temporary backup file
✅ Backup process completed!
⏳ Creating backup...
✅ Local backup created: /home/lmnet/server/server/backups/backup-1759262403341.zip
✅ Backup uploaded: backup-1759262403341.zip
🗑️ Deleted oldest Google Drive backup: backup-1759176002581.zip
🧹 Removed local temporary backup file
✅ Backup process completed!
⏳ Creating backup...
✅ Local backup created: /home/lmnet/server/server/backups/backup-1759269602802.zip
✅ Backup uploaded: backup-1759269602802.zip
🗑️ Deleted oldest Google Drive backup: backup-1759183203063.zip
🧹 Removed local temporary backup file
✅ Backup process completed!
⏳ Creating backup...
✅ Local backup created: /home/lmnet/server/server/backups/backup-1759276802905.zip
✅ Backup uploaded: backup-1759276802905.zip
🗑️ Deleted oldest Google Drive backup: backup-1759190405101.zip
🧹 Removed local temporary backup file
✅ Backup process completed!
⏳ Creating backup...
✅ Local backup created: /home/lmnet/server/server/backups/backup-1759284002786.zip
✅ Backup uploaded: backup-1759284002786.zip
🗑️ Deleted oldest Google Drive backup: backup-1759197603552.zip
🧹 Removed local temporary backup file
✅ Backup process completed!
⏳ Creating backup...
✅ Local backup created: /home/lmnet/server/server/backups/backup-1759291202877.zip
✅ Backup uploaded: backup-1759291202877.zip
🗑️ Deleted oldest Google Drive backup: backup-1759204803017.zip
🧹 Removed local temporary backup file
✅ Backup process completed!
⏳ Creating backup...
✅ Local backup created: /home/lmnet/server/server/backups/backup-1759298402564.zip
✅ Backup uploaded: backup-1759298402564.zip
🗑️ Deleted oldest Google Drive backup: backup-1759212002921.zip
🧹 Removed local temporary backup file
✅ Backup process completed!
⏳ Creating backup...
✅ Local backup created: /home/lmnet/server/server/backups/backup-1759305603438.zip
✅ Backup uploaded: backup-1759305603438.zip
🗑️ Deleted oldest Google Drive backup: backup-1759219202824.zip
🧹 Removed local temporary backup file
✅ Backup process completed!
⏳ Creating backup...
✅ Local backup created: /home/lmnet/server/server/backups/backup-1759312803288.zip
✅ Backup uploaded: backup-1759312803288.zip
🗑️ Deleted oldest Google Drive backup: backup-1759226402562.zip
🧹 Removed local temporary backup file
✅ Backup process completed!
⏳ Creating backup...
✅ Local backup created: /home/lmnet/server/server/backups/backup-1759320002513.zip
✅ Backup uploaded: backup-1759320002513.zip
🗑️ Deleted oldest Google Drive backup: backup-1759233602353.zip
🧹 Removed local temporary backup file
✅ Backup process completed!
⏳ Creating backup...
✅ Local backup created: /home/lmnet/server/server/backups/backup-1759327202605.zip
✅ Backup uploaded: backup-1759327202605.zip
🗑️ Deleted oldest Google Drive backup: backup-1759240802719.zip
🧹 Removed local temporary backup file
✅ Backup process completed!
⏳ Creating backup...
✅ Local backup created: /home/lmnet/server/server/backups/backup-1759334403039.zip
✅ Backup uploaded: backup-1759334403039.zip
🗑️ Deleted oldest Google Drive backup: backup-1759248002792.zip
🧹 Removed local temporary backup file
✅ Backup process completed!
⏳ Creating backup...
✅ Local backup created: /home/lmnet/server/server/backups/backup-1759341602819.zip
✅ Backup uploaded: backup-1759341602819.zip
🗑️ Deleted oldest Google Drive backup: backup-1759255202750.zip
🧹 Removed local temporary backup file
✅ Backup process completed!
⏳ Creating backup...
✅ Local backup created: /home/lmnet/server/server/backups/backup-1759348803185.zip
✅ Backup uploaded: backup-1759348803185.zip
🗑️ Deleted oldest Google Drive backup: backup-1759262403341.zip
🧹 Removed local temporary backup file
✅ Backup process completed!
⏳ Creating backup...
✅ Local backup created: /home/lmnet/server/server/backups/backup-1759356002596.zip
✅ Backup uploaded: backup-1759356002596.zip
🗑️ Deleted oldest Google Drive backup: backup-1759269602802.zip
🧹 Removed local temporary backup file
✅ Backup process completed!
⏳ Creating backup...
✅ Local backup created: /home/lmnet/server/server/backups/backup-1759363203305.zip
✅ Backup uploaded: backup-1759363203305.zip
🗑️ Deleted oldest Google Drive backup: backup-1759276802905.zip
🧹 Removed local temporary backup file
✅ Backup process completed!
⏳ Creating backup...
✅ Local backup created: /home/lmnet/server/server/backups/backup-1759370403082.zip
✅ Backup uploaded: backup-1759370403082.zip
🗑️ Deleted oldest Google Drive backup: backup-1759284002786.zip
🧹 Removed local temporary backup file
✅ Backup process completed!
⏳ Creating backup...
✅ Local backup created: /home/lmnet/server/server/backups/backup-1759377602741.zip
✅ Backup uploaded: backup-1759377602741.zip
🗑️ Deleted oldest Google Drive backup: backup-1759291202877.zip
🧹 Removed local temporary backup file
✅ Backup process completed!
⏳ Creating backup...
✅ Local backup created: /home/lmnet/server/server/backups/backup-1759384803370.zip
✅ Backup uploaded: backup-1759384803370.zip
🗑️ Deleted oldest Google Drive backup: backup-1759298402564.zip
🧹 Removed local temporary backup file
✅ Backup process completed!
⏳ Creating backup...
✅ Local backup created: /home/lmnet/server/server/backups/backup-1759392003103.zip
✅ Backup uploaded: backup-1759392003103.zip
🗑️ Deleted oldest Google Drive backup: backup-1759305603438.zip
🧹 Removed local temporary backup file
✅ Backup process completed!
⏳ Creating backup...
✅ Local backup created: /home/lmnet/server/server/backups/backup-1759399202843.zip
✅ Backup uploaded: backup-1759399202843.zip
🗑️ Deleted oldest Google Drive backup: backup-1759312803288.zip
🧹 Removed local temporary backup file
✅ Backup process completed!
⏳ Creating backup...
✅ Local backup created: /home/lmnet/server/server/backups/backup-1759406402790.zip
✅ Backup uploaded: backup-1759406402790.zip
🗑️ Deleted oldest Google Drive backup: backup-1759320002513.zip
🧹 Removed local temporary backup file
✅ Backup process completed!
⏳ Creating backup...
✅ Local backup created: /home/lmnet/server/server/backups/backup-1759413602438.zip
✅ Backup uploaded: backup-1759413602438.zip
🗑️ Deleted oldest Google Drive backup: backup-1759327202605.zip
🧹 Removed local temporary backup file
✅ Backup process completed!
⏳ Creating backup...
✅ Local backup created: /home/lmnet/server/server/backups/backup-1759420803251.zip
✅ Backup uploaded: backup-1759420803251.zip
🗑️ Deleted oldest Google Drive backup: backup-1759334403039.zip
🧹 Removed local temporary backup file
✅ Backup process completed!
⏳ Creating backup...
✅ Local backup created: /home/lmnet/server/server/backups/backup-1759428002926.zip
✅ Backup uploaded: backup-1759428002926.zip
🗑️ Deleted oldest Google Drive backup: backup-1759341602819.zip
🧹 Removed local temporary backup file
✅ Backup process completed!
⏳ Creating backup...
✅ Local backup created: /home/lmnet/server/server/backups/backup-1759435202387.zip
✅ Backup uploaded: backup-1759435202387.zip
🗑️ Deleted oldest Google Drive backup: backup-1759348803185.zip
🧹 Removed local temporary backup file
✅ Backup process completed!
⏳ Creating backup...
✅ Local backup created: /home/lmnet/server/server/backups/backup-1759442403194.zip
✅ Backup uploaded: backup-1759442403194.zip
🗑️ Deleted oldest Google Drive backup: backup-1759356002596.zip
🧹 Removed local temporary backup file
✅ Backup process completed!
⏳ Creating backup...
✅ Local backup created: /home/lmnet/server/server/backups/backup-1759449602825.zip
✅ Backup uploaded: backup-1759449602825.zip
🗑️ Deleted oldest Google Drive backup: backup-1759363203305.zip
🧹 Removed local temporary backup file
✅ Backup process completed!
⏳ Creating backup...
✅ Local backup created: /home/lmnet/server/server/backups/backup-1759456802855.zip
✅ Backup uploaded: backup-1759456802855.zip
🗑️ Deleted oldest Google Drive backup: backup-1759370403082.zip
🧹 Removed local temporary backup file
✅ Backup process completed!
⏳ Creating backup...
✅ Local backup created: /home/lmnet/server/server/backups/backup-1759464002521.zip
✅ Backup uploaded: backup-1759464002521.zip
🗑️ Deleted oldest Google Drive backup: backup-1759377602741.zip
🧹 Removed local temporary backup file
✅ Backup process completed!
⏳ Creating backup...
✅ Local backup created: /home/lmnet/server/server/backups/backup-1759471202665.zip
✅ Backup uploaded: backup-1759471202665.zip
🗑️ Deleted oldest Google Drive backup: backup-1759384803370.zip
🧹 Removed local temporary backup file
✅ Backup process completed!
⏳ Creating backup...
✅ Local backup created: /home/lmnet/server/server/backups/backup-1759478402461.zip
✅ Backup uploaded: backup-1759478402461.zip
🗑️ Deleted oldest Google Drive backup: backup-1759392003103.zip
🧹 Removed local temporary backup file
✅ Backup process completed!
⏳ Creating backup...
✅ Local backup created: /home/lmnet/server/server/backups/backup-1759485603295.zip
✅ Backup uploaded: backup-1759485603295.zip
🗑️ Deleted oldest Google Drive backup: backup-1759399202843.zip
🧹 Removed local temporary backup file
✅ Backup process completed!
⏳ Creating backup...
✅ Local backup created: /home/lmnet/server/server/backups/backup-1759492803299.zip
✅ Backup uploaded: backup-1759492803299.zip
🗑️ Deleted oldest Google Drive backup: backup-1759406402790.zip
🧹 Removed local temporary backup file
✅ Backup process completed!
⏳ Creating backup...
✅ Local backup created: /home/lmnet/server/server/backups/backup-1759500003196.zip
✅ Backup uploaded: backup-1759500003196.zip
🗑️ Deleted oldest Google Drive backup: backup-1759413602438.zip
🧹 Removed local temporary backup file
✅ Backup process completed!
⏳ Creating backup...
✅ Local backup created: /home/lmnet/server/server/backups/backup-1759507202693.zip
✅ Backup uploaded: backup-1759507202693.zip
🗑️ Deleted oldest Google Drive backup: backup-1759420803251.zip
🧹 Removed local temporary backup file
✅ Backup process completed!
⏳ Creating backup...
✅ Local backup created: /home/lmnet/server/server/backups/backup-1759514403200.zip
✅ Backup uploaded: backup-1759514403200.zip
🗑️ Deleted oldest Google Drive backup: backup-1759428002926.zip
🧹 Removed local temporary backup file
✅ Backup process completed!
⏳ Creating backup...
✅ Local backup created: /home/lmnet/server/server/backups/backup-1759521602439.zip
✅ Backup uploaded: backup-1759521602439.zip
🗑️ Deleted oldest Google Drive backup: backup-1759435202387.zip
🧹 Removed local temporary backup file
✅ Backup process completed!
⏳ Creating backup...
✅ Local backup created: /home/lmnet/server/server/backups/backup-1759528803040.zip
✅ Backup uploaded: backup-1759528803040.zip
🗑️ Deleted oldest Google Drive backup: backup-1759442403194.zip
🧹 Removed local temporary backup file
✅ Backup process completed!
⏳ Creating backup...
✅ Local backup created: /home/lmnet/server/server/backups/backup-1759536002922.zip
✅ Backup uploaded: backup-1759536002922.zip
🗑️ Deleted oldest Google Drive backup: backup-1759449602825.zip
🧹 Removed local temporary backup file
✅ Backup process completed!
⏳ Creating backup...
✅ Local backup created: /home/lmnet/server/server/backups/backup-1759543203226.zip
✅ Backup uploaded: backup-1759543203226.zip
🗑️ Deleted oldest Google Drive backup: backup-1759456802855.zip
🧹 Removed local temporary backup file
✅ Backup process completed!
⏳ Creating backup...
✅ Local backup created: /home/lmnet/server/server/backups/backup-1759550402863.zip
✅ Backup uploaded: backup-1759550402863.zip
🗑️ Deleted oldest Google Drive backup: backup-1759464002521.zip
🧹 Removed local temporary backup file
✅ Backup process completed!
⏳ Creating backup...
✅ Local backup created: /home/lmnet/server/server/backups/backup-1759557602470.zip
✅ Backup uploaded: backup-1759557602470.zip
🗑️ Deleted oldest Google Drive backup: backup-1759471202665.zip
🧹 Removed local temporary backup file
✅ Backup process completed!
⏳ Creating backup...
✅ Local backup created: /home/lmnet/server/server/backups/backup-1759564802663.zip
✅ Backup uploaded: backup-1759564802663.zip
🗑️ Deleted oldest Google Drive backup: backup-1759478402461.zip
🧹 Removed local temporary backup file
✅ Backup process completed!
⏳ Creating backup...
✅ Local backup created: /home/lmnet/server/server/backups/backup-1759572002799.zip
✅ Backup uploaded: backup-1759572002799.zip
🗑️ Deleted oldest Google Drive backup: backup-1759485603295.zip
🧹 Removed local temporary backup file
✅ Backup process completed!
⏳ Creating backup...
✅ Local backup created: /home/lmnet/server/server/backups/backup-1759579202810.zip
✅ Backup uploaded: backup-1759579202810.zip
🗑️ Deleted oldest Google Drive backup: backup-1759492803299.zip
🧹 Removed local temporary backup file
✅ Backup process completed!
⏳ Creating backup...
✅ Local backup created: /home/lmnet/server/server/backups/backup-1759586403002.zip
✅ Backup uploaded: backup-1759586403002.zip
🗑️ Deleted oldest Google Drive backup: backup-1759500003196.zip
🧹 Removed local temporary backup file
✅ Backup process completed!
⏳ Creating backup...
✅ Local backup created: /home/lmnet/server/server/backups/backup-1759593602337.zip
✅ Backup uploaded: backup-1759593602337.zip
🗑️ Deleted oldest Google Drive backup: backup-1759507202693.zip
🧹 Removed local temporary backup file
✅ Backup process completed!
⏳ Creating backup...
✅ Local backup created: /home/lmnet/server/server/backups/backup-1759600802491.zip
✅ Backup uploaded: backup-1759600802491.zip
🗑️ Deleted oldest Google Drive backup: backup-1759514403200.zip
🧹 Removed local temporary backup file
✅ Backup process completed!
⏳ Creating backup...
✅ Local backup created: /home/lmnet/server/server/backups/backup-1759608002764.zip
✅ Backup uploaded: backup-1759608002764.zip
🗑️ Deleted oldest Google Drive backup: backup-1759521602439.zip
🧹 Removed local temporary backup file
✅ Backup process completed!
⏳ Creating backup...
✅ Local backup created: /home/lmnet/server/server/backups/backup-1759615202461.zip
✅ Backup uploaded: backup-1759615202461.zip
🗑️ Deleted oldest Google Drive backup: backup-1759528803040.zip
🧹 Removed local temporary backup file
✅ Backup process completed!
⏳ Creating backup...
✅ Local backup created: /home/lmnet/server/server/backups/backup-1759622402801.zip
✅ Backup uploaded: backup-1759622402801.zip
🗑️ Deleted oldest Google Drive backup: backup-1759536002922.zip
🧹 Removed local temporary backup file
✅ Backup process completed!
⏳ Creating backup...
✅ Local backup created: /home/lmnet/server/server/backups/backup-1759629602234.zip
✅ Backup uploaded: backup-1759629602234.zip
🗑️ Deleted oldest Google Drive backup: backup-1759543203226.zip
🧹 Removed local temporary backup file
✅ Backup process completed!
⏳ Creating backup...
✅ Local backup created: /home/lmnet/server/server/backups/backup-1759636802442.zip
✅ Backup uploaded: backup-1759636802442.zip
🗑️ Deleted oldest Google Drive backup: backup-1759550402863.zip
🧹 Removed local temporary backup file
✅ Backup process completed!
⏳ Creating backup...
✅ Local backup created: /home/lmnet/server/server/backups/backup-1759644002712.zip
✅ Backup uploaded: backup-1759644002712.zip
🗑️ Deleted oldest Google Drive backup: backup-1759557602470.zip
🧹 Removed local temporary backup file
✅ Backup process completed!
⏳ Creating backup...
✅ Local backup created: /home/lmnet/server/server/backups/backup-1759651202579.zip
✅ Backup uploaded: backup-1759651202579.zip
🗑️ Deleted oldest Google Drive backup: backup-1759564802663.zip
🧹 Removed local temporary backup file
✅ Backup process completed!
⏳ Creating backup...
✅ Local backup created: /home/lmnet/server/server/backups/backup-1759658402621.zip
✅ Backup uploaded: backup-1759658402621.zip
🗑️ Deleted oldest Google Drive backup: backup-1759572002799.zip
🧹 Removed local temporary backup file
✅ Backup process completed!
⏳ Creating backup...
✅ Local backup created: /home/lmnet/server/server/backups/backup-1759665602885.zip
✅ Backup uploaded: backup-1759665602885.zip
🗑️ Deleted oldest Google Drive backup: backup-1759579202810.zip
🧹 Removed local temporary backup file
✅ Backup process completed!
⏳ Creating backup...
✅ Local backup created: /home/lmnet/server/server/backups/backup-1759672802782.zip
✅ Backup uploaded: backup-1759672802782.zip
🗑️ Deleted oldest Google Drive backup: backup-1759586403002.zip
🧹 Removed local temporary backup file
✅ Backup process completed!
⏳ Creating backup...
✅ Local backup created: /home/lmnet/server/server/backups/backup-1759680002749.zip
✅ Backup uploaded: backup-1759680002749.zip
🗑️ Deleted oldest Google Drive backup: backup-1759593602337.zip
🧹 Removed local temporary backup file
✅ Backup process completed!
⏳ Creating backup...
✅ Local backup created: /home/lmnet/server/server/backups/backup-1759687202474.zip
✅ Backup uploaded: backup-1759687202474.zip
🗑️ Deleted oldest Google Drive backup: backup-1759600802491.zip
🧹 Removed local temporary backup file
✅ Backup process completed!
⏳ Creating backup...
✅ Local backup created: /home/lmnet/server/server/backups/backup-1759694402765.zip
✅ Backup uploaded: backup-1759694402765.zip
🗑️ Deleted oldest Google Drive backup: backup-1759608002764.zip
🧹 Removed local temporary backup file
✅ Backup process completed!
⏳ Creating backup...
✅ Local backup created: /home/lmnet/server/server/backups/backup-1759701603024.zip
✅ Backup uploaded: backup-1759701603024.zip
🗑️ Deleted oldest Google Drive backup: backup-1759615202461.zip
🧹 Removed local temporary backup file
✅ Backup process completed!
⏳ Creating backup...
✅ Local backup created: /home/lmnet/server/server/backups/backup-1759708803016.zip
✅ Backup uploaded: backup-1759708803016.zip
🗑️ Deleted oldest Google Drive backup: backup-1759622402801.zip
🧹 Removed local temporary backup file
✅ Backup process completed!
⏳ Creating backup...
✅ Local backup created: /home/lmnet/server/server/backups/backup-1759716003003.zip
✅ Backup uploaded: backup-1759716003003.zip
🗑️ Deleted oldest Google Drive backup: backup-1759629602234.zip
🧹 Removed local temporary backup file
✅ Backup process completed!
⏳ Creating backup...
✅ Local backup created: /home/lmnet/server/server/backups/backup-1759723202617.zip
✅ Backup uploaded: backup-1759723202617.zip
🗑️ Deleted oldest Google Drive backup: backup-1759636802442.zip
🧹 Removed local temporary backup file
✅ Backup process completed!
⏳ Creating backup...
✅ Local backup created: /home/lmnet/server/server/backups/backup-1759730402615.zip
✅ Backup uploaded: backup-1759730402615.zip
🗑️ Deleted oldest Google Drive backup: backup-1759644002712.zip
🧹 Removed local temporary backup file
✅ Backup process completed!
⏳ Creating backup...
✅ Local backup created: /home/lmnet/server/server/backups/backup-1759737602319.zip
✅ Backup uploaded: backup-1759737602319.zip
🗑️ Deleted oldest Google Drive backup: backup-1759651202579.zip
🧹 Removed local temporary backup file
✅ Backup process completed!
⏳ Creating backup...
✅ Local backup created: /home/lmnet/server/server/backups/backup-1759744802894.zip
✅ Backup uploaded: backup-1759744802894.zip
🗑️ Deleted oldest Google Drive backup: backup-1759658402621.zip
🧹 Removed local temporary backup file
✅ Backup process completed!
⏳ Creating backup...
✅ Local backup created: /home/lmnet/server/server/backups/backup-1759752002889.zip
✅ Backup uploaded: backup-1759752002889.zip
🗑️ Deleted oldest Google Drive backup: backup-1759665602885.zip
🧹 Removed local temporary backup file
✅ Backup process completed!
⏳ Creating backup...
✅ Local backup created: /home/lmnet/server/server/backups/backup-1759759203118.zip
✅ Backup uploaded: backup-1759759203118.zip
🗑️ Deleted oldest Google Drive backup: backup-1759672802782.zip
🧹 Removed local temporary backup file
✅ Backup process completed!
⏳ Creating backup...
✅ Local backup created: /home/lmnet/server/server/backups/backup-1759766402979.zip
✅ Backup uploaded: backup-1759766402979.zip
🗑️ Deleted oldest Google Drive backup: backup-1759680002749.zip
🧹 Removed local temporary backup file
✅ Backup process completed!
⏳ Creating backup...
✅ Local backup created: /home/lmnet/server/server/backups/backup-1759773602749.zip
✅ Backup uploaded: backup-1759773602749.zip
🗑️ Deleted oldest Google Drive backup: backup-1759687202474.zip
🧹 Removed local temporary backup file
✅ Backup process completed!
⏳ Creating backup...
✅ Local backup created: /home/lmnet/server/server/backups/backup-1759780802532.zip
✅ Backup uploaded: backup-1759780802532.zip
🗑️ Deleted oldest Google Drive backup: backup-1759694402765.zip
🧹 Removed local temporary backup file
✅ Backup process completed!
⏳ Creating backup...
✅ Local backup created: /home/lmnet/server/server/backups/backup-1759788003223.zip
✅ Backup uploaded: backup-1759788003223.zip
🗑️ Deleted oldest Google Drive backup: backup-1759701603024.zip
🧹 Removed local temporary backup file
✅ Backup process completed!
⏳ Creating backup...
✅ Local backup created: /home/lmnet/server/server/backups/backup-1759795203186.zip
✅ Backup uploaded: backup-1759795203186.zip
🗑️ Deleted oldest Google Drive backup: backup-1759708803016.zip
🧹 Removed local temporary backup file
✅ Backup process completed!
⏳ Creating backup...
✅ Local backup created: /home/lmnet/server/server/backups/backup-1759802402670.zip
✅ Backup uploaded: backup-1759802402670.zip
🗑️ Deleted oldest Google Drive backup: backup-1759716003003.zip
🧹 Removed local temporary backup file
✅ Backup process completed!
⏳ Creating backup...
✅ Local backup created: /home/lmnet/server/server/backups/backup-1759809603317.zip
✅ Backup uploaded: backup-1759809603317.zip
🗑️ Deleted oldest Google Drive backup: backup-1759723202617.zip
🧹 Removed local temporary backup file
✅ Backup process completed!
⏳ Creating backup...
✅ Local backup created: /home/lmnet/server/server/backups/backup-1759816803190.zip
✅ Backup uploaded: backup-1759816803190.zip
🗑️ Deleted oldest Google Drive backup: backup-1759730402615.zip
🧹 Removed local temporary backup file
✅ Backup process completed!
⏳ Creating backup...
✅ Local backup created: /home/lmnet/server/server/backups/backup-1759824002627.zip
✅ Backup uploaded: backup-1759824002627.zip
🗑️ Deleted oldest Google Drive backup: backup-1759737602319.zip
🧹 Removed local temporary backup file
✅ Backup process completed!
⏳ Creating backup...
✅ Local backup created: /home/lmnet/server/server/backups/backup-1759831202536.zip
✅ Backup uploaded: backup-1759831202536.zip
🗑️ Deleted oldest Google Drive backup: backup-1759744802894.zip
🧹 Removed local temporary backup file
✅ Backup process completed!
⏳ Creating backup...
✅ Local backup created: /home/lmnet/server/server/backups/backup-1759838403320.zip
✅ Backup uploaded: backup-1759838403320.zip
🗑️ Deleted oldest Google Drive backup: backup-1759752002889.zip
🧹 Removed local temporary backup file
✅ Backup process completed!
⏳ Creating backup...
✅ Local backup created: /home/lmnet/server/server/backups/backup-1759845602417.zip
✅ Backup uploaded: backup-1759845602417.zip
🗑️ Deleted oldest Google Drive backup: backup-1759759203118.zip
🧹 Removed local temporary backup file
✅ Backup process completed!
⏳ Creating backup...
✅ Local backup created: /home/lmnet/server/server/backups/backup-1759852802780.zip
✅ Backup uploaded: backup-1759852802780.zip
🗑️ Deleted oldest Google Drive backup: backup-1759766402979.zip
🧹 Removed local temporary backup file
✅ Backup process completed!
⏳ Creating backup...
✅ Local backup created: /home/lmnet/server/server/backups/backup-1759860002457.zip
✅ Backup uploaded: backup-1759860002457.zip
🗑️ Deleted oldest Google Drive backup: backup-1759773602749.zip
🧹 Removed local temporary backup file
✅ Backup process completed!
⏳ Creating backup...
✅ Local backup created: /home/lmnet/server/server/backups/backup-1759867202904.zip
✅ Backup uploaded: backup-1759867202904.zip
🗑️ Deleted oldest Google Drive backup: backup-1759780802532.zip
🧹 Removed local temporary backup file
✅ Backup process completed!
⏳ Creating backup...
✅ Local backup created: /home/lmnet/server/server/backups/backup-1759874402610.zip
✅ Backup uploaded: backup-1759874402610.zip
🗑️ Deleted oldest Google Drive backup: backup-1759788003223.zip
🧹 Removed local temporary backup file
✅ Backup process completed!
⏳ Creating backup...
✅ Local backup created: /home/lmnet/server/server/backups/backup-1759881603083.zip
✅ Backup uploaded: backup-1759881603083.zip
🗑️ Deleted oldest Google Drive backup: backup-1759795203186.zip
🧹 Removed local temporary backup file
✅ Backup process completed!
⏳ Creating backup...
✅ Local backup created: /home/lmnet/server/server/backups/backup-1759888802814.zip
✅ Backup uploaded: backup-1759888802814.zip
🗑️ Deleted oldest Google Drive backup: backup-1759802402670.zip
🧹 Removed local temporary backup file
✅ Backup process completed!
⏳ Creating backup...
✅ Local backup created: /home/lmnet/server/server/backups/backup-1759896002850.zip
✅ Backup uploaded: backup-1759896002850.zip
🗑️ Deleted oldest Google Drive backup: backup-1759809603317.zip
🧹 Removed local temporary backup file
✅ Backup process completed!
⏳ Creating backup...
✅ Local backup created: /home/lmnet/server/server/backups/backup-1759903203291.zip
✅ Backup uploaded: backup-1759903203291.zip
🗑️ Deleted oldest Google Drive backup: backup-1759816803190.zip
🧹 Removed local temporary backup file
✅ Backup process completed!
⏳ Creating backup...
✅ Local backup created: /home/lmnet/server/server/backups/backup-1759910403186.zip
✅ Backup uploaded: backup-1759910403186.zip
🗑️ Deleted oldest Google Drive backup: backup-1759824002627.zip
🧹 Removed local temporary backup file
✅ Backup process completed!
⏳ Creating backup...
✅ Local backup created: /home/lmnet/server/server/backups/backup-1759917602435.zip
✅ Backup uploaded: backup-1759917602435.zip
🗑️ Deleted oldest Google Drive backup: backup-1759831202536.zip
🧹 Removed local temporary backup file
✅ Backup process completed!
⏳ Creating backup...
✅ Local backup created: /home/lmnet/server/server/backups/backup-1759924803195.zip
✅ Backup uploaded: backup-1759924803195.zip
🗑️ Deleted oldest Google Drive backup: backup-1759838403320.zip
🧹 Removed local temporary backup file
✅ Backup process completed!
⏳ Creating backup...
✅ Local backup created: /home/lmnet/server/server/backups/backup-1759932003212.zip
✅ Backup uploaded: backup-1759932003212.zip
🗑️ Deleted oldest Google Drive backup: backup-1759845602417.zip
🧹 Removed local temporary backup file
✅ Backup process completed!
⏳ Creating backup...
✅ Local backup created: /home/lmnet/server/server/backups/backup-1759939203159.zip
✅ Backup uploaded: backup-1759939203159.zip
🗑️ Deleted oldest Google Drive backup: backup-1759852802780.zip
🧹 Removed local temporary backup file
✅ Backup process completed!
⏳ Creating backup...
✅ Local backup created: /home/lmnet/server/server/backups/backup-1759946402418.zip
✅ Backup uploaded: backup-1759946402418.zip
🗑️ Deleted oldest Google Drive backup: backup-1759860002457.zip
🧹 Removed local temporary backup file
✅ Backup process completed!
⏳ Creating backup...
✅ Local backup created: /home/lmnet/server/server/backups/backup-1759953602505.zip
✅ Backup uploaded: backup-1759953602505.zip
🗑️ Deleted oldest Google Drive backup: backup-1759867202904.zip
🧹 Removed local temporary backup file
✅ Backup process completed!
⏳ Creating backup...
✅ Local backup created: /home/lmnet/server/server/backups/backup-1759960802447.zip
✅ Backup uploaded: backup-1759960802447.zip
🗑️ Deleted oldest Google Drive backup: backup-1759874402610.zip
🧹 Removed local temporary backup file
✅ Backup process completed!
⏳ Creating backup...
✅ Local backup created: /home/lmnet/server/server/backups/backup-1759968003813.zip
✅ Backup uploaded: backup-1759968003813.zip
🗑️ Deleted oldest Google Drive backup: backup-1759881603083.zip
🧹 Removed local temporary backup file
✅ Backup process completed!
⏳ Creating backup...
✅ Local backup created: /home/lmnet/server/server/backups/backup-1759975203403.zip
✅ Backup uploaded: backup-1759975203403.zip
🗑️ Deleted oldest Google Drive backup: backup-1759888802814.zip
🧹 Removed local temporary backup file
✅ Backup process completed!
⏳ Creating backup...
✅ Local backup created: /home/lmnet/server/server/backups/backup-1759982403233.zip
✅ Backup uploaded: backup-1759982403233.zip
🗑️ Deleted oldest Google Drive backup: backup-1759896002850.zip
🧹 Removed local temporary backup file
✅ Backup process completed!
⏳ Creating backup...
✅ Local backup created: /home/lmnet/server/server/backups/backup-1759989602657.zip
✅ Backup uploaded: backup-1759989602657.zip
🗑️ Deleted oldest Google Drive backup: backup-1759903203291.zip
🧹 Removed local temporary backup file
✅ Backup process completed!
⏳ Creating backup...
✅ Local backup created: /home/lmnet/server/server/backups/backup-1759996802709.zip
✅ Backup uploaded: backup-1759996802709.zip
🗑️ Deleted oldest Google Drive backup: backup-1759910403186.zip
🧹 Removed local temporary backup file
✅ Backup process completed!
⏳ Creating backup...
✅ Local backup created: /home/lmnet/server/server/backups/backup-1760004003058.zip
✅ Backup uploaded: backup-1760004003058.zip
🗑️ Deleted oldest Google Drive backup: backup-1759917602435.zip
🧹 Removed local temporary backup file
✅ Backup process completed!
⏳ Creating backup...
✅ Local backup created: /home/lmnet/server/server/backups/backup-1760011203041.zip
✅ Backup uploaded: backup-1760011203041.zip
🗑️ Deleted oldest Google Drive backup: backup-1759924803195.zip
🧹 Removed local temporary backup file
✅ Backup process completed!
⏳ Creating backup...
✅ Local backup created: /home/lmnet/server/server/backups/backup-1760018402894.zip
✅ Backup uploaded: backup-1760018402894.zip
🗑️ Deleted oldest Google Drive backup: backup-1759932003212.zip
🧹 Removed local temporary backup file
✅ Backup process completed!
⏳ Creating backup...
✅ Local backup created: /home/lmnet/server/server/backups/backup-1760025602509.zip
✅ Backup uploaded: backup-1760025602509.zip
🗑️ Deleted oldest Google Drive backup: backup-1759939203159.zip
🧹 Removed local temporary backup file
✅ Backup process completed!
⏳ Creating backup...
✅ Local backup created: /home/lmnet/server/server/backups/backup-1760032803358.zip
✅ Backup uploaded: backup-1760032803358.zip
🗑️ Deleted oldest Google Drive backup: backup-1759946402418.zip
🧹 Removed local temporary backup file
✅ Backup process completed!
⏳ Creating backup...
✅ Local backup created: /home/lmnet/server/server/backups/backup-1760040002347.zip
✅ Backup uploaded: backup-1760040002347.zip
🗑️ Deleted oldest Google Drive backup: backup-1759953602505.zip
🧹 Removed local temporary backup file
✅ Backup process completed!
⏳ Creating backup...
✅ Local backup created: /home/lmnet/server/server/backups/backup-1760047203223.zip
✅ Backup uploaded: backup-1760047203223.zip
🗑️ Deleted oldest Google Drive backup: backup-1759960802447.zip
🧹 Removed local temporary backup file
✅ Backup process completed!
⏳ Creating backup...
✅ Local backup created: /home/lmnet/server/server/backups/backup-1760054403396.zip
✅ Backup uploaded: backup-1760054403396.zip
🗑️ Deleted oldest Google Drive backup: backup-1759968003813.zip
🧹 Removed local temporary backup file
✅ Backup process completed!
⏳ Creating backup...
✅ Local backup created: /home/lmnet/server/server/backups/backup-1760061602535.zip
✅ Backup uploaded: backup-1760061602535.zip
🗑️ Deleted oldest Google Drive backup: backup-1759975203403.zip
🧹 Removed local temporary backup file
✅ Backup process completed!
⏳ Creating backup...
✅ Local backup created: /home/lmnet/server/server/backups/backup-1760068802889.zip
✅ Backup uploaded: backup-1760068802889.zip
🗑️ Deleted oldest Google Drive backup: backup-1759982403233.zip
🧹 Removed local temporary backup file
✅ Backup process completed!
⏳ Creating backup...
⏳ Creating backup...
✅ Local backup created: /home/lmnet/server/server/backups/backup-1760083203389.zip
✅ Backup uploaded: backup-1760083203389.zip
🗑️ Deleted oldest Google Drive backup: backup-1759989602657.zip
🧹 Removed local temporary backup file
✅ Backup process completed!
⏳ Creating backup...
✅ Local backup created: /home/lmnet/server/server/backups/backup-1760090403946.zip
✅ Backup uploaded: backup-1760090403946.zip
🗑️ Deleted oldest Google Drive backup: backup-1759996802709.zip
🧹 Removed local temporary backup file
✅ Backup process completed!
⏳ Creating backup...
✅ Local backup created: /home/lmnet/server/server/backups/backup-1760097602981.zip
✅ Backup uploaded: backup-1760097602981.zip
🗑️ Deleted oldest Google Drive backup: backup-1760004003058.zip
🧹 Removed local temporary backup file
✅ Backup process completed!
⏳ Creating backup...
✅ Local backup created: /home/lmnet/server/server/backups/backup-1760104802827.zip
✅ Backup uploaded: backup-1760104802827.zip
🗑️ Deleted oldest Google Drive backup: backup-1760011203041.zip
🧹 Removed local temporary backup file
✅ Backup process completed!
⏳ Creating backup...
✅ Local backup created: /home/lmnet/server/server/backups/backup-1760112003692.zip
✅ Backup uploaded: backup-1760112003692.zip
🗑️ Deleted oldest Google Drive backup: backup-1760018402894.zip
🧹 Removed local temporary backup file
✅ Backup process completed!
⏳ Creating backup...
✅ Local backup created: /home/lmnet/server/server/backups/backup-1760119202572.zip
✅ Backup uploaded: backup-1760119202572.zip
🗑️ Deleted oldest Google Drive backup: backup-1760025602509.zip
🧹 Removed local temporary backup file
✅ Backup process completed!
⏳ Creating backup...
✅ Local backup created: /home/lmnet/server/server/backups/backup-1760126403532.zip
✅ Backup uploaded: backup-1760126403532.zip
🗑️ Deleted oldest Google Drive backup: backup-1760032803358.zip
🧹 Removed local temporary backup file
✅ Backup process completed!
⏳ Creating backup...
✅ Local backup created: /home/lmnet/server/server/backups/backup-1760133603054.zip
✅ Backup uploaded: backup-1760133603054.zip
🗑️ Deleted oldest Google Drive backup: backup-1760040002347.zip
🧹 Removed local temporary backup file
✅ Backup process completed!
⏳ Creating backup...
⏳ Creating backup...
✅ Local backup created: /home/lmnet/server/server/backups/backup-1760148002968.zip
✅ Backup uploaded: backup-1760148002968.zip
🗑️ Deleted oldest Google Drive backup: backup-1760047203223.zip
🧹 Removed local temporary backup file
✅ Backup process completed!
⏳ Creating backup...
✅ Local backup created: /home/lmnet/server/server/backups/backup-1760155203223.zip
✅ Backup uploaded: backup-1760155203223.zip
🗑️ Deleted oldest Google Drive backup: backup-1760054403396.zip
🧹 Removed local temporary backup file
✅ Backup process completed!
⏳ Creating backup...
✅ Local backup created: /home/lmnet/server/server/backups/backup-1760162402622.zip
✅ Backup uploaded: backup-1760162402622.zip
🗑️ Deleted oldest Google Drive backup: backup-1760061602535.zip
🧹 Removed local temporary backup file
✅ Backup process completed!
⏳ Creating backup...
✅ Local backup created: /home/lmnet/server/server/backups/backup-1760169603180.zip
✅ Backup uploaded: backup-1760169603180.zip
🗑️ Deleted oldest Google Drive backup: backup-1760068802889.zip
🧹 Removed local temporary backup file
✅ Backup process completed!
⏳ Creating backup...
✅ Local backup created: /home/lmnet/server/server/backups/backup-1760176803279.zip
✅ Backup uploaded: backup-1760176803279.zip
🗑️ Deleted oldest Google Drive backup: backup-1760083203389.zip
🧹 Removed local temporary backup file
✅ Backup process completed!
⏳ Creating backup...
✅ Local backup created: /home/lmnet/server/server/backups/backup-1760184002766.zip
✅ Backup uploaded: backup-1760184002766.zip
🗑️ Deleted oldest Google Drive backup: backup-1760090403946.zip
🧹 Removed local temporary backup file
✅ Backup process completed!
⏳ Creating backup...
✅ Local backup created: /home/lmnet/server/server/backups/backup-1760191205023.zip
✅ Backup uploaded: backup-1760191205023.zip
🗑️ Deleted oldest Google Drive backup: backup-1760097602981.zip
🧹 Removed local temporary backup file
✅ Backup process completed!
⏳ Creating backup...
✅ Local backup created: /home/lmnet/server/server/backups/backup-1760198403571.zip
✅ Backup uploaded: backup-1760198403571.zip
🗑️ Deleted oldest Google Drive backup: backup-1760104802827.zip
🧹 Removed local temporary backup file
✅ Backup process completed!
⏳ Creating backup...
✅ Local backup created: /home/lmnet/server/server/backups/backup-1760205602999.zip
✅ Backup uploaded: backup-1760205602999.zip
🗑️ Deleted oldest Google Drive backup: backup-1760112003692.zip
🧹 Removed local temporary backup file
✅ Backup process completed!
⏳ Creating backup...
✅ Local backup created: /home/lmnet/server/server/backups/backup-1760212803203.zip
✅ Backup uploaded: backup-1760212803203.zip
🗑️ Deleted oldest Google Drive backup: backup-1760119202572.zip
🧹 Removed local temporary backup file
✅ Backup process completed!
⏳ Creating backup...
✅ Local backup created: /home/lmnet/server/server/backups/backup-1760220002439.zip
✅ Backup uploaded: backup-1760220002439.zip
🗑️ Deleted oldest Google Drive backup: backup-1760126403532.zip
🧹 Removed local temporary backup file
✅ Backup process completed!
⏳ Creating backup...
✅ Local backup created: /home/lmnet/server/server/backups/backup-1760227203511.zip
✅ Backup uploaded: backup-1760227203511.zip
🗑️ Deleted oldest Google Drive backup: backup-1760133603054.zip
🧹 Removed local temporary backup file
✅ Backup process completed!
⏳ Creating backup...
✅ Local backup created: /home/lmnet/server/server/backups/backup-1760234403384.zip
✅ Backup uploaded: backup-1760234403384.zip
🗑️ Deleted oldest Google Drive backup: backup-1760148002968.zip
🧹 Removed local temporary backup file
✅ Backup process completed!
⏳ Creating backup...
✅ Local backup created: /home/lmnet/server/server/backups/backup-1760241602701.zip
✅ Backup uploaded: backup-1760241602701.zip
🗑️ Deleted oldest Google Drive backup: backup-1760155203223.zip
🧹 Removed local temporary backup file
✅ Backup process completed!
⏳ Creating backup...
✅ Local backup created: /home/lmnet/server/server/backups/backup-1760248802673.zip
✅ Backup uploaded: backup-1760248802673.zip
🗑️ Deleted oldest Google Drive backup: backup-1760162402622.zip
🧹 Removed local temporary backup file
✅ Backup process completed!
⏳ Creating backup...
✅ Local backup created: /home/lmnet/server/server/backups/backup-1760256004561.zip
✅ Backup uploaded: backup-1760256004561.zip
🗑️ Deleted oldest Google Drive backup: backup-1760169603180.zip
🧹 Removed local temporary backup file
✅ Backup process completed!
⏳ Creating backup...
✅ Local backup created: /home/lmnet/server/server/backups/backup-1760263208418.zip
✅ Backup uploaded: backup-1760263208418.zip
🗑️ Deleted oldest Google Drive backup: backup-1760176803279.zip
🧹 Removed local temporary backup file
✅ Backup process completed!
⏳ Creating backup...
✅ Local backup created: /home/lmnet/server/server/backups/backup-1760270404634.zip
✅ Backup uploaded: backup-1760270404634.zip
🗑️ Deleted oldest Google Drive backup: backup-1760184002766.zip
🧹 Removed local temporary backup file
✅ Backup process completed!
⏳ Creating backup...
✅ Local backup created: /home/lmnet/server/server/backups/backup-1760277604349.zip
✅ Backup uploaded: backup-1760277604349.zip
🗑️ Deleted oldest Google Drive backup: backup-1760191205023.zip
🧹 Removed local temporary backup file
✅ Backup process completed!
⏳ Creating backup...
✅ Local backup created: /home/lmnet/server/server/backups/backup-1760284803288.zip
✅ Backup uploaded: backup-1760284803288.zip
🗑️ Deleted oldest Google Drive backup: backup-1760198403571.zip
🧹 Removed local temporary backup file
✅ Backup process completed!
⏳ Creating backup...
✅ Local backup created: /home/lmnet/server/server/backups/backup-1760292003452.zip
✅ Backup uploaded: backup-1760292003452.zip
🗑️ Deleted oldest Google Drive backup: backup-1760205602999.zip
🧹 Removed local temporary backup file
✅ Backup process completed!
⏳ Creating backup...
✅ Local backup created: /home/lmnet/server/server/backups/backup-1760299202726.zip
✅ Backup uploaded: backup-1760299202726.zip
🗑️ Deleted oldest Google Drive backup: backup-1760212803203.zip
🧹 Removed local temporary backup file
✅ Backup process completed!
⏳ Creating backup...
✅ Local backup created: /home/lmnet/server/server/backups/backup-1760306402775.zip
✅ Backup uploaded: backup-1760306402775.zip
🗑️ Deleted oldest Google Drive backup: backup-1760220002439.zip
🧹 Removed local temporary backup file
✅ Backup process completed!
⏳ Creating backup...
✅ Local backup created: /home/lmnet/server/server/backups/backup-1760313604157.zip
✅ Backup uploaded: backup-1760313604157.zip
🗑️ Deleted oldest Google Drive backup: backup-1760227203511.zip
🧹 Removed local temporary backup file
✅ Backup process completed!
⏳ Creating backup...
✅ Local backup created: /home/lmnet/server/server/backups/backup-1760320807002.zip
✅ Backup uploaded: backup-1760320807002.zip
🗑️ Deleted oldest Google Drive backup: backup-1760234403384.zip
🧹 Removed local temporary backup file
✅ Backup process completed!
⏳ Creating backup...
✅ Local backup created: /home/lmnet/server/server/backups/backup-1760328004605.zip
✅ Backup uploaded: backup-1760328004605.zip
🗑️ Deleted oldest Google Drive backup: backup-1760241602701.zip
🧹 Removed local temporary backup file
✅ Backup process completed!
⏳ Creating backup...
⏳ Creating backup...
✅ Local backup created: /home/lmnet/server/server/backups/backup-1760342404156.zip
✅ Backup uploaded: backup-1760342404156.zip
🗑️ Deleted oldest Google Drive backup: backup-1760248802673.zip
🧹 Removed local temporary backup file
✅ Backup process completed!
⏳ Creating backup...
✅ Local backup created: /home/lmnet/server/server/backups/backup-1760349603046.zip
✅ Backup uploaded: backup-1760349603046.zip
🗑️ Deleted oldest Google Drive backup: backup-1760256004561.zip
🧹 Removed local temporary backup file
✅ Backup process completed!
⏳ Creating backup...
✅ Local backup created: /home/lmnet/server/server/backups/backup-1760356803121.zip
✅ Backup uploaded: backup-1760356803121.zip
🗑️ Deleted oldest Google Drive backup: backup-1760263208418.zip
🧹 Removed local temporary backup file
✅ Backup process completed!
⏳ Creating backup...
✅ Local backup created: /home/lmnet/server/server/backups/backup-1760364005471.zip
✅ Backup uploaded: backup-1760364005471.zip
🗑️ Deleted oldest Google Drive backup: backup-1760270404634.zip
🧹 Removed local temporary backup file
✅ Backup process completed!
⏳ Creating backup...
✅ Local backup created: /home/lmnet/server/server/backups/backup-1760371204046.zip
✅ Backup uploaded: backup-1760371204046.zip
🗑️ Deleted oldest Google Drive backup: backup-1760277604349.zip
🧹 Removed local temporary backup file
✅ Backup process completed!
⏳ Creating backup...
✅ Local backup created: /home/lmnet/server/server/backups/backup-1760378404025.zip
✅ Backup uploaded: backup-1760378404025.zip
🗑️ Deleted oldest Google Drive backup: backup-1760284803288.zip
🧹 Removed local temporary backup file
✅ Backup process completed!
⏳ Creating backup...
✅ Local backup created: /home/lmnet/server/server/backups/backup-1760385604457.zip
✅ Backup uploaded: backup-1760385604457.zip
🗑️ Deleted oldest Google Drive backup: backup-1760292003452.zip
🧹 Removed local temporary backup file
✅ Backup process completed!
⏳ Creating backup...
✅ Local backup created: /home/lmnet/server/server/backups/backup-1760392804716.zip
✅ Backup uploaded: backup-1760392804716.zip
🗑️ Deleted oldest Google Drive backup: backup-1760299202726.zip
🧹 Removed local temporary backup file
✅ Backup process completed!
⏳ Creating backup...
✅ Local backup created: /home/lmnet/server/server/backups/backup-1760400008068.zip
✅ Backup uploaded: backup-1760400008068.zip
🗑️ Deleted oldest Google Drive backup: backup-1760306402775.zip
🧹 Removed local temporary backup file
✅ Backup process completed!
⏳ Creating backup...
✅ Local backup created: /home/lmnet/server/server/backups/backup-1760407207106.zip
✅ Backup uploaded: backup-1760407207106.zip
🗑️ Deleted oldest Google Drive backup: backup-1760313604157.zip
🧹 Removed local temporary backup file
✅ Backup process completed!
⏳ Creating backup...
✅ Local backup created: /home/lmnet/server/server/backups/backup-1760414404939.zip
✅ Backup uploaded: backup-1760414404939.zip
🗑️ Deleted oldest Google Drive backup: backup-1760320807002.zip
🧹 Removed local temporary backup file
✅ Backup process completed!
⏳ Creating backup...
⏳ Creating backup...
⏳ Creating backup...
⏳ Creating backup...
✅ Local backup created: /home/lmnet/server/server/backups/backup-1760443215480.zip
✅ Backup uploaded: backup-1760443215480.zip
🗑️ Deleted oldest Google Drive backup: backup-1760328004605.zip
🧹 Removed local temporary backup file
✅ Backup process completed!
⏳ Creating backup...
✅ Local backup created: /home/lmnet/server/server/backups/backup-1760450418537.zip
✅ Backup uploaded: backup-1760450418537.zip
🗑️ Deleted oldest Google Drive backup: backup-1760342404156.zip
🧹 Removed local temporary backup file
✅ Backup process completed!
⏳ Creating backup...
⏳ Creating backup...
⏳ Creating backup...
⏳ Creating backup...
⏳ Creating backup...
✅ Local backup created: /home/lmnet/server/server/backups/backup-1760486418654.zip
✅ Backup uploaded: backup-1760486418654.zip
🗑️ Deleted oldest Google Drive backup: backup-1760349603046.zip
🧹 Removed local temporary backup file
✅ Backup process completed!
⏳ Creating backup...
⏳ Creating backup...
✅ Local backup created: /home/lmnet/server/server/backups/backup-1760500816064.zip
✅ Backup uploaded: backup-1760500816064.zip
🗑️ Deleted oldest Google Drive backup: backup-1760356803121.zip
🧹 Removed local temporary backup file
✅ Backup process completed!
⏳ Creating backup...
✅ Local backup created: /home/lmnet/server/server/backups/backup-1760508015604.zip
✅ Backup uploaded: backup-1760508015604.zip
🗑️ Deleted oldest Google Drive backup: backup-1760364005471.zip
🧹 Removed local temporary backup file
✅ Backup process completed!
⏳ Creating backup...
⏳ Creating backup...
⏳ Creating backup...
✅ Local backup created: /home/lmnet/server/server/backups/backup-1760529603890.zip
✅ Backup uploaded: backup-1760529603890.zip
🗑️ Deleted oldest Google Drive backup: backup-1760371204046.zip
🧹 Removed local temporary backup file
✅ Backup process completed!
⏳ Creating backup...
⏳ Creating backup...
✅ Local backup created: /home/lmnet/server/server/backups/backup-1760544015124.zip
✅ Backup uploaded: backup-1760544015124.zip
🗑️ Deleted oldest Google Drive backup: backup-1760378404025.zip
🧹 Removed local temporary backup file
✅ Backup process completed!
⏳ Creating backup...
⏳ Creating backup...
✅ Local backup created: /home/lmnet/server/server/backups/backup-1760558413561.zip
✅ Backup uploaded: backup-1760558413561.zip
🗑️ Deleted oldest Google Drive backup: backup-1760385604457.zip
🧹 Removed local temporary backup file
✅ Backup process completed!
⏳ Creating backup...
✅ Local backup created: /home/lmnet/server/server/backups/backup-1760565616334.zip
✅ Backup uploaded: backup-1760565616334.zip
🗑️ Deleted oldest Google Drive backup: backup-1760392804716.zip
🧹 Removed local temporary backup file
✅ Backup process completed!
⏳ Creating backup...
⏳ Creating backup...
⏳ Creating backup...
⏳ Creating backup...
✅ Local backup created: /home/lmnet/server/server/backups/backup-1760594414916.zip
✅ Backup uploaded: backup-1760594414916.zip
🗑️ Deleted oldest Google Drive backup: backup-1760400008068.zip
🧹 Removed local temporary backup file
✅ Backup process completed!
⏳ Creating backup...
✅ Local backup created: /home/lmnet/server/server/backups/backup-1760601616824.zip
✅ Backup uploaded: backup-1760601616824.zip
🗑️ Deleted oldest Google Drive backup: backup-1760407207106.zip
🧹 Removed local temporary backup file
✅ Backup process completed!
⏳ Creating backup...
✅ Local backup created: /home/lmnet/server/server/backups/backup-1760608807166.zip
✅ Backup uploaded: backup-1760608807166.zip
🗑️ Deleted oldest Google Drive backup: backup-1760414404939.zip
🧹 Removed local temporary backup file
✅ Backup process completed!
⏳ Creating backup...
✅ Local backup created: /home/lmnet/server/server/backups/backup-1760616015325.zip
✅ Backup uploaded: backup-1760616015325.zip
🗑️ Deleted oldest Google Drive backup: backup-1760443215480.zip
🧹 Removed local temporary backup file
✅ Backup process completed!
⏳ Creating backup...
⏳ Creating backup...
✅ Local backup created: /home/lmnet/server/server/backups/backup-1760630414321.zip
✅ Backup uploaded: backup-1760630414321.zip
🗑️ Deleted oldest Google Drive backup: backup-1760450418537.zip
🧹 Removed local temporary backup file
✅ Backup process completed!
⏳ Creating backup...
✅ Local backup created: /home/lmnet/server/server/backups/backup-1760637606325.zip
✅ Backup uploaded: backup-1760637606325.zip
🗑️ Deleted oldest Google Drive backup: backup-1760486418654.zip
🧹 Removed local temporary backup file
✅ Backup process completed!
⏳ Creating backup...
✅ Local backup created: /home/lmnet/server/server/backups/backup-1760644815160.zip
✅ Backup uploaded: backup-1760644815160.zip
🗑️ Deleted oldest Google Drive backup: backup-1760500816064.zip
🧹 Removed local temporary backup file
✅ Backup process completed!
⏳ Creating backup...
⏳ Creating backup...
✅ Local backup created: /home/lmnet/server/server/backups/backup-1760659204217.zip
✅ Backup uploaded: backup-1760659204217.zip
🗑️ Deleted oldest Google Drive backup: backup-1760508015604.zip
🧹 Removed local temporary backup file
✅ Backup process completed!
⏳ Creating backup...
✅ Local backup created: /home/lmnet/server/server/backups/backup-1760666417989.zip
✅ Backup uploaded: backup-1760666417989.zip
🗑️ Deleted oldest Google Drive backup: backup-1760529603890.zip
🧹 Removed local temporary backup file
✅ Backup process completed!
⏳ Creating backup...
⏳ Creating backup...
✅ Local backup created: /home/lmnet/server/server/backups/backup-1760680814958.zip
✅ Backup uploaded: backup-1760680814958.zip
🗑️ Deleted oldest Google Drive backup: backup-1760544015124.zip
🧹 Removed local temporary backup file
✅ Backup process completed!
⏳ Creating backup...
✅ Local backup created: /home/lmnet/server/server/backups/backup-1760688016571.zip
✅ Backup uploaded: backup-1760688016571.zip
🗑️ Deleted oldest Google Drive backup: backup-1760558413561.zip
🧹 Removed local temporary backup file
✅ Backup process completed!
⏳ Creating backup...
⏳ Creating backup...
✅ Local backup created: /home/lmnet/server/server/backups/backup-1760702418299.zip
✅ Backup uploaded: backup-1760702418299.zip
🗑️ Deleted oldest Google Drive backup: backup-1760565616334.zip
🧹 Removed local temporary backup file
✅ Backup process completed!
⏳ Creating backup...
⏳ Creating backup...
⏳ Creating backup...
✅ Local backup created: /home/lmnet/server/server/backups/backup-1760724017619.zip
✅ Backup uploaded: backup-1760724017619.zip
🗑️ Deleted oldest Google Drive backup: backup-1760594414916.zip
🧹 Removed local temporary backup file
✅ Backup process completed!
⏳ Creating backup...
✅ Local backup created: /home/lmnet/server/server/backups/backup-1760731220392.zip
✅ Backup uploaded: backup-1760731220392.zip
🗑️ Deleted oldest Google Drive backup: backup-1760601616824.zip
🧹 Removed local temporary backup file
✅ Backup process completed!
⏳ Creating backup...
⏳ Creating backup...
⏳ Creating backup...
✅ Local backup created: /home/lmnet/server/server/backups/backup-1760752818424.zip
✅ Backup uploaded: backup-1760752818424.zip
🗑️ Deleted oldest Google Drive backup: backup-1760608807166.zip
🧹 Removed local temporary backup file
✅ Backup process completed!
⏳ Creating backup...
⏳ Creating backup...
⏳ Creating backup...
⏳ Creating backup...
✅ Local backup created: /home/lmnet/server/server/backups/backup-1760781616271.zip
✅ Backup uploaded: backup-1760781616271.zip
🗑️ Deleted oldest Google Drive backup: backup-1760616015325.zip
🧹 Removed local temporary backup file
✅ Backup process completed!
⏳ Creating backup...
⏳ Creating backup...
✅ Local backup created: /home/lmnet/server/server/backups/backup-1760796015808.zip
✅ Backup uploaded: backup-1760796015808.zip
🗑️ Deleted oldest Google Drive backup: backup-1760630414321.zip
🧹 Removed local temporary backup file
✅ Backup process completed!
⏳ Creating backup...
✅ Local backup created: /home/lmnet/server/server/backups/backup-1760803216477.zip
✅ Backup uploaded: backup-1760803216477.zip
🗑️ Deleted oldest Google Drive backup: backup-1760637606325.zip
🧹 Removed local temporary backup file
✅ Backup process completed!
⏳ Creating backup...
⏳ Creating backup...
⏳ Creating backup...
✅ Local backup created: /home/lmnet/server/server/backups/backup-1760824815708.zip
✅ Backup uploaded: backup-1760824815708.zip
🗑️ Deleted oldest Google Drive backup: backup-1760644815160.zip
🧹 Removed local temporary backup file
✅ Backup process completed!
⏳ Creating backup...
✅ Local backup created: /home/lmnet/server/server/backups/backup-1760832019553.zip
✅ Backup uploaded: backup-1760832019553.zip
🗑️ Deleted oldest Google Drive backup: backup-1760659204217.zip
🧹 Removed local temporary backup file
✅ Backup process completed!
⏳ Creating backup...
✅ Local backup created: /home/lmnet/server/server/backups/backup-1760839215472.zip
✅ Backup uploaded: backup-1760839215472.zip
🗑️ Deleted oldest Google Drive backup: backup-1760666417989.zip
🧹 Removed local temporary backup file
✅ Backup process completed!
⏳ Creating backup...
⏳ Creating backup...
⏳ Creating backup...
✅ Local backup created: /home/lmnet/server/server/backups/backup-1760860816489.zip
✅ Backup uploaded: backup-1760860816489.zip
🗑️ Deleted oldest Google Drive backup: backup-1760680814958.zip
🧹 Removed local temporary backup file
✅ Backup process completed!
⏳ Creating backup...
⏳ Creating backup...
✅ Local backup created: /home/lmnet/server/server/backups/backup-1760875215362.zip
✅ Backup uploaded: backup-1760875215362.zip
🗑️ Deleted oldest Google Drive backup: backup-1760688016571.zip
🧹 Removed local temporary backup file
✅ Backup process completed!
⏳ Creating backup...
⏳ Creating backup...
✅ Local backup created: /home/lmnet/server/server/backups/backup-1760889617166.zip
✅ Backup uploaded: backup-1760889617166.zip
🗑️ Deleted oldest Google Drive backup: backup-1760702418299.zip
🧹 Removed local temporary backup file
✅ Backup process completed!
⏳ Creating backup...
✅ Local backup created: /home/lmnet/server/server/backups/backup-1760896814729.zip
✅ Backup uploaded: backup-1760896814729.zip
🗑️ Deleted oldest Google Drive backup: backup-1760724017619.zip
🧹 Removed local temporary backup file
✅ Backup process completed!
⏳ Creating backup...
⏳ Creating backup...
✅ Local backup created: /home/lmnet/server/server/backups/backup-1760911215557.zip
✅ Backup uploaded: backup-1760911215557.zip
🗑️ Deleted oldest Google Drive backup: backup-1760731220392.zip
🧹 Removed local temporary backup file
✅ Backup process completed!
⏳ Creating backup...
⏳ Creating backup...
⏳ Creating backup...
⏳ Creating backup...
⏳ Creating backup...
⏳ Creating backup...
✅ Local backup created: /home/lmnet/server/server/backups/backup-1760954412395.zip
✅ Backup uploaded: backup-1760954412395.zip
🗑️ Deleted oldest Google Drive backup: backup-1760752818424.zip
🧹 Removed local temporary backup file
✅ Backup process completed!
⏳ Creating backup...
✅ Local backup created: /home/lmnet/server/server/backups/backup-1760961616173.zip
✅ Backup uploaded: backup-1760961616173.zip
🗑️ Deleted oldest Google Drive backup: backup-1760781616271.zip
🧹 Removed local temporary backup file
✅ Backup process completed!
⏳ Creating backup...
✅ Local backup created: /home/lmnet/server/server/backups/backup-1760968816062.zip
✅ Backup uploaded: backup-1760968816062.zip
🗑️ Deleted oldest Google Drive backup: backup-1760796015808.zip
🧹 Removed local temporary backup file
✅ Backup process completed!
⏳ Creating backup...
⏳ Creating backup...
✅ Local backup created: /home/lmnet/server/server/backups/backup-1760983216577.zip
✅ Backup uploaded: backup-1760983216577.zip
🗑️ Deleted oldest Google Drive backup: backup-1760803216477.zip
🧹 Removed local temporary backup file
✅ Backup process completed!
⏳ Creating backup...
⏳ Creating backup...
✅ Local backup created: /home/lmnet/server/server/backups/backup-1760997619788.zip
✅ Backup uploaded: backup-1760997619788.zip
🗑️ Deleted oldest Google Drive backup: backup-1760824815708.zip
🧹 Removed local temporary backup file
✅ Backup process completed!
⏳ Creating backup...
✅ Local backup created: /home/lmnet/server/server/backups/backup-1761004817899.zip
✅ Backup uploaded: backup-1761004817899.zip
🗑️ Deleted oldest Google Drive backup: backup-1760832019553.zip
🧹 Removed local temporary backup file
✅ Backup process completed!
⏳ Creating backup...
⏳ Creating backup...
⏳ Creating backup...
✅ Local backup created: /home/lmnet/server/server/backups/backup-1761026415730.zip
✅ Backup uploaded: backup-1761026415730.zip
🗑️ Deleted oldest Google Drive backup: backup-1760839215472.zip
🧹 Removed local temporary backup file
✅ Backup process completed!
⏳ Creating backup...
⏳ Creating backup...
⏳ Creating backup...
✅ Local backup created: /home/lmnet/server/server/backups/backup-1761048014541.zip
✅ Backup uploaded: backup-1761048014541.zip
🗑️ Deleted oldest Google Drive backup: backup-1760860816489.zip
🧹 Removed local temporary backup file
✅ Backup process completed!
⏳ Creating backup...
⏳ Creating backup...
⏳ Creating backup...
⏳ Creating backup...
✅ Local backup created: /home/lmnet/server/server/backups/backup-1761076815797.zip
✅ Backup uploaded: backup-1761076815797.zip
🗑️ Deleted oldest Google Drive backup: backup-1760875215362.zip
🧹 Removed local temporary backup file
✅ Backup process completed!
⏳ Creating backup...
⏳ Creating backup...
⏳ Creating backup...
⏳ Creating backup...
⏳ Creating backup...
⏳ Creating backup...
✅ Local backup created: /home/lmnet/server/server/backups/backup-1761120012517.zip
✅ Backup uploaded: backup-1761120012517.zip
🗑️ Deleted oldest Google Drive backup: backup-1760889617166.zip
🧹 Removed local temporary backup file
✅ Backup process completed!
⏳ Creating backup...
⏳ Creating backup...
✅ Local backup created: /home/lmnet/server/server/backups/backup-1761134412177.zip
✅ Backup uploaded: backup-1761134412177.zip
🗑️ Deleted oldest Google Drive backup: backup-1760896814729.zip
🧹 Removed local temporary backup file
✅ Backup process completed!
⏳ Creating backup...
⏳ Creating backup...
⏳ Creating backup...
⏳ Creating backup...
✅ Local backup created: /home/lmnet/server/server/backups/backup-1761163216354.zip
✅ Backup uploaded: backup-1761163216354.zip
🗑️ Deleted oldest Google Drive backup: backup-1760911215557.zip
🧹 Removed local temporary backup file
✅ Backup process completed!
⏳ Creating backup...
⏳ Creating backup...
✅ Local backup created: /home/lmnet/server/server/backups/backup-1761177615172.zip
✅ Backup uploaded: backup-1761177615172.zip
🗑️ Deleted oldest Google Drive backup: backup-1760954412395.zip
🧹 Removed local temporary backup file
✅ Backup process completed!
⏳ Creating backup...
⏳ Creating backup...
✅ Local backup created: /home/lmnet/server/server/backups/backup-1761192013530.zip
✅ Backup uploaded: backup-1761192013530.zip
🗑️ Deleted oldest Google Drive backup: backup-1760961616173.zip
🧹 Removed local temporary backup file
✅ Backup process completed!
⏳ Creating backup...
⏳ Creating backup...
⏳ Creating backup...
⏳ Creating backup...
⏳ Creating backup...
⏳ Creating backup...
✅ Local backup created: /home/lmnet/server/server/backups/backup-1761235216454.zip
✅ Backup uploaded: backup-1761235216454.zip
🗑️ Deleted oldest Google Drive backup: backup-1760968816062.zip
🧹 Removed local temporary backup file
✅ Backup process completed!
⏳ Creating backup...
⏳ Creating backup...
✅ Local backup created: /home/lmnet/server/server/backups/backup-1761249613818.zip
✅ Backup uploaded: backup-1761249613818.zip
🗑️ Deleted oldest Google Drive backup: backup-1760983216577.zip
🧹 Removed local temporary backup file
✅ Backup process completed!
⏳ Creating backup...
⏳ Creating backup...
⏳ Creating backup...
⏳ Creating backup...
⏳ Creating backup...
⏳ Creating backup...
⏳ Creating backup...
⏳ Creating backup...
⏳ Creating backup...
✅ Local backup created: /home/lmnet/server/server/backups/backup-1761314414703.zip
✅ Backup uploaded: backup-1761314414703.zip
🗑️ Deleted oldest Google Drive backup: backup-1760997619788.zip
🧹 Removed local temporary backup file
✅ Backup process completed!
⏳ Creating backup...
⏳ Creating backup...
⏳ Creating backup...
⏳ Creating backup...
⏳ Creating backup...
⏳ Creating backup...
⏳ Creating backup...
✅ Local backup created: /home/lmnet/server/server/backups/backup-1761364803543.zip
✅ Backup uploaded: backup-1761364803543.zip
🗑️ Deleted oldest Google Drive backup: backup-1761004817899.zip
🧹 Removed local temporary backup file
✅ Backup process completed!
⏳ Creating backup...
✅ Local backup created: /home/lmnet/server/server/backups/backup-1761372011809.zip
✅ Backup uploaded: backup-1761372011809.zip
🗑️ Deleted oldest Google Drive backup: backup-1761026415730.zip
🧹 Removed local temporary backup file
✅ Backup process completed!
⏳ Creating backup...
✅ Local backup created: /home/lmnet/server/server/backups/backup-1761379205940.zip
✅ Backup uploaded: backup-1761379205940.zip
🗑️ Deleted oldest Google Drive backup: backup-1761048014541.zip
🧹 Removed local temporary backup file
✅ Backup process completed!
⏳ Creating backup...
✅ Local backup created: /home/lmnet/server/server/backups/backup-1761386413917.zip
✅ Backup uploaded: backup-1761386413917.zip
🗑️ Deleted oldest Google Drive backup: backup-1761076815797.zip
🧹 Removed local temporary backup file
✅ Backup process completed!
⏳ Creating backup...
⏳ Creating backup...
✅ Local backup created: /home/lmnet/server/server/backups/backup-1761400805932.zip
✅ Backup uploaded: backup-1761400805932.zip
🗑️ Deleted oldest Google Drive backup: backup-1761120012517.zip
🧹 Removed local temporary backup file
✅ Backup process completed!
⏳ Creating backup...
⏳ Creating backup...
✅ Local backup created: /home/lmnet/server/server/backups/backup-1761415215430.zip
✅ Backup uploaded: backup-1761415215430.zip
🗑️ Deleted oldest Google Drive backup: backup-1761134412177.zip
🧹 Removed local temporary backup file
✅ Backup process completed!
⏳ Creating backup...
✅ Local backup created: /home/lmnet/server/server/backups/backup-1761422415191.zip
✅ Backup uploaded: backup-1761422415191.zip
🗑️ Deleted oldest Google Drive backup: backup-1761163216354.zip
🧹 Removed local temporary backup file
✅ Backup process completed!
⏳ Creating backup...
✅ Local backup created: /home/lmnet/server/server/backups/backup-1761429614778.zip
✅ Backup uploaded: backup-1761429614778.zip
🗑️ Deleted oldest Google Drive backup: backup-1761177615172.zip
🧹 Removed local temporary backup file
✅ Backup process completed!
⏳ Creating backup...
✅ Local backup created: /home/lmnet/server/server/backups/backup-1761436817754.zip
✅ Backup uploaded: backup-1761436817754.zip
🗑️ Deleted oldest Google Drive backup: backup-1761192013530.zip
🧹 Removed local temporary backup file
✅ Backup process completed!
⏳ Creating backup...
⏳ Creating backup...
✅ Local backup created: /home/lmnet/server/server/backups/backup-1761451212870.zip
✅ Backup uploaded: backup-1761451212870.zip
🗑️ Deleted oldest Google Drive backup: backup-1761235216454.zip
🧹 Removed local temporary backup file
✅ Backup process completed!
⏳ Creating backup...
⏳ Creating backup...
⏳ Creating backup...
⏳ Creating backup...
⏳ Creating backup...
✅ Local backup created: /home/lmnet/server/server/backups/backup-1761487214565.zip
✅ Backup uploaded: backup-1761487214565.zip
🗑️ Deleted oldest Google Drive backup: backup-1761249613818.zip
🧹 Removed local temporary backup file
✅ Backup process completed!
⏳ Creating backup...
⏳ Creating backup...
✅ Local backup created: /home/lmnet/server/server/backups/backup-1761501614605.zip
✅ Backup uploaded: backup-1761501614605.zip
🗑️ Deleted oldest Google Drive backup: backup-1761314414703.zip
🧹 Removed local temporary backup file
✅ Backup process completed!
⏳ Creating backup...
⏳ Creating backup...
⏳ Creating backup...
✅ Local backup created: /home/lmnet/server/server/backups/backup-1761523218056.zip
✅ Backup uploaded: backup-1761523218056.zip
🗑️ Deleted oldest Google Drive backup: backup-1761364803543.zip
🧹 Removed local temporary backup file
✅ Backup process completed!
⏳ Creating backup...
✅ Local backup created: /home/lmnet/server/server/backups/backup-1761530414997.zip
✅ Backup uploaded: backup-1761530414997.zip
🗑️ Deleted oldest Google Drive backup: backup-1761372011809.zip
🧹 Removed local temporary backup file
✅ Backup process completed!
⏳ Creating backup...
✅ Local backup created: /home/lmnet/server/server/backups/backup-1761537616221.zip
✅ Backup uploaded: backup-1761537616221.zip
🗑️ Deleted oldest Google Drive backup: backup-1761379205940.zip
🧹 Removed local temporary backup file
✅ Backup process completed!
⏳ Creating backup...
✅ Local backup created: /home/lmnet/server/server/backups/backup-1761544814495.zip
✅ Backup uploaded: backup-1761544814495.zip
🗑️ Deleted oldest Google Drive backup: backup-1761386413917.zip
🧹 Removed local temporary backup file
✅ Backup process completed!
⏳ Creating backup...
✅ Local backup created: /home/lmnet/server/server/backups/backup-1761552012782.zip
✅ Backup uploaded: backup-1761552012782.zip
🗑️ Deleted oldest Google Drive backup: backup-1761400805932.zip
🧹 Removed local temporary backup file
✅ Backup process completed!
⏳ Creating backup...
✅ Local backup created: /home/lmnet/server/server/backups/backup-1761559213674.zip
✅ Backup uploaded: backup-1761559213674.zip
🗑️ Deleted oldest Google Drive backup: backup-1761415215430.zip
🧹 Removed local temporary backup file
✅ Backup process completed!
⏳ Creating backup...
✅ Local backup created: /home/lmnet/server/server/backups/backup-1761566413619.zip
✅ Backup uploaded: backup-1761566413619.zip
🗑️ Deleted oldest Google Drive backup: backup-1761422415191.zip
🧹 Removed local temporary backup file
✅ Backup process completed!
⏳ Creating backup...
✅ Local backup created: /home/lmnet/server/server/backups/backup-1761573612509.zip
✅ Backup uploaded: backup-1761573612509.zip
🗑️ Deleted oldest Google Drive backup: backup-1761429614778.zip
🧹 Removed local temporary backup file
✅ Backup process completed!
⏳ Creating backup...
✅ Local backup created: /home/lmnet/server/server/backups/backup-1761580810360.zip
✅ Backup uploaded: backup-1761580810360.zip
🗑️ Deleted oldest Google Drive backup: backup-1761436817754.zip
🧹 Removed local temporary backup file
✅ Backup process completed!
⏳ Creating backup...
✅ Local backup created: /home/lmnet/server/server/backups/backup-1761588013821.zip
✅ Backup uploaded: backup-1761588013821.zip
🗑️ Deleted oldest Google Drive backup: backup-1761451212870.zip
🧹 Removed local temporary backup file
✅ Backup process completed!
⏳ Creating backup...
✅ Local backup created: /home/lmnet/server/server/backups/backup-1761595214156.zip
✅ Backup uploaded: backup-1761595214156.zip
🗑️ Deleted oldest Google Drive backup: backup-1761487214565.zip
🧹 Removed local temporary backup file
✅ Backup process completed!
⏳ Creating backup...
✅ Local backup created: /home/lmnet/server/server/backups/backup-1761602413101.zip
✅ Backup uploaded: backup-1761602413101.zip
🗑️ Deleted oldest Google Drive backup: backup-1761501614605.zip
🧹 Removed local temporary backup file
✅ Backup process completed!
⏳ Creating backup...
✅ Local backup created: /home/lmnet/server/server/backups/backup-1761609611636.zip
✅ Backup uploaded: backup-1761609611636.zip
🗑️ Deleted oldest Google Drive backup: backup-1761523218056.zip
🧹 Removed local temporary backup file
✅ Backup process completed!
⏳ Creating backup...
✅ Local backup created: /home/lmnet/server/server/backups/backup-1761616812054.zip
✅ Backup uploaded: backup-1761616812054.zip
🗑️ Deleted oldest Google Drive backup: backup-1761530414997.zip
🧹 Removed local temporary backup file
✅ Backup process completed!
⏳ Creating backup...
✅ Local backup created: /home/lmnet/server/server/backups/backup-1761624012646.zip
✅ Backup uploaded: backup-1761624012646.zip
🗑️ Deleted oldest Google Drive backup: backup-1761537616221.zip
🧹 Removed local temporary backup file
✅ Backup process completed!
⏳ Creating backup...
✅ Local backup created: /home/lmnet/server/server/backups/backup-1761631213713.zip
✅ Backup uploaded: backup-1761631213713.zip
🗑️ Deleted oldest Google Drive backup: backup-1761544814495.zip
🧹 Removed local temporary backup file
✅ Backup process completed!
⏳ Creating backup...
✅ Local backup created: /home/lmnet/server/server/backups/backup-1761638411734.zip
✅ Backup uploaded: backup-1761638411734.zip
🗑️ Deleted oldest Google Drive backup: backup-1761552012782.zip
🧹 Removed local temporary backup file
✅ Backup process completed!
⏳ Creating backup...
✅ Local backup created: /home/lmnet/server/server/backups/backup-1761645612272.zip
✅ Backup uploaded: backup-1761645612272.zip
🗑️ Deleted oldest Google Drive backup: backup-1761559213674.zip
🧹 Removed local temporary backup file
✅ Backup process completed!
⏳ Creating backup...
✅ Local backup created: /home/lmnet/server/server/backups/backup-1761652812883.zip
✅ Backup uploaded: backup-1761652812883.zip
🗑️ Deleted oldest Google Drive backup: backup-1761566413619.zip
🧹 Removed local temporary backup file
✅ Backup process completed!
⏳ Creating backup...
✅ Local backup created: /home/lmnet/server/server/backups/backup-1761660003640.zip
✅ Backup uploaded: backup-1761660003640.zip
🗑️ Deleted oldest Google Drive backup: backup-1761573612509.zip
🧹 Removed local temporary backup file
✅ Backup process completed!
⏳ Creating backup...
✅ Local backup created: /home/lmnet/server/server/backups/backup-1761667211147.zip
✅ Backup uploaded: backup-1761667211147.zip
🗑️ Deleted oldest Google Drive backup: backup-1761580810360.zip
🧹 Removed local temporary backup file
✅ Backup process completed!
⏳ Creating backup...
✅ Local backup created: /home/lmnet/server/server/backups/backup-1761674413318.zip
✅ Backup uploaded: backup-1761674413318.zip
🗑️ Deleted oldest Google Drive backup: backup-1761588013821.zip
🧹 Removed local temporary backup file
✅ Backup process completed!
⏳ Creating backup...
✅ Local backup created: /home/lmnet/server/server/backups/backup-1761681613275.zip
✅ Backup uploaded: backup-1761681613275.zip
🗑️ Deleted oldest Google Drive backup: backup-1761595214156.zip
🧹 Removed local temporary backup file
✅ Backup process completed!
⏳ Creating backup...
✅ Local backup created: /home/lmnet/server/server/backups/backup-1761688812890.zip
✅ Backup uploaded: backup-1761688812890.zip
🗑️ Deleted oldest Google Drive backup: backup-1761602413101.zip
🧹 Removed local temporary backup file
✅ Backup process completed!
⏳ Creating backup...
✅ Local backup created: /home/lmnet/server/server/backups/backup-1761696015897.zip
✅ Backup uploaded: backup-1761696015897.zip
🗑️ Deleted oldest Google Drive backup: backup-1761609611636.zip
🧹 Removed local temporary backup file
✅ Backup process completed!
⏳ Creating backup...
✅ Local backup created: /home/lmnet/server/server/backups/backup-1761703213779.zip
✅ Backup uploaded: backup-1761703213779.zip
🗑️ Deleted oldest Google Drive backup: backup-1761616812054.zip
🧹 Removed local temporary backup file
✅ Backup process completed!
⏳ Creating backup...
✅ Local backup created: /home/lmnet/server/server/backups/backup-1761710413821.zip
✅ Backup uploaded: backup-1761710413821.zip
🗑️ Deleted oldest Google Drive backup: backup-1761624012646.zip
🧹 Removed local temporary backup file
✅ Backup process completed!
⏳ Creating backup...
✅ Local backup created: /home/lmnet/server/server/backups/backup-1761717614472.zip
✅ Backup uploaded: backup-1761717614472.zip
🗑️ Deleted oldest Google Drive backup: backup-1761631213713.zip
🧹 Removed local temporary backup file
✅ Backup process completed!
⏳ Creating backup...
✅ Local backup created: /home/lmnet/server/server/backups/backup-1761724802974.zip
✅ Backup uploaded: backup-1761724802974.zip
🗑️ Deleted oldest Google Drive backup: backup-1761638411734.zip
🧹 Removed local temporary backup file
✅ Backup process completed!
⏳ Creating backup...
✅ Local backup created: /home/lmnet/server/server/backups/backup-1761732002911.zip
✅ Backup uploaded: backup-1761732002911.zip
🗑️ Deleted oldest Google Drive backup: backup-1761645612272.zip
🧹 Removed local temporary backup file
✅ Backup process completed!
⏳ Creating backup...
✅ Local backup created: /home/lmnet/server/server/backups/backup-1761739202489.zip
✅ Backup uploaded: backup-1761739202489.zip
🗑️ Deleted oldest Google Drive backup: backup-1761652812883.zip
🧹 Removed local temporary backup file
✅ Backup process completed!
⏳ Creating backup...
✅ Local backup created: /home/lmnet/server/server/backups/backup-1761746402326.zip
✅ Backup uploaded: backup-1761746402326.zip
🗑️ Deleted oldest Google Drive backup: backup-1761660003640.zip
🧹 Removed local temporary backup file
✅ Backup process completed!
⏳ Creating backup...
✅ Local backup created: /home/lmnet/server/server/backups/backup-1761753607206.zip
✅ Backup uploaded: backup-1761753607206.zip
🗑️ Deleted oldest Google Drive backup: backup-1761667211147.zip
🧹 Removed local temporary backup file
✅ Backup process completed!
⏳ Creating backup...
✅ Local backup created: /home/lmnet/server/server/backups/backup-1761760802453.zip
✅ Backup uploaded: backup-1761760802453.zip
🗑️ Deleted oldest Google Drive backup: backup-1761674413318.zip
🧹 Removed local temporary backup file
✅ Backup process completed!
⏳ Creating backup...
✅ Local backup created: /home/lmnet/server/server/backups/backup-1761768002524.zip
✅ Backup uploaded: backup-1761768002524.zip
🗑️ Deleted oldest Google Drive backup: backup-1761681613275.zip
🧹 Removed local temporary backup file
✅ Backup process completed!
⏳ Creating backup...
✅ Local backup created: /home/lmnet/server/server/backups/backup-1761775202764.zip
✅ Backup uploaded: backup-1761775202764.zip
🗑️ Deleted oldest Google Drive backup: backup-1761688812890.zip
🧹 Removed local temporary backup file
✅ Backup process completed!
⏳ Creating backup...
✅ Local backup created: /home/lmnet/server/server/backups/backup-1761782403176.zip
✅ Backup uploaded: backup-1761782403176.zip
🗑️ Deleted oldest Google Drive backup: backup-1761696015897.zip
🧹 Removed local temporary backup file
✅ Backup process completed!
⏳ Creating backup...
✅ Local backup created: /home/lmnet/server/server/backups/backup-1761789602194.zip
✅ Backup uploaded: backup-1761789602194.zip
🗑️ Deleted oldest Google Drive backup: backup-1761703213779.zip
🧹 Removed local temporary backup file
✅ Backup process completed!
⏳ Creating backup...
✅ Local backup created: /home/lmnet/server/server/backups/backup-1761796802372.zip
✅ Backup uploaded: backup-1761796802372.zip
🗑️ Deleted oldest Google Drive backup: backup-1761710413821.zip
🧹 Removed local temporary backup file
✅ Backup process completed!
⏳ Creating backup...
✅ Local backup created: /home/lmnet/server/server/backups/backup-1761804002170.zip
✅ Backup uploaded: backup-1761804002170.zip
🗑️ Deleted oldest Google Drive backup: backup-1761717614472.zip
🧹 Removed local temporary backup file
✅ Backup process completed!
⏳ Creating backup...
✅ Local backup created: /home/lmnet/server/server/backups/backup-1761811202961.zip
✅ Backup uploaded: backup-1761811202961.zip
🗑️ Deleted oldest Google Drive backup: backup-1761724802974.zip
🧹 Removed local temporary backup file
✅ Backup process completed!
⏳ Creating backup...
✅ Local backup created: /home/lmnet/server/server/backups/backup-1761818402168.zip
✅ Backup uploaded: backup-1761818402168.zip
🗑️ Deleted oldest Google Drive backup: backup-1761732002911.zip
🧹 Removed local temporary backup file
✅ Backup process completed!
⏳ Creating backup...
✅ Local backup created: /home/lmnet/server/server/backups/backup-1761825602756.zip
✅ Backup uploaded: backup-1761825602756.zip
🗑️ Deleted oldest Google Drive backup: backup-1761739202489.zip
🧹 Removed local temporary backup file
✅ Backup process completed!
⏳ Creating backup...
✅ Local backup created: /home/lmnet/server/server/backups/backup-1761832802321.zip
✅ Backup uploaded: backup-1761832802321.zip
🗑️ Deleted oldest Google Drive backup: backup-1761746402326.zip
🧹 Removed local temporary backup file
✅ Backup process completed!
⏳ Creating backup...
✅ Local backup created: /home/lmnet/server/server/backups/backup-1761840002915.zip
✅ Backup uploaded: backup-1761840002915.zip
🗑️ Deleted oldest Google Drive backup: backup-1761753607206.zip
🧹 Removed local temporary backup file
✅ Backup process completed!
⏳ Creating backup...
✅ Local backup created: /home/lmnet/server/server/backups/backup-1761847202439.zip
✅ Backup uploaded: backup-1761847202439.zip
🗑️ Deleted oldest Google Drive backup: backup-1761760802453.zip
🧹 Removed local temporary backup file
✅ Backup process completed!
⏳ Creating backup...
✅ Local backup created: /home/lmnet/server/server/backups/backup-1761854402793.zip
✅ Backup uploaded: backup-1761854402793.zip
🗑️ Deleted oldest Google Drive backup: backup-1761768002524.zip
🧹 Removed local temporary backup file
✅ Backup process completed!
⏳ Creating backup...
✅ Local backup created: /home/lmnet/server/server/backups/backup-1761861602458.zip
✅ Backup uploaded: backup-1761861602458.zip
🗑️ Deleted oldest Google Drive backup: backup-1761775202764.zip
🧹 Removed local temporary backup file
✅ Backup process completed!
⏳ Creating backup...
✅ Local backup created: /home/lmnet/server/server/backups/backup-1761868802288.zip
✅ Backup uploaded: backup-1761868802288.zip
🗑️ Deleted oldest Google Drive backup: backup-1761782403176.zip
🧹 Removed local temporary backup file
✅ Backup process completed!
⏳ Creating backup...
✅ Local backup created: /home/lmnet/server/server/backups/backup-1761876002538.zip
✅ Backup uploaded: backup-1761876002538.zip
🗑️ Deleted oldest Google Drive backup: backup-1761789602194.zip
🧹 Removed local temporary backup file
✅ Backup process completed!
⏳ Creating backup...
✅ Local backup created: /home/lmnet/server/server/backups/backup-1761883202582.zip
✅ Backup uploaded: backup-1761883202582.zip
🗑️ Deleted oldest Google Drive backup: backup-1761796802372.zip
🧹 Removed local temporary backup file
✅ Backup process completed!
⏳ Creating backup...
✅ Local backup created: /home/lmnet/server/server/backups/backup-1761890402094.zip
✅ Backup uploaded: backup-1761890402094.zip
🗑️ Deleted oldest Google Drive backup: backup-1761804002170.zip
🧹 Removed local temporary backup file
✅ Backup process completed!
⏳ Creating backup...
✅ Local backup created: /home/lmnet/server/server/backups/backup-1761897602907.zip
✅ Backup uploaded: backup-1761897602907.zip
🗑️ Deleted oldest Google Drive backup: backup-1761811202961.zip
🧹 Removed local temporary backup file
✅ Backup process completed!
⏳ Creating backup...
✅ Local backup created: /home/lmnet/server/server/backups/backup-1761904802548.zip
✅ Backup uploaded: backup-1761904802548.zip
🗑️ Deleted oldest Google Drive backup: backup-1761818402168.zip
🧹 Removed local temporary backup file
✅ Backup process completed!
⏳ Creating backup...
✅ Local backup created: /home/lmnet/server/server/backups/backup-1761912001966.zip
✅ Backup uploaded: backup-1761912001966.zip
🗑️ Deleted oldest Google Drive backup: backup-1761825602756.zip
🧹 Removed local temporary backup file
✅ Backup process completed!
⏳ Creating backup...
✅ Local backup created: /home/lmnet/server/server/backups/backup-1761919202382.zip
✅ Backup uploaded: backup-1761919202382.zip
🗑️ Deleted oldest Google Drive backup: backup-1761832802321.zip
🧹 Removed local temporary backup file
✅ Backup process completed!
⏳ Creating backup...
✅ Local backup created: /home/lmnet/server/server/backups/backup-1761926402340.zip
✅ Backup uploaded: backup-1761926402340.zip
🗑️ Deleted oldest Google Drive backup: backup-1761840002915.zip
🧹 Removed local temporary backup file
✅ Backup process completed!
⏳ Creating backup...
✅ Local backup created: /home/lmnet/server/server/backups/backup-1761933602879.zip
✅ Backup uploaded: backup-1761933602879.zip
🗑️ Deleted oldest Google Drive backup: backup-1761847202439.zip
🧹 Removed local temporary backup file
✅ Backup process completed!
⏳ Creating backup...
✅ Local backup created: /home/lmnet/server/server/backups/backup-1761940802708.zip
✅ Backup uploaded: backup-1761940802708.zip
🗑️ Deleted oldest Google Drive backup: backup-1761854402793.zip
🧹 Removed local temporary backup file
✅ Backup process completed!
⏳ Creating backup...
✅ Local backup created: /home/lmnet/server/server/backups/backup-1761948002887.zip
✅ Backup uploaded: backup-1761948002887.zip
🗑️ Deleted oldest Google Drive backup: backup-1761861602458.zip
🧹 Removed local temporary backup file
✅ Backup process completed!
⏳ Creating backup...
✅ Local backup created: /home/lmnet/server/server/backups/backup-1761955203322.zip
✅ Backup uploaded: backup-1761955203322.zip
🗑️ Deleted oldest Google Drive backup: backup-1761868802288.zip
🧹 Removed local temporary backup file
✅ Backup process completed!
⏳ Creating backup...
✅ Local backup created: /home/lmnet/server/server/backups/backup-1761962402736.zip
✅ Backup uploaded: backup-1761962402736.zip
🗑️ Deleted oldest Google Drive backup: backup-1761876002538.zip
🧹 Removed local temporary backup file
✅ Backup process completed!
⏳ Creating backup...
✅ Local backup created: /home/lmnet/server/server/backups/backup-1761969602603.zip
✅ Backup uploaded: backup-1761969602603.zip
🗑️ Deleted oldest Google Drive backup: backup-1761883202582.zip
🧹 Removed local temporary backup file
✅ Backup process completed!
⏳ Creating backup...
✅ Local backup created: /home/lmnet/server/server/backups/backup-1761976803076.zip
✅ Backup uploaded: backup-1761976803076.zip
🗑️ Deleted oldest Google Drive backup: backup-1761890402094.zip
🧹 Removed local temporary backup file
✅ Backup process completed!
⏳ Creating backup...
✅ Local backup created: /home/lmnet/server/server/backups/backup-1761984002644.zip
✅ Backup uploaded: backup-1761984002644.zip
🗑️ Deleted oldest Google Drive backup: backup-1761897602907.zip
🧹 Removed local temporary backup file
✅ Backup process completed!
⏳ Creating backup...
✅ Local backup created: /home/lmnet/server/server/backups/backup-1761991201918.zip
✅ Backup uploaded: backup-1761991201918.zip
🗑️ Deleted oldest Google Drive backup: backup-1761904802548.zip
🧹 Removed local temporary backup file
✅ Backup process completed!
⏳ Creating backup...
✅ Local backup created: /home/lmnet/server/server/backups/backup-1761998402237.zip
✅ Backup uploaded: backup-1761998402237.zip
🗑️ Deleted oldest Google Drive backup: backup-1761912001966.zip
🧹 Removed local temporary backup file
✅ Backup process completed!
⏳ Creating backup...
✅ Local backup created: /home/lmnet/server/server/backups/backup-1762005602218.zip
✅ Backup uploaded: backup-1762005602218.zip
🗑️ Deleted oldest Google Drive backup: backup-1761919202382.zip
🧹 Removed local temporary backup file
✅ Backup process completed!
⏳ Creating backup...
✅ Local backup created: /home/lmnet/server/server/backups/backup-1762012803105.zip
✅ Backup uploaded: backup-1762012803105.zip
🗑️ Deleted oldest Google Drive backup: backup-1761926402340.zip
🧹 Removed local temporary backup file
✅ Backup process completed!
⏳ Creating backup...
✅ Local backup created: /home/lmnet/server/server/backups/backup-1762020002869.zip
✅ Backup uploaded: backup-1762020002869.zip
🗑️ Deleted oldest Google Drive backup: backup-1761933602879.zip
🧹 Removed local temporary backup file
✅ Backup process completed!
⏳ Creating backup...
✅ Local backup created: /home/lmnet/server/server/backups/backup-1762027202577.zip
✅ Backup uploaded: backup-1762027202577.zip
🗑️ Deleted oldest Google Drive backup: backup-1761940802708.zip
🧹 Removed local temporary backup file
✅ Backup process completed!
⏳ Creating backup...
✅ Local backup created: /home/lmnet/server/server/backups/backup-1762034402534.zip
✅ Backup uploaded: backup-1762034402534.zip
🗑️ Deleted oldest Google Drive backup: backup-1761948002887.zip
🧹 Removed local temporary backup file
✅ Backup process completed!
⏳ Creating backup...
✅ Local backup created: /home/lmnet/server/server/backups/backup-1762041602720.zip
✅ Backup uploaded: backup-1762041602720.zip
🗑️ Deleted oldest Google Drive backup: backup-1761955203322.zip
🧹 Removed local temporary backup file
✅ Backup process completed!
⏳ Creating backup...
✅ Local backup created: /home/lmnet/server/server/backups/backup-1762048803086.zip
✅ Backup uploaded: backup-1762048803086.zip
🗑️ Deleted oldest Google Drive backup: backup-1761962402736.zip
🧹 Removed local temporary backup file
✅ Backup process completed!
⏳ Creating backup...
✅ Local backup created: /home/lmnet/server/server/backups/backup-1762056002773.zip
✅ Backup uploaded: backup-1762056002773.zip
🗑️ Deleted oldest Google Drive backup: backup-1761969602603.zip
🧹 Removed local temporary backup file
✅ Backup process completed!
⏳ Creating backup...
✅ Local backup created: /home/lmnet/server/server/backups/backup-1762063202242.zip
✅ Backup uploaded: backup-1762063202242.zip
🗑️ Deleted oldest Google Drive backup: backup-1761976803076.zip
🧹 Removed local temporary backup file
✅ Backup process completed!
⏳ Creating backup...
✅ Local backup created: /home/lmnet/server/server/backups/backup-1762070402819.zip
✅ Backup uploaded: backup-1762070402819.zip
🗑️ Deleted oldest Google Drive backup: backup-1761984002644.zip
🧹 Removed local temporary backup file
✅ Backup process completed!
⏳ Creating backup...
✅ Local backup created: /home/lmnet/server/server/backups/backup-1762077602872.zip
✅ Backup uploaded: backup-1762077602872.zip
🗑️ Deleted oldest Google Drive backup: backup-1761991201918.zip
🧹 Removed local temporary backup file
✅ Backup process completed!
⏳ Creating backup...
✅ Local backup created: /home/lmnet/server/server/backups/backup-1762084802020.zip
✅ Backup uploaded: backup-1762084802020.zip
🗑️ Deleted oldest Google Drive backup: backup-1761998402237.zip
🧹 Removed local temporary backup file
✅ Backup process completed!
⏳ Creating backup...
✅ Local backup created: /home/lmnet/server/server/backups/backup-1762092002765.zip
✅ Backup uploaded: backup-1762092002765.zip
🗑️ Deleted oldest Google Drive backup: backup-1762005602218.zip
🧹 Removed local temporary backup file
✅ Backup process completed!
⏳ Creating backup...
✅ Local backup created: /home/lmnet/server/server/backups/backup-1762099204077.zip
✅ Backup uploaded: backup-1762099204077.zip
🗑️ Deleted oldest Google Drive backup: backup-1762012803105.zip
🧹 Removed local temporary backup file
✅ Backup process completed!
⏳ Creating backup...
✅ Local backup created: /home/lmnet/server/server/backups/backup-1762106402936.zip
✅ Backup uploaded: backup-1762106402936.zip
🗑️ Deleted oldest Google Drive backup: backup-1762020002869.zip
🧹 Removed local temporary backup file
✅ Backup process completed!
⏳ Creating backup...
✅ Local backup created: /home/lmnet/server/server/backups/backup-1762113603955.zip
✅ Backup uploaded: backup-1762113603955.zip
🗑️ Deleted oldest Google Drive backup: backup-1762027202577.zip
🧹 Removed local temporary backup file
✅ Backup process completed!
⏳ Creating backup...
✅ Local backup created: /home/lmnet/server/server/backups/backup-1762120814446.zip
✅ Backup uploaded: backup-1762120814446.zip
🗑️ Deleted oldest Google Drive backup: backup-1762034402534.zip
🧹 Removed local temporary backup file
✅ Backup process completed!
⏳ Creating backup...
✅ Local backup created: /home/lmnet/server/server/backups/backup-1762128015952.zip
✅ Backup uploaded: backup-1762128015952.zip
🗑️ Deleted oldest Google Drive backup: backup-1762041602720.zip
🧹 Removed local temporary backup file
✅ Backup process completed!
⏳ Creating backup...
✅ Local backup created: /home/lmnet/server/server/backups/backup-1762135213351.zip
✅ Backup uploaded: backup-1762135213351.zip
🗑️ Deleted oldest Google Drive backup: backup-1762048803086.zip
🧹 Removed local temporary backup file
✅ Backup process completed!
⏳ Creating backup...
✅ Local backup created: /home/lmnet/server/server/backups/backup-1762142413510.zip
✅ Backup uploaded: backup-1762142413510.zip
🗑️ Deleted oldest Google Drive backup: backup-1762056002773.zip
🧹 Removed local temporary backup file
✅ Backup process completed!
⏳ Creating backup...
✅ Local backup created: /home/lmnet/server/server/backups/backup-1762149603461.zip
✅ Backup uploaded: backup-1762149603461.zip
🗑️ Deleted oldest Google Drive backup: backup-1762063202242.zip
🧹 Removed local temporary backup file
✅ Backup process completed!
⏳ Creating backup...
✅ Local backup created: /home/lmnet/server/server/backups/backup-1762156801721.zip
✅ Backup uploaded: backup-1762156801721.zip
🗑️ Deleted oldest Google Drive backup: backup-1762070402819.zip
🧹 Removed local temporary backup file
✅ Backup process completed!
⏳ Creating backup...
✅ Local backup created: /home/lmnet/server/server/backups/backup-1762164002196.zip
✅ Backup uploaded: backup-1762164002196.zip
🗑️ Deleted oldest Google Drive backup: backup-1762077602872.zip
🧹 Removed local temporary backup file
✅ Backup process completed!
⏳ Creating backup...
✅ Local backup created: /home/lmnet/server/server/backups/backup-1762171202778.zip
✅ Backup uploaded: backup-1762171202778.zip
🗑️ Deleted oldest Google Drive backup: backup-1762084802020.zip
🧹 Removed local temporary backup file
✅ Backup process completed!
⏳ Creating backup...
✅ Local backup created: /home/lmnet/server/server/backups/backup-1762178402114.zip
✅ Backup uploaded: backup-1762178402114.zip
🗑️ Deleted oldest Google Drive backup: backup-1762092002765.zip
🧹 Removed local temporary backup file
✅ Backup process completed!
⏳ Creating backup...
✅ Local backup created: /home/lmnet/server/server/backups/backup-1762185602465.zip
✅ Backup uploaded: backup-1762185602465.zip
🗑️ Deleted oldest Google Drive backup: backup-1762099204077.zip
🧹 Removed local temporary backup file
✅ Backup process completed!
⏳ Creating backup...
✅ Local backup created: /home/lmnet/server/server/backups/backup-1762192802808.zip
✅ Backup uploaded: backup-1762192802808.zip
🗑️ Deleted oldest Google Drive backup: backup-1762106402936.zip
🧹 Removed local temporary backup file
✅ Backup process completed!
⏳ Creating backup...
✅ Local backup created: /home/lmnet/server/server/backups/backup-1762200002726.zip
✅ Backup uploaded: backup-1762200002726.zip
🗑️ Deleted oldest Google Drive backup: backup-1762113603955.zip
🧹 Removed local temporary backup file
✅ Backup process completed!
⏳ Creating backup...
✅ Local backup created: /home/lmnet/server/server/backups/backup-1762207202717.zip
✅ Backup uploaded: backup-1762207202717.zip
🗑️ Deleted oldest Google Drive backup: backup-1762120814446.zip
🧹 Removed local temporary backup file
✅ Backup process completed!
⏳ Creating backup...
✅ Local backup created: /home/lmnet/server/server/backups/backup-1762214402667.zip
✅ Backup uploaded: backup-1762214402667.zip
🗑️ Deleted oldest Google Drive backup: backup-1762128015952.zip
🧹 Removed local temporary backup file
✅ Backup process completed!
⏳ Creating backup...
✅ Local backup created: /home/lmnet/server/server/backups/backup-1762221602211.zip
✅ Backup uploaded: backup-1762221602211.zip
🗑️ Deleted oldest Google Drive backup: backup-1762135213351.zip
🧹 Removed local temporary backup file
✅ Backup process completed!
⏳ Creating backup...
✅ Local backup created: /home/lmnet/server/server/backups/backup-1762228802157.zip
✅ Backup uploaded: backup-1762228802157.zip
🗑️ Deleted oldest Google Drive backup: backup-1762142413510.zip
🧹 Removed local temporary backup file
✅ Backup process completed!
⏳ Creating backup...
✅ Local backup created: /home/lmnet/server/server/backups/backup-1762236002317.zip
✅ Backup uploaded: backup-1762236002317.zip
🗑️ Deleted oldest Google Drive backup: backup-1762149603461.zip
🧹 Removed local temporary backup file
✅ Backup process completed!
⏳ Creating backup...
✅ Local backup created: /home/lmnet/server/server/backups/backup-1762243202547.zip
✅ Backup uploaded: backup-1762243202547.zip
🗑️ Deleted oldest Google Drive backup: backup-1762156801721.zip
🧹 Removed local temporary backup file
✅ Backup process completed!
⏳ Creating backup...
✅ Local backup created: /home/lmnet/server/server/backups/backup-1762250402339.zip
✅ Backup uploaded: backup-1762250402339.zip
🗑️ Deleted oldest Google Drive backup: backup-1762164002196.zip
🧹 Removed local temporary backup file
✅ Backup process completed!
⏳ Creating backup...
✅ Local backup created: /home/lmnet/server/server/backups/backup-1762257602162.zip
✅ Backup uploaded: backup-1762257602162.zip
🗑️ Deleted oldest Google Drive backup: backup-1762171202778.zip
🧹 Removed local temporary backup file
✅ Backup process completed!
⏳ Creating backup...
✅ Local backup created: /home/lmnet/server/server/backups/backup-1762264802316.zip
✅ Backup uploaded: backup-1762264802316.zip
🗑️ Deleted oldest Google Drive backup: backup-1762178402114.zip
🧹 Removed local temporary backup file
✅ Backup process completed!
⏳ Creating backup...
✅ Local backup created: /home/lmnet/server/server/backups/backup-1762272002311.zip
✅ Backup uploaded: backup-1762272002311.zip
🗑️ Deleted oldest Google Drive backup: backup-1762185602465.zip
🧹 Removed local temporary backup file
✅ Backup process completed!
⏳ Creating backup...
✅ Local backup created: /home/lmnet/server/server/backups/backup-1762279202840.zip
✅ Backup uploaded: backup-1762279202840.zip
🗑️ Deleted oldest Google Drive backup: backup-1762192802808.zip
🧹 Removed local temporary backup file
✅ Backup process completed!
⏳ Creating backup...
✅ Local backup created: /home/lmnet/server/server/backups/backup-1762286402777.zip
✅ Backup uploaded: backup-1762286402777.zip
🗑️ Deleted oldest Google Drive backup: backup-1762200002726.zip
🧹 Removed local temporary backup file
✅ Backup process completed!
⏳ Creating backup...
✅ Local backup created: /home/lmnet/server/server/backups/backup-1762293602729.zip
✅ Backup uploaded: backup-1762293602729.zip
🗑️ Deleted oldest Google Drive backup: backup-1762207202717.zip
🧹 Removed local temporary backup file
✅ Backup process completed!
⏳ Creating backup...
✅ Local backup created: /home/lmnet/server/server/backups/backup-1762300802828.zip
✅ Backup uploaded: backup-1762300802828.zip
🗑️ Deleted oldest Google Drive backup: backup-1762214402667.zip
🧹 Removed local temporary backup file
✅ Backup process completed!
⏳ Creating backup...
✅ Local backup created: /home/lmnet/server/server/backups/backup-1762308002827.zip
✅ Backup uploaded: backup-1762308002827.zip
🗑️ Deleted oldest Google Drive backup: backup-1762221602211.zip
🧹 Removed local temporary backup file
✅ Backup process completed!
⏳ Creating backup...
✅ Local backup created: /home/lmnet/server/server/backups/backup-1762315202796.zip
✅ Backup uploaded: backup-1762315202796.zip
🗑️ Deleted oldest Google Drive backup: backup-1762228802157.zip
🧹 Removed local temporary backup file
✅ Backup process completed!
⏳ Creating backup...
✅ Local backup created: /home/lmnet/server/server/backups/backup-1762322402409.zip
✅ Backup uploaded: backup-1762322402409.zip
🗑️ Deleted oldest Google Drive backup: backup-1762236002317.zip
🧹 Removed local temporary backup file
✅ Backup process completed!
⏳ Creating backup...
✅ Local backup created: /home/lmnet/server/server/backups/backup-1762329601790.zip
✅ Backup uploaded: backup-1762329601790.zip
🗑️ Deleted oldest Google Drive backup: backup-1762243202547.zip
🧹 Removed local temporary backup file
✅ Backup process completed!
⏳ Creating backup...
✅ Local backup created: /home/lmnet/server/server/backups/backup-1762336802592.zip
✅ Backup uploaded: backup-1762336802592.zip
🗑️ Deleted oldest Google Drive backup: backup-1762250402339.zip
🧹 Removed local temporary backup file
✅ Backup process completed!
⏳ Creating backup...
✅ Local backup created: /home/lmnet/server/server/backups/backup-1762344002622.zip
✅ Backup uploaded: backup-1762344002622.zip
🗑️ Deleted oldest Google Drive backup: backup-1762257602162.zip
🧹 Removed local temporary backup file
✅ Backup process completed!
⏳ Creating backup...
✅ Local backup created: /home/lmnet/server/server/backups/backup-1762351202910.zip
✅ Backup uploaded: backup-1762351202910.zip
🗑️ Deleted oldest Google Drive backup: backup-1762264802316.zip
🧹 Removed local temporary backup file
✅ Backup process completed!
⏳ Creating backup...
✅ Local backup created: /home/lmnet/server/server/backups/backup-1762358402142.zip
✅ Backup uploaded: backup-1762358402142.zip
🗑️ Deleted oldest Google Drive backup: backup-1762272002311.zip
🧹 Removed local temporary backup file
✅ Backup process completed!
⏳ Creating backup...
✅ Local backup created: /home/lmnet/server/server/backups/backup-1762365602695.zip
✅ Backup uploaded: backup-1762365602695.zip
🗑️ Deleted oldest Google Drive backup: backup-1762279202840.zip
🧹 Removed local temporary backup file
✅ Backup process completed!
⏳ Creating backup...
✅ Local backup created: /home/lmnet/server/server/backups/backup-1762372802619.zip
✅ Backup uploaded: backup-1762372802619.zip
🗑️ Deleted oldest Google Drive backup: backup-1762286402777.zip
🧹 Removed local temporary backup file
✅ Backup process completed!
⏳ Creating backup...
✅ Local backup created: /home/lmnet/server/server/backups/backup-1762380002817.zip
✅ Backup uploaded: backup-1762380002817.zip
🗑️ Deleted oldest Google Drive backup: backup-1762293602729.zip
🧹 Removed local temporary backup file
✅ Backup process completed!
⏳ Creating backup...
✅ Local backup created: /home/lmnet/server/server/backups/backup-1762387203189.zip
✅ Backup uploaded: backup-1762387203189.zip
🗑️ Deleted oldest Google Drive backup: backup-1762300802828.zip
🧹 Removed local temporary backup file
✅ Backup process completed!
⏳ Creating backup...
✅ Local backup created: /home/lmnet/server/server/backups/backup-1762394402654.zip
✅ Backup uploaded: backup-1762394402654.zip
🗑️ Deleted oldest Google Drive backup: backup-1762308002827.zip
🧹 Removed local temporary backup file
✅ Backup process completed!
⏳ Creating backup...
✅ Local backup created: /home/lmnet/server/server/backups/backup-1762401601837.zip
✅ Backup uploaded: backup-1762401601837.zip
🗑️ Deleted oldest Google Drive backup: backup-1762315202796.zip
🧹 Removed local temporary backup file
✅ Backup process completed!
⏳ Creating backup...
✅ Local backup created: /home/lmnet/server/server/backups/backup-1762408802340.zip
✅ Backup uploaded: backup-1762408802340.zip
🗑️ Deleted oldest Google Drive backup: backup-1762322402409.zip
🧹 Removed local temporary backup file
✅ Backup process completed!
⏳ Creating backup...
✅ Local backup created: /home/lmnet/server/server/backups/backup-1762416002712.zip
✅ Backup uploaded: backup-1762416002712.zip
🗑️ Deleted oldest Google Drive backup: backup-1762329601790.zip
🧹 Removed local temporary backup file
✅ Backup process completed!
⏳ Creating backup...
✅ Local backup created: /home/lmnet/server/server/backups/backup-1762423203003.zip
✅ Backup uploaded: backup-1762423203003.zip
🗑️ Deleted oldest Google Drive backup: backup-1762336802592.zip
🧹 Removed local temporary backup file
✅ Backup process completed!
⏳ Creating backup...
✅ Local backup created: /home/lmnet/server/server/backups/backup-1762430403057.zip
✅ Backup uploaded: backup-1762430403057.zip
🗑️ Deleted oldest Google Drive backup: backup-1762344002622.zip
🧹 Removed local temporary backup file
✅ Backup process completed!
⏳ Creating backup...
✅ Local backup created: /home/lmnet/server/server/backups/backup-1762437602827.zip
✅ Backup uploaded: backup-1762437602827.zip
🗑️ Deleted oldest Google Drive backup: backup-1762351202910.zip
🧹 Removed local temporary backup file
✅ Backup process completed!
⏳ Creating backup...
✅ Local backup created: /home/lmnet/server/server/backups/backup-1762444802325.zip
✅ Backup uploaded: backup-1762444802325.zip
🗑️ Deleted oldest Google Drive backup: backup-1762358402142.zip
🧹 Removed local temporary backup file
✅ Backup process completed!
⏳ Creating backup...
✅ Local backup created: /home/lmnet/server/server/backups/backup-1762452002009.zip
✅ Backup uploaded: backup-1762452002009.zip
🗑️ Deleted oldest Google Drive backup: backup-1762365602695.zip
🧹 Removed local temporary backup file
✅ Backup process completed!
⏳ Creating backup...
✅ Local backup created: /home/lmnet/server/server/backups/backup-1762459202691.zip
✅ Backup uploaded: backup-1762459202691.zip
🗑️ Deleted oldest Google Drive backup: backup-1762372802619.zip
🧹 Removed local temporary backup file
✅ Backup process completed!
⏳ Creating backup...
✅ Local backup created: /home/lmnet/server/server/backups/backup-1762466402755.zip
✅ Backup uploaded: backup-1762466402755.zip
🗑️ Deleted oldest Google Drive backup: backup-1762380002817.zip
🧹 Removed local temporary backup file
✅ Backup process completed!
⏳ Creating backup...
✅ Local backup created: /home/lmnet/server/server/backups/backup-1762473602846.zip
✅ Backup uploaded: backup-1762473602846.zip
🗑️ Deleted oldest Google Drive backup: backup-1762387203189.zip
🧹 Removed local temporary backup file
✅ Backup process completed!
⏳ Creating backup...
✅ Local backup created: /home/lmnet/server/server/backups/backup-1762480802665.zip
✅ Backup uploaded: backup-1762480802665.zip
🗑️ Deleted oldest Google Drive backup: backup-1762394402654.zip
🧹 Removed local temporary backup file
✅ Backup process completed!
⏳ Creating backup...
✅ Local backup created: /home/lmnet/server/server/backups/backup-1762488002890.zip
✅ Backup uploaded: backup-1762488002890.zip
🗑️ Deleted oldest Google Drive backup: backup-1762401601837.zip
🧹 Removed local temporary backup file
✅ Backup process completed!
⏳ Creating backup...
✅ Local backup created: /home/lmnet/server/server/backups/backup-1762495202725.zip
✅ Backup uploaded: backup-1762495202725.zip
🗑️ Deleted oldest Google Drive backup: backup-1762408802340.zip
🧹 Removed local temporary backup file
✅ Backup process completed!
⏳ Creating backup...
✅ Local backup created: /home/lmnet/server/server/backups/backup-1762502402179.zip
✅ Backup uploaded: backup-1762502402179.zip
🗑️ Deleted oldest Google Drive backup: backup-1762416002712.zip
🧹 Removed local temporary backup file
✅ Backup process completed!
⏳ Creating backup...
✅ Local backup created: /home/lmnet/server/server/backups/backup-1762509603009.zip
✅ Backup uploaded: backup-1762509603009.zip
🗑️ Deleted oldest Google Drive backup: backup-1762423203003.zip
🧹 Removed local temporary backup file
✅ Backup process completed!
⏳ Creating backup...
✅ Local backup created: /home/lmnet/server/server/backups/backup-1762516802733.zip
✅ Backup uploaded: backup-1762516802733.zip
🗑️ Deleted oldest Google Drive backup: backup-1762430403057.zip
🧹 Removed local temporary backup file
✅ Backup process completed!
⏳ Creating backup...
✅ Local backup created: /home/lmnet/server/server/backups/backup-1762524002184.zip
✅ Backup uploaded: backup-1762524002184.zip
🗑️ Deleted oldest Google Drive backup: backup-1762437602827.zip
🧹 Removed local temporary backup file
✅ Backup process completed!
⏳ Creating backup...
✅ Local backup created: /home/lmnet/server/server/backups/backup-1762531202339.zip
✅ Backup uploaded: backup-1762531202339.zip
🗑️ Deleted oldest Google Drive backup: backup-1762444802325.zip
🧹 Removed local temporary backup file
✅ Backup process completed!
⏳ Creating backup...
✅ Local backup created: /home/lmnet/server/server/backups/backup-1762538402346.zip
✅ Backup uploaded: backup-1762538402346.zip
🗑️ Deleted oldest Google Drive backup: backup-1762452002009.zip
🧹 Removed local temporary backup file
✅ Backup process completed!
⏳ Creating backup...
✅ Local backup created: /home/lmnet/server/server/backups/backup-1762545602743.zip
✅ Backup uploaded: backup-1762545602743.zip
🗑️ Deleted oldest Google Drive backup: backup-1762459202691.zip
🧹 Removed local temporary backup file
✅ Backup process completed!
⏳ Creating backup...
✅ Local backup created: /home/lmnet/server/server/backups/backup-1762552802345.zip
✅ Backup uploaded: backup-1762552802345.zip
🗑️ Deleted oldest Google Drive backup: backup-1762466402755.zip
🧹 Removed local temporary backup file
✅ Backup process completed!
⏳ Creating backup...
✅ Local backup created: /home/lmnet/server/server/backups/backup-1762560002347.zip
✅ Backup uploaded: backup-1762560002347.zip
🗑️ Deleted oldest Google Drive backup: backup-1762473602846.zip
🧹 Removed local temporary backup file
✅ Backup process completed!
⏳ Creating backup...
✅ Local backup created: /home/lmnet/server/server/backups/backup-1762567202481.zip
✅ Backup uploaded: backup-1762567202481.zip
🗑️ Deleted oldest Google Drive backup: backup-1762480802665.zip
🧹 Removed local temporary backup file
✅ Backup process completed!
⏳ Creating backup...
✅ Local backup created: /home/lmnet/server/server/backups/backup-1762574402773.zip
✅ Backup uploaded: backup-1762574402773.zip
🗑️ Deleted oldest Google Drive backup: backup-1762488002890.zip
🧹 Removed local temporary backup file
✅ Backup process completed!
⏳ Creating backup...
✅ Local backup created: /home/lmnet/server/server/backups/backup-1762581602139.zip
✅ Backup uploaded: backup-1762581602139.zip
🗑️ Deleted oldest Google Drive backup: backup-1762495202725.zip
🧹 Removed local temporary backup file
✅ Backup process completed!
⏳ Creating backup...
✅ Local backup created: /home/lmnet/server/server/backups/backup-1762588802856.zip
✅ Backup uploaded: backup-1762588802856.zip
🗑️ Deleted oldest Google Drive backup: backup-1762502402179.zip
🧹 Removed local temporary backup file
✅ Backup process completed!
⏳ Creating backup...
✅ Local backup created: /home/lmnet/server/server/backups/backup-1762596002299.zip
✅ Backup uploaded: backup-1762596002299.zip
🗑️ Deleted oldest Google Drive backup: backup-1762509603009.zip
🧹 Removed local temporary backup file
✅ Backup process completed!
⏳ Creating backup...
✅ Local backup created: /home/lmnet/server/server/backups/backup-1762603203068.zip
✅ Backup uploaded: backup-1762603203068.zip
🗑️ Deleted oldest Google Drive backup: backup-1762516802733.zip
🧹 Removed local temporary backup file
✅ Backup process completed!
⏳ Creating backup...
✅ Local backup created: /home/lmnet/server/server/backups/backup-1762610402637.zip
✅ Backup uploaded: backup-1762610402637.zip
🗑️ Deleted oldest Google Drive backup: backup-1762524002184.zip
🧹 Removed local temporary backup file
✅ Backup process completed!
⏳ Creating backup...
✅ Local backup created: /home/lmnet/server/server/backups/backup-1762617603063.zip
✅ Backup uploaded: backup-1762617603063.zip
🗑️ Deleted oldest Google Drive backup: backup-1762531202339.zip
🧹 Removed local temporary backup file
✅ Backup process completed!
⏳ Creating backup...
✅ Local backup created: /home/lmnet/server/server/backups/backup-1762624802667.zip
✅ Backup uploaded: backup-1762624802667.zip
🗑️ Deleted oldest Google Drive backup: backup-1762538402346.zip
🧹 Removed local temporary backup file
✅ Backup process completed!
⏳ Creating backup...
✅ Local backup created: /home/lmnet/server/server/backups/backup-1762632001955.zip
✅ Backup uploaded: backup-1762632001955.zip
🗑️ Deleted oldest Google Drive backup: backup-1762545602743.zip
🧹 Removed local temporary backup file
✅ Backup process completed!
⏳ Creating backup...
✅ Local backup created: /home/lmnet/server/server/backups/backup-1762639202413.zip
✅ Backup uploaded: backup-1762639202413.zip
🗑️ Deleted oldest Google Drive backup: backup-1762552802345.zip
🧹 Removed local temporary backup file
✅ Backup process completed!
⏳ Creating backup...
✅ Local backup created: /home/lmnet/server/server/backups/backup-1762646402539.zip
✅ Backup uploaded: backup-1762646402539.zip
🗑️ Deleted oldest Google Drive backup: backup-1762560002347.zip
🧹 Removed local temporary backup file
✅ Backup process completed!
⏳ Creating backup...
✅ Local backup created: /home/lmnet/server/server/backups/backup-1762653602485.zip
✅ Backup uploaded: backup-1762653602485.zip
🗑️ Deleted oldest Google Drive backup: backup-1762567202481.zip
🧹 Removed local temporary backup file
✅ Backup process completed!
⏳ Creating backup...
✅ Local backup created: /home/lmnet/server/server/backups/backup-1762660802769.zip
✅ Backup uploaded: backup-1762660802769.zip
🗑️ Deleted oldest Google Drive backup: backup-1762574402773.zip
🧹 Removed local temporary backup file
✅ Backup process completed!
⏳ Creating backup...
✅ Local backup created: /home/lmnet/server/server/backups/backup-1762668002522.zip
✅ Backup uploaded: backup-1762668002522.zip
🗑️ Deleted oldest Google Drive backup: backup-1762581602139.zip
🧹 Removed local temporary backup file
✅ Backup process completed!
⏳ Creating backup...
✅ Local backup created: /home/lmnet/server/server/backups/backup-1762675202147.zip
✅ Backup uploaded: backup-1762675202147.zip
🗑️ Deleted oldest Google Drive backup: backup-1762588802856.zip
🧹 Removed local temporary backup file
✅ Backup process completed!
⏳ Creating backup...
✅ Local backup created: /home/lmnet/server/server/backups/backup-1762682402307.zip
✅ Backup uploaded: backup-1762682402307.zip
🗑️ Deleted oldest Google Drive backup: backup-1762596002299.zip
🧹 Removed local temporary backup file
✅ Backup process completed!
⏳ Creating backup...
✅ Local backup created: /home/lmnet/server/server/backups/backup-1762689602433.zip
✅ Backup uploaded: backup-1762689602433.zip
🗑️ Deleted oldest Google Drive backup: backup-1762603203068.zip
🧹 Removed local temporary backup file
✅ Backup process completed!
⏳ Creating backup...
✅ Local backup created: /home/lmnet/server/server/backups/backup-1762696802155.zip
✅ Backup uploaded: backup-1762696802155.zip
🗑️ Deleted oldest Google Drive backup: backup-1762610402637.zip
🧹 Removed local temporary backup file
✅ Backup process completed!
⏳ Creating backup...
✅ Local backup created: /home/lmnet/server/server/backups/backup-1762704002737.zip
✅ Backup uploaded: backup-1762704002737.zip
🗑️ Deleted oldest Google Drive backup: backup-1762617603063.zip
🧹 Removed local temporary backup file
✅ Backup process completed!
⏳ Creating backup...
✅ Local backup created: /home/lmnet/server/server/backups/backup-1762711202689.zip
✅ Backup uploaded: backup-1762711202689.zip
🗑️ Deleted oldest Google Drive backup: backup-1762624802667.zip
🧹 Removed local temporary backup file
✅ Backup process completed!
⏳ Creating backup...
✅ Local backup created: /home/lmnet/server/server/backups/backup-1762718402314.zip
✅ Backup uploaded: backup-1762718402314.zip
🗑️ Deleted oldest Google Drive backup: backup-1762632001955.zip
🧹 Removed local temporary backup file
✅ Backup process completed!
⏳ Creating backup...
✅ Local backup created: /home/lmnet/server/server/backups/backup-1762725602179.zip
✅ Backup uploaded: backup-1762725602179.zip
🗑️ Deleted oldest Google Drive backup: backup-1762639202413.zip
🧹 Removed local temporary backup file
✅ Backup process completed!
⏳ Creating backup...
✅ Local backup created: /home/lmnet/server/server/backups/backup-1762732802599.zip
✅ Backup uploaded: backup-1762732802599.zip
🗑️ Deleted oldest Google Drive backup: backup-1762646402539.zip
🧹 Removed local temporary backup file
✅ Backup process completed!
⏳ Creating backup...
✅ Local backup created: /home/lmnet/server/server/backups/backup-1762740002295.zip
✅ Backup uploaded: backup-1762740002295.zip
🗑️ Deleted oldest Google Drive backup: backup-1762653602485.zip
🧹 Removed local temporary backup file
✅ Backup process completed!
⏳ Creating backup...
✅ Local backup created: /home/lmnet/server/server/backups/backup-1762747202758.zip
✅ Backup uploaded: backup-1762747202758.zip
🗑️ Deleted oldest Google Drive backup: backup-1762660802769.zip
🧹 Removed local temporary backup file
✅ Backup process completed!
⏳ Creating backup...
✅ Local backup created: /home/lmnet/server/server/backups/backup-1762754402390.zip
✅ Backup uploaded: backup-1762754402390.zip
🗑️ Deleted oldest Google Drive backup: backup-1762668002522.zip
🧹 Removed local temporary backup file
✅ Backup process completed!
⏳ Creating backup...
✅ Local backup created: /home/lmnet/server/server/backups/backup-1762761601798.zip
✅ Backup uploaded: backup-1762761601798.zip
🗑️ Deleted oldest Google Drive backup: backup-1762675202147.zip
🧹 Removed local temporary backup file
✅ Backup process completed!
⏳ Creating backup...
✅ Local backup created: /home/lmnet/server/server/backups/backup-1762768802706.zip
✅ Backup uploaded: backup-1762768802706.zip
🗑️ Deleted oldest Google Drive backup: backup-1762682402307.zip
🧹 Removed local temporary backup file
✅ Backup process completed!
⏳ Creating backup...
✅ Local backup created: /home/lmnet/server/server/backups/backup-1762776002899.zip
✅ Backup uploaded: backup-1762776002899.zip
🗑️ Deleted oldest Google Drive backup: backup-1762689602433.zip
🧹 Removed local temporary backup file
✅ Backup process completed!
⏳ Creating backup...
✅ Local backup created: /home/lmnet/server/server/backups/backup-1762783203070.zip
✅ Backup uploaded: backup-1762783203070.zip
🗑️ Deleted oldest Google Drive backup: backup-1762696802155.zip
🧹 Removed local temporary backup file
✅ Backup process completed!
⏳ Creating backup...
✅ Local backup created: /home/lmnet/server/server/backups/backup-1762790402459.zip
✅ Backup uploaded: backup-1762790402459.zip
🗑️ Deleted oldest Google Drive backup: backup-1762704002737.zip
🧹 Removed local temporary backup file
✅ Backup process completed!
⏳ Creating backup...
✅ Local backup created: /home/lmnet/server/server/backups/backup-1762797602634.zip
✅ Backup uploaded: backup-1762797602634.zip
🗑️ Deleted oldest Google Drive backup: backup-1762711202689.zip
🧹 Removed local temporary backup file
✅ Backup process completed!
⏳ Creating backup...
✅ Local backup created: /home/lmnet/server/server/backups/backup-1762804802368.zip
✅ Backup uploaded: backup-1762804802368.zip
🗑️ Deleted oldest Google Drive backup: backup-1762718402314.zip
🧹 Removed local temporary backup file
✅ Backup process completed!
⏳ Creating backup...
✅ Local backup created: /home/lmnet/server/server/backups/backup-1762812002924.zip
✅ Backup uploaded: backup-1762812002924.zip
🗑️ Deleted oldest Google Drive backup: backup-1762725602179.zip
🧹 Removed local temporary backup file
✅ Backup process completed!
⏳ Creating backup...
✅ Local backup created: /home/lmnet/server/server/backups/backup-1762819202490.zip
✅ Backup uploaded: backup-1762819202490.zip
🗑️ Deleted oldest Google Drive backup: backup-1762732802599.zip
🧹 Removed local temporary backup file
✅ Backup process completed!
⏳ Creating backup...
✅ Local backup created: /home/lmnet/server/server/backups/backup-1762826402899.zip
✅ Backup uploaded: backup-1762826402899.zip
🗑️ Deleted oldest Google Drive backup: backup-1762740002295.zip
🧹 Removed local temporary backup file
✅ Backup process completed!
⏳ Creating backup...
✅ Local backup created: /home/lmnet/server/server/backups/backup-1762833603005.zip
✅ Backup uploaded: backup-1762833603005.zip
🗑️ Deleted oldest Google Drive backup: backup-1762747202758.zip
🧹 Removed local temporary backup file
✅ Backup process completed!
⏳ Creating backup...
✅ Local backup created: /home/lmnet/server/server/backups/backup-1762840802461.zip
✅ Backup uploaded: backup-1762840802461.zip
🗑️ Deleted oldest Google Drive backup: backup-1762754402390.zip
🧹 Removed local temporary backup file
✅ Backup process completed!
⏳ Creating backup...
✅ Local backup created: /home/lmnet/server/server/backups/backup-1762848002425.zip
✅ Backup uploaded: backup-1762848002425.zip
🗑️ Deleted oldest Google Drive backup: backup-1762761601798.zip
🧹 Removed local temporary backup file
✅ Backup process completed!
⏳ Creating backup...
✅ Local backup created: /home/lmnet/server/server/backups/backup-1762855202566.zip
✅ Backup uploaded: backup-1762855202566.zip
🗑️ Deleted oldest Google Drive backup: backup-1762768802706.zip
🧹 Removed local temporary backup file
✅ Backup process completed!
⏳ Creating backup...
✅ Local backup created: /home/lmnet/server/server/backups/backup-1762862402799.zip
✅ Backup uploaded: backup-1762862402799.zip
🗑️ Deleted oldest Google Drive backup: backup-1762776002899.zip
🧹 Removed local temporary backup file
✅ Backup process completed!
⏳ Creating backup...
✅ Local backup created: /home/lmnet/server/server/backups/backup-1762869602291.zip
✅ Backup uploaded: backup-1762869602291.zip
🗑️ Deleted oldest Google Drive backup: backup-1762783203070.zip
🧹 Removed local temporary backup file
✅ Backup process completed!
⏳ Creating backup...
✅ Local backup created: /home/lmnet/server/server/backups/backup-1762876801887.zip
✅ Backup uploaded: backup-1762876801887.zip
🗑️ Deleted oldest Google Drive backup: backup-1762790402459.zip
🧹 Removed local temporary backup file
✅ Backup process completed!
⏳ Creating backup...
✅ Local backup created: /home/lmnet/server/server/backups/backup-1762884002952.zip
✅ Backup uploaded: backup-1762884002952.zip
🗑️ Deleted oldest Google Drive backup: backup-1762797602634.zip
🧹 Removed local temporary backup file
✅ Backup process completed!
⏳ Creating backup...
✅ Local backup created: /home/lmnet/server/server/backups/backup-1762891202926.zip
✅ Backup uploaded: backup-1762891202926.zip
🗑️ Deleted oldest Google Drive backup: backup-1762804802368.zip
🧹 Removed local temporary backup file
✅ Backup process completed!
⏳ Creating backup...
✅ Local backup created: /home/lmnet/server/server/backups/backup-1762898403013.zip
✅ Backup uploaded: backup-1762898403013.zip
🗑️ Deleted oldest Google Drive backup: backup-1762812002924.zip
🧹 Removed local temporary backup file
✅ Backup process completed!
⏳ Creating backup...
✅ Local backup created: /home/lmnet/server/server/backups/backup-1762905602345.zip
✅ Backup uploaded: backup-1762905602345.zip
🗑️ Deleted oldest Google Drive backup: backup-1762819202490.zip
🧹 Removed local temporary backup file
✅ Backup process completed!
⏳ Creating backup...
✅ Local backup created: /home/lmnet/server/server/backups/backup-1762912802416.zip
✅ Backup uploaded: backup-1762912802416.zip
🗑️ Deleted oldest Google Drive backup: backup-1762826402899.zip
🧹 Removed local temporary backup file
✅ Backup process completed!
⏳ Creating backup...
✅ Local backup created: /home/lmnet/server/server/backups/backup-1762920003154.zip
✅ Backup uploaded: backup-1762920003154.zip
🗑️ Deleted oldest Google Drive backup: backup-1762833603005.zip
🧹 Removed local temporary backup file
✅ Backup process completed!
⏳ Creating backup...
✅ Local backup created: /home/lmnet/server/server/backups/backup-1762927202779.zip
✅ Backup uploaded: backup-1762927202779.zip
🗑️ Deleted oldest Google Drive backup: backup-1762840802461.zip
🧹 Removed local temporary backup file
✅ Backup process completed!
⏳ Creating backup...
✅ Local backup created: /home/lmnet/server/server/backups/backup-1762934402422.zip
✅ Backup uploaded: backup-1762934402422.zip
🗑️ Deleted oldest Google Drive backup: backup-1762848002425.zip
🧹 Removed local temporary backup file
✅ Backup process completed!
⏳ Creating backup...
✅ Local backup created: /home/lmnet/server/server/backups/backup-1762941602808.zip
✅ Backup uploaded: backup-1762941602808.zip
🗑️ Deleted oldest Google Drive backup: backup-1762855202566.zip
🧹 Removed local temporary backup file
✅ Backup process completed!
⏳ Creating backup...
✅ Local backup created: /home/lmnet/server/server/backups/backup-1762948802004.zip
✅ Backup uploaded: backup-1762948802004.zip
🗑️ Deleted oldest Google Drive backup: backup-1762862402799.zip
🧹 Removed local temporary backup file
✅ Backup process completed!
⏳ Creating backup...
✅ Local backup created: /home/lmnet/server/server/backups/backup-1762956002978.zip
✅ Backup uploaded: backup-1762956002978.zip
🗑️ Deleted oldest Google Drive backup: backup-1762869602291.zip
🧹 Removed local temporary backup file
✅ Backup process completed!
⏳ Creating backup...
✅ Local backup created: /home/lmnet/server/server/backups/backup-1762963203102.zip
✅ Backup uploaded: backup-1762963203102.zip
🗑️ Deleted oldest Google Drive backup: backup-1762876801887.zip
🧹 Removed local temporary backup file
✅ Backup process completed!
⏳ Creating backup...
✅ Local backup created: /home/lmnet/server/server/backups/backup-1762970402976.zip
✅ Backup uploaded: backup-1762970402976.zip
🗑️ Deleted oldest Google Drive backup: backup-1762884002952.zip
🧹 Removed local temporary backup file
✅ Backup process completed!
⏳ Creating backup...
✅ Local backup created: /home/lmnet/server/server/backups/backup-1762977602227.zip
✅ Backup uploaded: backup-1762977602227.zip
🗑️ Deleted oldest Google Drive backup: backup-1762891202926.zip
🧹 Removed local temporary backup file
✅ Backup process completed!
⏳ Creating backup...
✅ Local backup created: /home/lmnet/server/server/backups/backup-1762984802180.zip
✅ Backup uploaded: backup-1762984802180.zip
🗑️ Deleted oldest Google Drive backup: backup-1762898403013.zip
🧹 Removed local temporary backup file
✅ Backup process completed!
⏳ Creating backup...
✅ Local backup created: /home/lmnet/server/server/backups/backup-1762992002750.zip
✅ Backup uploaded: backup-1762992002750.zip
🗑️ Deleted oldest Google Drive backup: backup-1762905602345.zip
🧹 Removed local temporary backup file
✅ Backup process completed!
⏳ Creating backup...
✅ Local backup created: /home/lmnet/server/server/backups/backup-1762999202965.zip
✅ Backup uploaded: backup-1762999202965.zip
🗑️ Deleted oldest Google Drive backup: backup-1762912802416.zip
🧹 Removed local temporary backup file
✅ Backup process completed!
⏳ Creating backup...
✅ Local backup created: /home/lmnet/server/server/backups/backup-1763006402803.zip
✅ Backup uploaded: backup-1763006402803.zip
🗑️ Deleted oldest Google Drive backup: backup-1762920003154.zip
🧹 Removed local temporary backup file
✅ Backup process completed!
⏳ Creating backup...
✅ Local backup created: /home/lmnet/server/server/backups/backup-1763013602752.zip
✅ Backup uploaded: backup-1763013602752.zip
🗑️ Deleted oldest Google Drive backup: backup-1762927202779.zip
🧹 Removed local temporary backup file
✅ Backup process completed!
⏳ Creating backup...
✅ Local backup created: /home/lmnet/server/server/backups/backup-1763020802622.zip
✅ Backup uploaded: backup-1763020802622.zip
🗑️ Deleted oldest Google Drive backup: backup-1762934402422.zip
🧹 Removed local temporary backup file
✅ Backup process completed!
⏳ Creating backup...
✅ Local backup created: /home/lmnet/server/server/backups/backup-1763028002405.zip
✅ Backup uploaded: backup-1763028002405.zip
🗑️ Deleted oldest Google Drive backup: backup-1762941602808.zip
🧹 Removed local temporary backup file
✅ Backup process completed!
⏳ Creating backup...
✅ Local backup created: /home/lmnet/server/server/backups/backup-1763035202692.zip
✅ Backup uploaded: backup-1763035202692.zip
🗑️ Deleted oldest Google Drive backup: backup-1762948802004.zip
🧹 Removed local temporary backup file
✅ Backup process completed!
⏳ Creating backup...
✅ Local backup created: /home/lmnet/server/server/backups/backup-1763042402826.zip
✅ Backup uploaded: backup-1763042402826.zip
🗑️ Deleted oldest Google Drive backup: backup-1762956002978.zip
🧹 Removed local temporary backup file
✅ Backup process completed!
⏳ Creating backup...
✅ Local backup created: /home/lmnet/server/server/backups/backup-1763049602580.zip
✅ Backup uploaded: backup-1763049602580.zip
🗑️ Deleted oldest Google Drive backup: backup-1762963203102.zip
🧹 Removed local temporary backup file
✅ Backup process completed!
⏳ Creating backup...
✅ Local backup created: /home/lmnet/server/server/backups/backup-1763056802396.zip
✅ Backup uploaded: backup-1763056802396.zip
🗑️ Deleted oldest Google Drive backup: backup-1762970402976.zip
🧹 Removed local temporary backup file
✅ Backup process completed!
⏳ Creating backup...
✅ Local backup created: /home/lmnet/server/server/backups/backup-1763064002530.zip
✅ Backup uploaded: backup-1763064002530.zip
🗑️ Deleted oldest Google Drive backup: backup-1762977602227.zip
🧹 Removed local temporary backup file
✅ Backup process completed!
⏳ Creating backup...
✅ Local backup created: /home/lmnet/server/server/backups/backup-1763071202569.zip
✅ Backup uploaded: backup-1763071202569.zip
🗑️ Deleted oldest Google Drive backup: backup-1762984802180.zip
🧹 Removed local temporary backup file
✅ Backup process completed!
⏳ Creating backup...
✅ Local backup created: /home/lmnet/server/server/backups/backup-1763078402764.zip
✅ Backup uploaded: backup-1763078402764.zip
🗑️ Deleted oldest Google Drive backup: backup-1762992002750.zip
🧹 Removed local temporary backup file
✅ Backup process completed!
⏳ Creating backup...
✅ Local backup created: /home/lmnet/server/server/backups/backup-1763085602715.zip
✅ Backup uploaded: backup-1763085602715.zip
🗑️ Deleted oldest Google Drive backup: backup-1762999202965.zip
🧹 Removed local temporary backup file
✅ Backup process completed!
⏳ Creating backup...
✅ Local backup created: /home/lmnet/server/server/backups/backup-1763092802230.zip
✅ Backup uploaded: backup-1763092802230.zip
🗑️ Deleted oldest Google Drive backup: backup-1763006402803.zip
🧹 Removed local temporary backup file
✅ Backup process completed!
⏳ Creating backup...
✅ Local backup created: /home/lmnet/server/server/backups/backup-1763100001828.zip
✅ Backup uploaded: backup-1763100001828.zip
🗑️ Deleted oldest Google Drive backup: backup-1763013602752.zip
🧹 Removed local temporary backup file
✅ Backup process completed!
⏳ Creating backup...
✅ Local backup created: /home/lmnet/server/server/backups/backup-1763107202965.zip
✅ Backup uploaded: backup-1763107202965.zip
🗑️ Deleted oldest Google Drive backup: backup-1763020802622.zip
🧹 Removed local temporary backup file
✅ Backup process completed!
⏳ Creating backup...
✅ Local backup created: /home/lmnet/server/server/backups/backup-1763114402580.zip
✅ Backup uploaded: backup-1763114402580.zip
🗑️ Deleted oldest Google Drive backup: backup-1763028002405.zip
🧹 Removed local temporary backup file
✅ Backup process completed!
⏳ Creating backup...
✅ Local backup created: /home/lmnet/server/server/backups/backup-1763121602891.zip
✅ Backup uploaded: backup-1763121602891.zip
🗑️ Deleted oldest Google Drive backup: backup-1763035202692.zip
🧹 Removed local temporary backup file
✅ Backup process completed!
⏳ Creating backup...
✅ Local backup created: /home/lmnet/server/server/backups/backup-1763128802324.zip
✅ Backup uploaded: backup-1763128802324.zip
🗑️ Deleted oldest Google Drive backup: backup-1763042402826.zip
🧹 Removed local temporary backup file
✅ Backup process completed!
⏳ Creating backup...
✅ Local backup created: /home/lmnet/server/server/backups/backup-1763136002299.zip
✅ Backup uploaded: backup-1763136002299.zip
🗑️ Deleted oldest Google Drive backup: backup-1763049602580.zip
🧹 Removed local temporary backup file
✅ Backup process completed!
⏳ Creating backup...
✅ Local backup created: /home/lmnet/server/server/backups/backup-1763143202817.zip
✅ Backup uploaded: backup-1763143202817.zip
🗑️ Deleted oldest Google Drive backup: backup-1763056802396.zip
🧹 Removed local temporary backup file
✅ Backup process completed!
⏳ Creating backup...
✅ Local backup created: /home/lmnet/server/server/backups/backup-1763150402828.zip
✅ Backup uploaded: backup-1763150402828.zip
🗑️ Deleted oldest Google Drive backup: backup-1763064002530.zip
🧹 Removed local temporary backup file
✅ Backup process completed!
⏳ Creating backup...
✅ Local backup created: /home/lmnet/server/server/backups/backup-1763157602156.zip
✅ Backup uploaded: backup-1763157602156.zip
🗑️ Deleted oldest Google Drive backup: backup-1763071202569.zip
🧹 Removed local temporary backup file
✅ Backup process completed!
⏳ Creating backup...
✅ Local backup created: /home/lmnet/server/server/backups/backup-1763164803052.zip
✅ Backup uploaded: backup-1763164803052.zip
🗑️ Deleted oldest Google Drive backup: backup-1763078402764.zip
🧹 Removed local temporary backup file
✅ Backup process completed!
⏳ Creating backup...
✅ Local backup created: /home/lmnet/server/server/backups/backup-1763172002608.zip
✅ Backup uploaded: backup-1763172002608.zip
🗑️ Deleted oldest Google Drive backup: backup-1763085602715.zip
🧹 Removed local temporary backup file
✅ Backup process completed!
⏳ Creating backup...
✅ Local backup created: /home/lmnet/server/server/backups/backup-1763179202785.zip
✅ Backup uploaded: backup-1763179202785.zip
🗑️ Deleted oldest Google Drive backup: backup-1763092802230.zip
🧹 Removed local temporary backup file
✅ Backup process completed!
⏳ Creating backup...
✅ Local backup created: /home/lmnet/server/server/backups/backup-1763186402849.zip
✅ Backup uploaded: backup-1763186402849.zip
🗑️ Deleted oldest Google Drive backup: backup-1763100001828.zip
🧹 Removed local temporary backup file
✅ Backup process completed!
⏳ Creating backup...
✅ Local backup created: /home/lmnet/server/server/backups/backup-1763193602784.zip
✅ Backup uploaded: backup-1763193602784.zip
🗑️ Deleted oldest Google Drive backup: backup-1763107202965.zip
🧹 Removed local temporary backup file
✅ Backup process completed!
⏳ Creating backup...
✅ Local backup created: /home/lmnet/server/server/backups/backup-1763200802431.zip
✅ Backup uploaded: backup-1763200802431.zip
🗑️ Deleted oldest Google Drive backup: backup-1763114402580.zip
🧹 Removed local temporary backup file
✅ Backup process completed!
⏳ Creating backup...
✅ Local backup created: /home/lmnet/server/server/backups/backup-1763208002298.zip
✅ Backup uploaded: backup-1763208002298.zip
🗑️ Deleted oldest Google Drive backup: backup-1763121602891.zip
🧹 Removed local temporary backup file
✅ Backup process completed!
⏳ Creating backup...
✅ Local backup created: /home/lmnet/server/server/backups/backup-1763215202154.zip
✅ Backup uploaded: backup-1763215202154.zip
🗑️ Deleted oldest Google Drive backup: backup-1763128802324.zip
🧹 Removed local temporary backup file
✅ Backup process completed!
⏳ Creating backup...
✅ Local backup created: /home/lmnet/server/server/backups/backup-1763222402099.zip
✅ Backup uploaded: backup-1763222402099.zip
🗑️ Deleted oldest Google Drive backup: backup-1763136002299.zip
🧹 Removed local temporary backup file
✅ Backup process completed!
⏳ Creating backup...
✅ Local backup created: /home/lmnet/server/server/backups/backup-1763229602424.zip
✅ Backup uploaded: backup-1763229602424.zip
🗑️ Deleted oldest Google Drive backup: backup-1763143202817.zip
🧹 Removed local temporary backup file
✅ Backup process completed!
⏳ Creating backup...
✅ Local backup created: /home/lmnet/server/server/backups/backup-1763236802877.zip
✅ Backup uploaded: backup-1763236802877.zip
🗑️ Deleted oldest Google Drive backup: backup-1763150402828.zip
🧹 Removed local temporary backup file
✅ Backup process completed!
⏳ Creating backup...
✅ Local backup created: /home/lmnet/server/server/backups/backup-1763244002499.zip
✅ Backup uploaded: backup-1763244002499.zip
🗑️ Deleted oldest Google Drive backup: backup-1763157602156.zip
🧹 Removed local temporary backup file
✅ Backup process completed!
⏳ Creating backup...
✅ Local backup created: /home/lmnet/server/server/backups/backup-1763251202888.zip
✅ Backup uploaded: backup-1763251202888.zip
🗑️ Deleted oldest Google Drive backup: backup-1763164803052.zip
🧹 Removed local temporary backup file
✅ Backup process completed!
⏳ Creating backup...
✅ Local backup created: /home/lmnet/server/server/backups/backup-1763258402491.zip
✅ Backup uploaded: backup-1763258402491.zip
🗑️ Deleted oldest Google Drive backup: backup-1763172002608.zip
🧹 Removed local temporary backup file
✅ Backup process completed!
⏳ Creating backup...
✅ Local backup created: /home/lmnet/server/server/backups/backup-1763265602643.zip
✅ Backup uploaded: backup-1763265602643.zip
🗑️ Deleted oldest Google Drive backup: backup-1763179202785.zip
🧹 Removed local temporary backup file
✅ Backup process completed!
⏳ Creating backup...
✅ Local backup created: /home/lmnet/server/server/backups/backup-1763272802375.zip
✅ Backup uploaded: backup-1763272802375.zip
🗑️ Deleted oldest Google Drive backup: backup-1763186402849.zip
🧹 Removed local temporary backup file
✅ Backup process completed!
⏳ Creating backup...
✅ Local backup created: /home/lmnet/server/server/backups/backup-1763280002502.zip
✅ Backup uploaded: backup-1763280002502.zip
🗑️ Deleted oldest Google Drive backup: backup-1763193602784.zip
🧹 Removed local temporary backup file
✅ Backup process completed!
⏳ Creating backup...
✅ Local backup created: /home/lmnet/server/server/backups/backup-1763287202238.zip
✅ Backup uploaded: backup-1763287202238.zip
🗑️ Deleted oldest Google Drive backup: backup-1763200802431.zip
🧹 Removed local temporary backup file
✅ Backup process completed!
⏳ Creating backup...
✅ Local backup created: /home/lmnet/server/server/backups/backup-1763294402904.zip
✅ Backup uploaded: backup-1763294402904.zip
🗑️ Deleted oldest Google Drive backup: backup-1763208002298.zip
🧹 Removed local temporary backup file
✅ Backup process completed!
⏳ Creating backup...
✅ Local backup created: /home/lmnet/server/server/backups/backup-1763301602238.zip
✅ Backup uploaded: backup-1763301602238.zip
🗑️ Deleted oldest Google Drive backup: backup-1763215202154.zip
🧹 Removed local temporary backup file
✅ Backup process completed!
⏳ Creating backup...
✅ Local backup created: /home/lmnet/server/server/backups/backup-1763308802372.zip
✅ Backup uploaded: backup-1763308802372.zip
🗑️ Deleted oldest Google Drive backup: backup-1763222402099.zip
🧹 Removed local temporary backup file
✅ Backup process completed!
⏳ Creating backup...
✅ Local backup created: /home/lmnet/server/server/backups/backup-1763316003037.zip
✅ Backup uploaded: backup-1763316003037.zip
🗑️ Deleted oldest Google Drive backup: backup-1763229602424.zip
🧹 Removed local temporary backup file
✅ Backup process completed!
⏳ Creating backup...
✅ Local backup created: /home/lmnet/server/server/backups/backup-1763323202569.zip
✅ Backup uploaded: backup-1763323202569.zip
🗑️ Deleted oldest Google Drive backup: backup-1763236802877.zip
🧹 Removed local temporary backup file
✅ Backup process completed!
⏳ Creating backup...
✅ Local backup created: /home/lmnet/server/server/backups/backup-1763330402096.zip
✅ Backup uploaded: backup-1763330402096.zip
🗑️ Deleted oldest Google Drive backup: backup-1763244002499.zip
🧹 Removed local temporary backup file
✅ Backup process completed!
⏳ Creating backup...
✅ Local backup created: /home/lmnet/server/server/backups/backup-1763337602115.zip
✅ Backup uploaded: backup-1763337602115.zip
🗑️ Deleted oldest Google Drive backup: backup-1763251202888.zip
🧹 Removed local temporary backup file
✅ Backup process completed!
⏳ Creating backup...
✅ Local backup created: /home/lmnet/server/server/backups/backup-1763344802137.zip
✅ Backup uploaded: backup-1763344802137.zip
🗑️ Deleted oldest Google Drive backup: backup-1763258402491.zip
🧹 Removed local temporary backup file
✅ Backup process completed!
⏳ Creating backup...
✅ Local backup created: /home/lmnet/server/server/backups/backup-1763352002978.zip
✅ Backup uploaded: backup-1763352002978.zip
🗑️ Deleted oldest Google Drive backup: backup-1763265602643.zip
🧹 Removed local temporary backup file
✅ Backup process completed!
⏳ Creating backup...
✅ Local backup created: /home/lmnet/server/server/backups/backup-1763359202444.zip
✅ Backup uploaded: backup-1763359202444.zip
🗑️ Deleted oldest Google Drive backup: backup-1763272802375.zip
🧹 Removed local temporary backup file
✅ Backup process completed!
⏳ Creating backup...
✅ Local backup created: /home/lmnet/server/server/backups/backup-1763366402325.zip
✅ Backup uploaded: backup-1763366402325.zip
🗑️ Deleted oldest Google Drive backup: backup-1763280002502.zip
🧹 Removed local temporary backup file
✅ Backup process completed!
⏳ Creating backup...
✅ Local backup created: /home/lmnet/server/server/backups/backup-1763373602957.zip
✅ Backup uploaded: backup-1763373602957.zip
🗑️ Deleted oldest Google Drive backup: backup-1763287202238.zip
🧹 Removed local temporary backup file
✅ Backup process completed!
⏳ Creating backup...
✅ Local backup created: /home/lmnet/server/server/backups/backup-1763380802086.zip
✅ Backup uploaded: backup-1763380802086.zip
🗑️ Deleted oldest Google Drive backup: backup-1763294402904.zip
🧹 Removed local temporary backup file
✅ Backup process completed!
⏳ Creating backup...
✅ Local backup created: /home/lmnet/server/server/backups/backup-1763388002570.zip
✅ Backup uploaded: backup-1763388002570.zip
🗑️ Deleted oldest Google Drive backup: backup-1763301602238.zip
🧹 Removed local temporary backup file
✅ Backup process completed!
⏳ Creating backup...
✅ Local backup created: /home/lmnet/server/server/backups/backup-1763395202562.zip
✅ Backup uploaded: backup-1763395202562.zip
🗑️ Deleted oldest Google Drive backup: backup-1763308802372.zip
🧹 Removed local temporary backup file
✅ Backup process completed!
⏳ Creating backup...
✅ Local backup created: /home/lmnet/server/server/backups/backup-1763402402693.zip
✅ Backup uploaded: backup-1763402402693.zip
🗑️ Deleted oldest Google Drive backup: backup-1763316003037.zip
🧹 Removed local temporary backup file
✅ Backup process completed!
⏳ Creating backup...
✅ Local backup created: /home/lmnet/server/server/backups/backup-1763409602909.zip
✅ Backup uploaded: backup-1763409602909.zip
🗑️ Deleted oldest Google Drive backup: backup-1763323202569.zip
🧹 Removed local temporary backup file
✅ Backup process completed!
⏳ Creating backup...
✅ Local backup created: /home/lmnet/server/server/backups/backup-1763416802126.zip
✅ Backup uploaded: backup-1763416802126.zip
🗑️ Deleted oldest Google Drive backup: backup-1763330402096.zip
🧹 Removed local temporary backup file
✅ Backup process completed!
⏳ Creating backup...
✅ Local backup created: /home/lmnet/server/server/backups/backup-1763424003218.zip
✅ Backup uploaded: backup-1763424003218.zip
🗑️ Deleted oldest Google Drive backup: backup-1763337602115.zip
🧹 Removed local temporary backup file
✅ Backup process completed!
⏳ Creating backup...
✅ Local backup created: /home/lmnet/server/server/backups/backup-1763431202257.zip
✅ Backup uploaded: backup-1763431202257.zip
🗑️ Deleted oldest Google Drive backup: backup-1763344802137.zip
🧹 Removed local temporary backup file
✅ Backup process completed!
⏳ Creating backup...
✅ Local backup created: /home/lmnet/server/server/backups/backup-1763438402525.zip
✅ Backup uploaded: backup-1763438402525.zip
🗑️ Deleted oldest Google Drive backup: backup-1763352002978.zip
🧹 Removed local temporary backup file
✅ Backup process completed!
⏳ Creating backup...
✅ Local backup created: /home/lmnet/server/server/backups/backup-1763445602690.zip
✅ Backup uploaded: backup-1763445602690.zip
🗑️ Deleted oldest Google Drive backup: backup-1763359202444.zip
🧹 Removed local temporary backup file
✅ Backup process completed!
⏳ Creating backup...
✅ Local backup created: /home/lmnet/server/server/backups/backup-1763452802593.zip
✅ Backup uploaded: backup-1763452802593.zip
🗑️ Deleted oldest Google Drive backup: backup-1763366402325.zip
🧹 Removed local temporary backup file
✅ Backup process completed!
⏳ Creating backup...
✅ Local backup created: /home/lmnet/server/server/backups/backup-1763460002513.zip
✅ Backup uploaded: backup-1763460002513.zip
🗑️ Deleted oldest Google Drive backup: backup-1763373602957.zip
🧹 Removed local temporary backup file
✅ Backup process completed!
⏳ Creating backup...
✅ Local backup created: /home/lmnet/server/server/backups/backup-1763467202180.zip
✅ Backup uploaded: backup-1763467202180.zip
🗑️ Deleted oldest Google Drive backup: backup-1763380802086.zip
🧹 Removed local temporary backup file
✅ Backup process completed!
⏳ Creating backup...
✅ Local backup created: /home/lmnet/server/server/backups/backup-1763474403146.zip
✅ Backup uploaded: backup-1763474403146.zip
🗑️ Deleted oldest Google Drive backup: backup-1763388002570.zip
🧹 Removed local temporary backup file
✅ Backup process completed!
⏳ Creating backup...
✅ Local backup created: /home/lmnet/server/server/backups/backup-1763481602972.zip
✅ Backup uploaded: backup-1763481602972.zip
🗑️ Deleted oldest Google Drive backup: backup-1763395202562.zip
🧹 Removed local temporary backup file
✅ Backup process completed!
⏳ Creating backup...
✅ Local backup created: /home/lmnet/server/server/backups/backup-1763488802260.zip
✅ Backup uploaded: backup-1763488802260.zip
🗑️ Deleted oldest Google Drive backup: backup-1763402402693.zip
🧹 Removed local temporary backup file
✅ Backup process completed!
⏳ Creating backup...
✅ Local backup created: /home/lmnet/server/server/backups/backup-1763496002649.zip
✅ Backup uploaded: backup-1763496002649.zip
🗑️ Deleted oldest Google Drive backup: backup-1763409602909.zip
🧹 Removed local temporary backup file
✅ Backup process completed!
⏳ Creating backup...
✅ Local backup created: /home/lmnet/server/server/backups/backup-1763503202092.zip
✅ Backup uploaded: backup-1763503202092.zip
🗑️ Deleted oldest Google Drive backup: backup-1763416802126.zip
🧹 Removed local temporary backup file
✅ Backup process completed!
⏳ Creating backup...
✅ Local backup created: /home/lmnet/server/server/backups/backup-1763510402404.zip
✅ Backup uploaded: backup-1763510402404.zip
🗑️ Deleted oldest Google Drive backup: backup-1763424003218.zip
🧹 Removed local temporary backup file
✅ Backup process completed!
⏳ Creating backup...
✅ Local backup created: /home/lmnet/server/server/backups/backup-1763517601994.zip
✅ Backup uploaded: backup-1763517601994.zip
🗑️ Deleted oldest Google Drive backup: backup-1763431202257.zip
🧹 Removed local temporary backup file
✅ Backup process completed!
⏳ Creating backup...
✅ Local backup created: /home/lmnet/server/server/backups/backup-1763524802586.zip
✅ Backup uploaded: backup-1763524802586.zip
🗑️ Deleted oldest Google Drive backup: backup-1763438402525.zip
🧹 Removed local temporary backup file
✅ Backup process completed!
⏳ Creating backup...
✅ Local backup created: /home/lmnet/server/server/backups/backup-1763532002593.zip
✅ Backup uploaded: backup-1763532002593.zip
🗑️ Deleted oldest Google Drive backup: backup-1763445602690.zip
🧹 Removed local temporary backup file
✅ Backup process completed!
⏳ Creating backup...
✅ Local backup created: /home/lmnet/server/server/backups/backup-1763539202302.zip
✅ Backup uploaded: backup-1763539202302.zip
🗑️ Deleted oldest Google Drive backup: backup-1763452802593.zip
🧹 Removed local temporary backup file
✅ Backup process completed!
⏳ Creating backup...
✅ Local backup created: /home/lmnet/server/server/backups/backup-1763546403085.zip
✅ Backup uploaded: backup-1763546403085.zip
🗑️ Deleted oldest Google Drive backup: backup-1763460002513.zip
🧹 Removed local temporary backup file
✅ Backup process completed!
⏳ Creating backup...
✅ Local backup created: /home/lmnet/server/server/backups/backup-1763553602713.zip
✅ Backup uploaded: backup-1763553602713.zip
🗑️ Deleted oldest Google Drive backup: backup-1763467202180.zip
🧹 Removed local temporary backup file
✅ Backup process completed!
⏳ Creating backup...
✅ Local backup created: /home/lmnet/server/server/backups/backup-1763560802111.zip
✅ Backup uploaded: backup-1763560802111.zip
🗑️ Deleted oldest Google Drive backup: backup-1763474403146.zip
🧹 Removed local temporary backup file
✅ Backup process completed!
⏳ Creating backup...
✅ Local backup created: /home/lmnet/server/server/backups/backup-1763568002735.zip
✅ Backup uploaded: backup-1763568002735.zip
🗑️ Deleted oldest Google Drive backup: backup-1763481602972.zip
🧹 Removed local temporary backup file
✅ Backup process completed!
⏳ Creating backup...
✅ Local backup created: /home/lmnet/server/server/backups/backup-1763575202532.zip
✅ Backup uploaded: backup-1763575202532.zip
🗑️ Deleted oldest Google Drive backup: backup-1763488802260.zip
🧹 Removed local temporary backup file
✅ Backup process completed!
⏳ Creating backup...
✅ Local backup created: /home/lmnet/server/server/backups/backup-1763582402653.zip
✅ Backup uploaded: backup-1763582402653.zip
🗑️ Deleted oldest Google Drive backup: backup-1763496002649.zip
🧹 Removed local temporary backup file
✅ Backup process completed!
⏳ Creating backup...
✅ Local backup created: /home/lmnet/server/server/backups/backup-1763589602848.zip
✅ Backup uploaded: backup-1763589602848.zip
🗑️ Deleted oldest Google Drive backup: backup-1763503202092.zip
🧹 Removed local temporary backup file
✅ Backup process completed!
⏳ Creating backup...
✅ Local backup created: /home/lmnet/server/server/backups/backup-1763596803170.zip
✅ Backup uploaded: backup-1763596803170.zip
🗑️ Deleted oldest Google Drive backup: backup-1763510402404.zip
🧹 Removed local temporary backup file
✅ Backup process completed!
⏳ Creating backup...
✅ Local backup created: /home/lmnet/server/server/backups/backup-1763604002647.zip
✅ Backup uploaded: backup-1763604002647.zip
🗑️ Deleted oldest Google Drive backup: backup-1763517601994.zip
🧹 Removed local temporary backup file
✅ Backup process completed!
⏳ Creating backup...
✅ Local backup created: /home/lmnet/server/server/backups/backup-1763611202935.zip
✅ Backup uploaded: backup-1763611202935.zip
🗑️ Deleted oldest Google Drive backup: backup-1763524802586.zip
🧹 Removed local temporary backup file
✅ Backup process completed!
⏳ Creating backup...
✅ Local backup created: /home/lmnet/server/server/backups/backup-1763618402700.zip
✅ Backup uploaded: backup-1763618402700.zip
🗑️ Deleted oldest Google Drive backup: backup-1763532002593.zip
🧹 Removed local temporary backup file
✅ Backup process completed!
⏳ Creating backup...
✅ Local backup created: /home/lmnet/server/server/backups/backup-1763625602322.zip
✅ Backup uploaded: backup-1763625602322.zip
🗑️ Deleted oldest Google Drive backup: backup-1763539202302.zip
🧹 Removed local temporary backup file
✅ Backup process completed!
⏳ Creating backup...
✅ Local backup created: /home/lmnet/server/server/backups/backup-1763632802623.zip
✅ Backup uploaded: backup-1763632802623.zip
🗑️ Deleted oldest Google Drive backup: backup-1763546403085.zip
🧹 Removed local temporary backup file
✅ Backup process completed!
⏳ Creating backup...
✅ Local backup created: /home/lmnet/server/server/backups/backup-1763640003017.zip
✅ Backup uploaded: backup-1763640003017.zip
🗑️ Deleted oldest Google Drive backup: backup-1763553602713.zip
🧹 Removed local temporary backup file
✅ Backup process completed!
⏳ Creating backup...
✅ Local backup created: /home/lmnet/server/server/backups/backup-1763647202876.zip
✅ Backup uploaded: backup-1763647202876.zip
🗑️ Deleted oldest Google Drive backup: backup-1763560802111.zip
🧹 Removed local temporary backup file
✅ Backup process completed!
⏳ Creating backup...
✅ Local backup created: /home/lmnet/server/server/backups/backup-1763654402716.zip
✅ Backup uploaded: backup-1763654402716.zip
🗑️ Deleted oldest Google Drive backup: backup-1763568002735.zip
🧹 Removed local temporary backup file
✅ Backup process completed!
⏳ Creating backup...
✅ Local backup created: /home/lmnet/server/server/backups/backup-1763661602838.zip
✅ Backup uploaded: backup-1763661602838.zip
🗑️ Deleted oldest Google Drive backup: backup-1763575202532.zip
🧹 Removed local temporary backup file
✅ Backup process completed!
⏳ Creating backup...
✅ Local backup created: /home/lmnet/server/server/backups/backup-1763668802367.zip
✅ Backup uploaded: backup-1763668802367.zip
🗑️ Deleted oldest Google Drive backup: backup-1763582402653.zip
🧹 Removed local temporary backup file
✅ Backup process completed!
⏳ Creating backup...
✅ Local backup created: /home/lmnet/server/server/backups/backup-1763676002782.zip
✅ Backup uploaded: backup-1763676002782.zip
🗑️ Deleted oldest Google Drive backup: backup-1763589602848.zip
🧹 Removed local temporary backup file
✅ Backup process completed!
⏳ Creating backup...
✅ Local backup created: /home/lmnet/server/server/backups/backup-1763683203213.zip
✅ Backup uploaded: backup-1763683203213.zip
🗑️ Deleted oldest Google Drive backup: backup-1763596803170.zip
🧹 Removed local temporary backup file
✅ Backup process completed!
⏳ Creating backup...
✅ Local backup created: /home/lmnet/server/server/backups/backup-1763690402288.zip
✅ Backup uploaded: backup-1763690402288.zip
🗑️ Deleted oldest Google Drive backup: backup-1763604002647.zip
🧹 Removed local temporary backup file
✅ Backup process completed!
⏳ Creating backup...
✅ Local backup created: /home/lmnet/server/server/backups/backup-1763697602267.zip
✅ Backup uploaded: backup-1763697602267.zip
🗑️ Deleted oldest Google Drive backup: backup-1763611202935.zip
🧹 Removed local temporary backup file
✅ Backup process completed!
⏳ Creating backup...
✅ Local backup created: /home/lmnet/server/server/backups/backup-1763704802987.zip
✅ Backup uploaded: backup-1763704802987.zip
🗑️ Deleted oldest Google Drive backup: backup-1763618402700.zip
🧹 Removed local temporary backup file
✅ Backup process completed!
⏳ Creating backup...
✅ Local backup created: /home/lmnet/server/server/backups/backup-1763712002734.zip
✅ Backup uploaded: backup-1763712002734.zip
🗑️ Deleted oldest Google Drive backup: backup-1763625602322.zip
🧹 Removed local temporary backup file
✅ Backup process completed!
⏳ Creating backup...
✅ Local backup created: /home/lmnet/server/server/backups/backup-1763719202320.zip
✅ Backup uploaded: backup-1763719202320.zip
🗑️ Deleted oldest Google Drive backup: backup-1763632802623.zip
🧹 Removed local temporary backup file
✅ Backup process completed!
⏳ Creating backup...
✅ Local backup created: /home/lmnet/server/server/backups/backup-1763726402518.zip
✅ Backup uploaded: backup-1763726402518.zip
🗑️ Deleted oldest Google Drive backup: backup-1763640003017.zip
🧹 Removed local temporary backup file
✅ Backup process completed!
⏳ Creating backup...
✅ Local backup created: /home/lmnet/server/server/backups/backup-1763733602114.zip
✅ Backup uploaded: backup-1763733602114.zip
🗑️ Deleted oldest Google Drive backup: backup-1763647202876.zip
🧹 Removed local temporary backup file
✅ Backup process completed!
⏳ Creating backup...
✅ Local backup created: /home/lmnet/server/server/backups/backup-1763740802289.zip
✅ Backup uploaded: backup-1763740802289.zip
🗑️ Deleted oldest Google Drive backup: backup-1763654402716.zip
🧹 Removed local temporary backup file
✅ Backup process completed!
⏳ Creating backup...
✅ Local backup created: /home/lmnet/server/server/backups/backup-1763748002716.zip
✅ Backup uploaded: backup-1763748002716.zip
🗑️ Deleted oldest Google Drive backup: backup-1763661602838.zip
🧹 Removed local temporary backup file
✅ Backup process completed!
⏳ Creating backup...
✅ Local backup created: /home/lmnet/server/server/backups/backup-1763755202496.zip
✅ Backup uploaded: backup-1763755202496.zip
🗑️ Deleted oldest Google Drive backup: backup-1763668802367.zip
🧹 Removed local temporary backup file
✅ Backup process completed!
⏳ Creating backup...
✅ Local backup created: /home/lmnet/server/server/backups/backup-1763762403038.zip
✅ Backup uploaded: backup-1763762403038.zip
🗑️ Deleted oldest Google Drive backup: backup-1763676002782.zip
🧹 Removed local temporary backup file
✅ Backup process completed!
⏳ Creating backup...
✅ Local backup created: /home/lmnet/server/server/backups/backup-1763769603314.zip
✅ Backup uploaded: backup-1763769603314.zip
🗑️ Deleted oldest Google Drive backup: backup-1763683203213.zip
🧹 Removed local temporary backup file
✅ Backup process completed!
⏳ Creating backup...
✅ Local backup created: /home/lmnet/server/server/backups/backup-1763776802045.zip
✅ Backup uploaded: backup-1763776802045.zip
🗑️ Deleted oldest Google Drive backup: backup-1763690402288.zip
🧹 Removed local temporary backup file
✅ Backup process completed!
⏳ Creating backup...
✅ Local backup created: /home/lmnet/server/server/backups/backup-1763784002456.zip
✅ Backup uploaded: backup-1763784002456.zip
🗑️ Deleted oldest Google Drive backup: backup-1763697602267.zip
🧹 Removed local temporary backup file
✅ Backup process completed!
⏳ Creating backup...
✅ Local backup created: /home/lmnet/server/server/backups/backup-1763791202707.zip
✅ Backup uploaded: backup-1763791202707.zip
🗑️ Deleted oldest Google Drive backup: backup-1763704802987.zip
🧹 Removed local temporary backup file
✅ Backup process completed!
⏳ Creating backup...
✅ Local backup created: /home/lmnet/server/server/backups/backup-1763798402596.zip
✅ Backup uploaded: backup-1763798402596.zip
🗑️ Deleted oldest Google Drive backup: backup-1763712002734.zip
🧹 Removed local temporary backup file
✅ Backup process completed!
⏳ Creating backup...
✅ Local backup created: /home/lmnet/server/server/backups/backup-1763805602450.zip
✅ Backup uploaded: backup-1763805602450.zip
🗑️ Deleted oldest Google Drive backup: backup-1763719202320.zip
🧹 Removed local temporary backup file
✅ Backup process completed!
⏳ Creating backup...
✅ Local backup created: /home/lmnet/server/server/backups/backup-1763812801861.zip
✅ Backup uploaded: backup-1763812801861.zip
🗑️ Deleted oldest Google Drive backup: backup-1763726402518.zip
🧹 Removed local temporary backup file
✅ Backup process completed!
⏳ Creating backup...
✅ Local backup created: /home/lmnet/server/server/backups/backup-1763820002930.zip
✅ Backup uploaded: backup-1763820002930.zip
🗑️ Deleted oldest Google Drive backup: backup-1763733602114.zip
🧹 Removed local temporary backup file
✅ Backup process completed!
⏳ Creating backup...
✅ Local backup created: /home/lmnet/server/server/backups/backup-1763827202756.zip
✅ Backup uploaded: backup-1763827202756.zip
🗑️ Deleted oldest Google Drive backup: backup-1763740802289.zip
🧹 Removed local temporary backup file
✅ Backup process completed!
⏳ Creating backup...
✅ Local backup created: /home/lmnet/server/server/backups/backup-1763834402399.zip
✅ Backup uploaded: backup-1763834402399.zip
🗑️ Deleted oldest Google Drive backup: backup-1763748002716.zip
🧹 Removed local temporary backup file
✅ Backup process completed!
⏳ Creating backup...
✅ Local backup created: /home/lmnet/server/server/backups/backup-1763841602596.zip
✅ Backup uploaded: backup-1763841602596.zip
🗑️ Deleted oldest Google Drive backup: backup-1763755202496.zip
🧹 Removed local temporary backup file
✅ Backup process completed!
⏳ Creating backup...
✅ Local backup created: /home/lmnet/server/server/backups/backup-1763848803114.zip
✅ Backup uploaded: backup-1763848803114.zip
🗑️ Deleted oldest Google Drive backup: backup-1763762403038.zip
🧹 Removed local temporary backup file
✅ Backup process completed!
⏳ Creating backup...
✅ Local backup created: /home/lmnet/server/server/backups/backup-1763856002751.zip
✅ Backup uploaded: backup-1763856002751.zip
🗑️ Deleted oldest Google Drive backup: backup-1763769603314.zip
🧹 Removed local temporary backup file
✅ Backup process completed!
⏳ Creating backup...
✅ Local backup created: /home/lmnet/server/server/backups/backup-1763863202103.zip
✅ Backup uploaded: backup-1763863202103.zip
🗑️ Deleted oldest Google Drive backup: backup-1763776802045.zip
🧹 Removed local temporary backup file
✅ Backup process completed!
⏳ Creating backup...
✅ Local backup created: /home/lmnet/server/server/backups/backup-1763870402444.zip
✅ Backup uploaded: backup-1763870402444.zip
🗑️ Deleted oldest Google Drive backup: backup-1763784002456.zip
🧹 Removed local temporary backup file
✅ Backup process completed!
⏳ Creating backup...
✅ Local backup created: /home/lmnet/server/server/backups/backup-1763877602848.zip
✅ Backup uploaded: backup-1763877602848.zip
🗑️ Deleted oldest Google Drive backup: backup-1763791202707.zip
🧹 Removed local temporary backup file
✅ Backup process completed!
⏳ Creating backup...
✅ Local backup created: /home/lmnet/server/server/backups/backup-1763884802546.zip
✅ Backup uploaded: backup-1763884802546.zip
🗑️ Deleted oldest Google Drive backup: backup-1763798402596.zip
🧹 Removed local temporary backup file
✅ Backup process completed!
⏳ Creating backup...
✅ Local backup created: /home/lmnet/server/server/backups/backup-1763892001971.zip
✅ Backup uploaded: backup-1763892001971.zip
🗑️ Deleted oldest Google Drive backup: backup-1763805602450.zip
🧹 Removed local temporary backup file
✅ Backup process completed!
⏳ Creating backup...
✅ Local backup created: /home/lmnet/server/server/backups/backup-1763899202206.zip
✅ Backup uploaded: backup-1763899202206.zip
🗑️ Deleted oldest Google Drive backup: backup-1763812801861.zip
🧹 Removed local temporary backup file
✅ Backup process completed!
⏳ Creating backup...
✅ Local backup created: /home/lmnet/server/server/backups/backup-1763906402977.zip
✅ Backup uploaded: backup-1763906402977.zip
🗑️ Deleted oldest Google Drive backup: backup-1763820002930.zip
🧹 Removed local temporary backup file
✅ Backup process completed!
⏳ Creating backup...
✅ Local backup created: /home/lmnet/server/server/backups/backup-1763913602250.zip
✅ Backup uploaded: backup-1763913602250.zip
🗑️ Deleted oldest Google Drive backup: backup-1763827202756.zip
🧹 Removed local temporary backup file
✅ Backup process completed!
⏳ Creating backup...
✅ Local backup created: /home/lmnet/server/server/backups/backup-1763920802807.zip
✅ Backup uploaded: backup-1763920802807.zip
🗑️ Deleted oldest Google Drive backup: backup-1763834402399.zip
🧹 Removed local temporary backup file
✅ Backup process completed!
⏳ Creating backup...
✅ Local backup created: /home/lmnet/server/server/backups/backup-1763928002842.zip
✅ Backup uploaded: backup-1763928002842.zip
🗑️ Deleted oldest Google Drive backup: backup-1763841602596.zip
🧹 Removed local temporary backup file
✅ Backup process completed!
⏳ Creating backup...
✅ Local backup created: /home/lmnet/server/server/backups/backup-1763935202117.zip
✅ Backup uploaded: backup-1763935202117.zip
🗑️ Deleted oldest Google Drive backup: backup-1763848803114.zip
🧹 Removed local temporary backup file
✅ Backup process completed!
⏳ Creating backup...
✅ Local backup created: /home/lmnet/server/server/backups/backup-1763942402307.zip
✅ Backup uploaded: backup-1763942402307.zip
🗑️ Deleted oldest Google Drive backup: backup-1763856002751.zip
🧹 Removed local temporary backup file
✅ Backup process completed!
⏳ Creating backup...
✅ Local backup created: /home/lmnet/server/server/backups/backup-1763949602361.zip
✅ Backup uploaded: backup-1763949602361.zip
🗑️ Deleted oldest Google Drive backup: backup-1763863202103.zip
🧹 Removed local temporary backup file
✅ Backup process completed!
⏳ Creating backup...
✅ Local backup created: /home/lmnet/server/server/backups/backup-1763956802801.zip
✅ Backup uploaded: backup-1763956802801.zip
🗑️ Deleted oldest Google Drive backup: backup-1763870402444.zip
🧹 Removed local temporary backup file
✅ Backup process completed!
⏳ Creating backup...
✅ Local backup created: /home/lmnet/server/server/backups/backup-1763964002100.zip
✅ Backup uploaded: backup-1763964002100.zip
🗑️ Deleted oldest Google Drive backup: backup-1763877602848.zip
🧹 Removed local temporary backup file
✅ Backup process completed!
⏳ Creating backup...
✅ Local backup created: /home/lmnet/server/server/backups/backup-1763971202968.zip
✅ Backup uploaded: backup-1763971202968.zip
🗑️ Deleted oldest Google Drive backup: backup-1763884802546.zip
🧹 Removed local temporary backup file
✅ Backup process completed!
⏳ Creating backup...
✅ Local backup created: /home/lmnet/server/server/backups/backup-1763978402326.zip
✅ Backup uploaded: backup-1763978402326.zip
🗑️ Deleted oldest Google Drive backup: backup-1763892001971.zip
🧹 Removed local temporary backup file
✅ Backup process completed!
⏳ Creating backup...
✅ Local backup created: /home/lmnet/server/server/backups/backup-1763985603174.zip
✅ Backup uploaded: backup-1763985603174.zip
🗑️ Deleted oldest Google Drive backup: backup-1763899202206.zip
🧹 Removed local temporary backup file
✅ Backup process completed!
⏳ Creating backup...
✅ Local backup created: /home/lmnet/server/server/backups/backup-1763992802672.zip
✅ Backup uploaded: backup-1763992802672.zip
🗑️ Deleted oldest Google Drive backup: backup-1763906402977.zip
🧹 Removed local temporary backup file
✅ Backup process completed!
⏳ Creating backup...
✅ Local backup created: /home/lmnet/server/server/backups/backup-1764000002642.zip
✅ Backup uploaded: backup-1764000002642.zip
🗑️ Deleted oldest Google Drive backup: backup-1763913602250.zip
🧹 Removed local temporary backup file
✅ Backup process completed!
⏳ Creating backup...
✅ Local backup created: /home/lmnet/server/server/backups/backup-1764007202702.zip
✅ Backup uploaded: backup-1764007202702.zip
🗑️ Deleted oldest Google Drive backup: backup-1763920802807.zip
🧹 Removed local temporary backup file
✅ Backup process completed!
⏳ Creating backup...
✅ Local backup created: /home/lmnet/server/server/backups/backup-1764014402663.zip
✅ Backup uploaded: backup-1764014402663.zip
🗑️ Deleted oldest Google Drive backup: backup-1763928002842.zip
🧹 Removed local temporary backup file
✅ Backup process completed!
⏳ Creating backup...
✅ Local backup created: /home/lmnet/server/server/backups/backup-1764021602107.zip
✅ Backup uploaded: backup-1764021602107.zip
🗑️ Deleted oldest Google Drive backup: backup-1763935202117.zip
🧹 Removed local temporary backup file
✅ Backup process completed!
⏳ Creating backup...
✅ Local backup created: /home/lmnet/server/server/backups/backup-1764028802324.zip
✅ Backup uploaded: backup-1764028802324.zip
🗑️ Deleted oldest Google Drive backup: backup-1763942402307.zip
🧹 Removed local temporary backup file
✅ Backup process completed!
⏳ Creating backup...
✅ Local backup created: /home/lmnet/server/server/backups/backup-1764036002306.zip
✅ Backup uploaded: backup-1764036002306.zip
🗑️ Deleted oldest Google Drive backup: backup-1763949602361.zip
🧹 Removed local temporary backup file
✅ Backup process completed!
⏳ Creating backup...
✅ Local backup created: /home/lmnet/server/server/backups/backup-1764043202451.zip
✅ Backup uploaded: backup-1764043202451.zip
🗑️ Deleted oldest Google Drive backup: backup-1763956802801.zip
🧹 Removed local temporary backup file
✅ Backup process completed!
⏳ Creating backup...
✅ Local backup created: /home/lmnet/server/server/backups/backup-1764050402357.zip
✅ Backup uploaded: backup-1764050402357.zip
🗑️ Deleted oldest Google Drive backup: backup-1763964002100.zip
🧹 Removed local temporary backup file
✅ Backup process completed!
⏳ Creating backup...
✅ Local backup created: /home/lmnet/server/server/backups/backup-1764057602682.zip
✅ Backup uploaded: backup-1764057602682.zip
🗑️ Deleted oldest Google Drive backup: backup-1763971202968.zip
🧹 Removed local temporary backup file
✅ Backup process completed!
⏳ Creating backup...
✅ Local backup created: /home/lmnet/server/server/backups/backup-1764064801883.zip
✅ Backup uploaded: backup-1764064801883.zip
🗑️ Deleted oldest Google Drive backup: backup-1763978402326.zip
🧹 Removed local temporary backup file
✅ Backup process completed!
⏳ Creating backup...
✅ Local backup created: /home/lmnet/server/server/backups/backup-1764072002526.zip
✅ Backup uploaded: backup-1764072002526.zip
🗑️ Deleted oldest Google Drive backup: backup-1763985603174.zip
🧹 Removed local temporary backup file
✅ Backup process completed!
⏳ Creating backup...
✅ Local backup created: /home/lmnet/server/server/backups/backup-1764079202109.zip
✅ Backup uploaded: backup-1764079202109.zip
🗑️ Deleted oldest Google Drive backup: backup-1763992802672.zip
🧹 Removed local temporary backup file
✅ Backup process completed!
⏳ Creating backup...
✅ Local backup created: /home/lmnet/server/server/backups/backup-1764086402642.zip
✅ Backup uploaded: backup-1764086402642.zip
🗑️ Deleted oldest Google Drive backup: backup-1764000002642.zip
🧹 Removed local temporary backup file
✅ Backup process completed!
⏳ Creating backup...
✅ Local backup created: /home/lmnet/server/server/backups/backup-1764093602968.zip
✅ Backup uploaded: backup-1764093602968.zip
🗑️ Deleted oldest Google Drive backup: backup-1764007202702.zip
🧹 Removed local temporary backup file
✅ Backup process completed!
⏳ Creating backup...
✅ Local backup created: /home/lmnet/server/server/backups/backup-1764100802526.zip
✅ Backup uploaded: backup-1764100802526.zip
🗑️ Deleted oldest Google Drive backup: backup-1764014402663.zip
🧹 Removed local temporary backup file
✅ Backup process completed!
⏳ Creating backup...
✅ Local backup created: /home/lmnet/server/server/backups/backup-1764108002288.zip
✅ Backup uploaded: backup-1764108002288.zip
🗑️ Deleted oldest Google Drive backup: backup-1764021602107.zip
🧹 Removed local temporary backup file
✅ Backup process completed!
⏳ Creating backup...
✅ Local backup created: /home/lmnet/server/server/backups/backup-1764115202607.zip
✅ Backup uploaded: backup-1764115202607.zip
🗑️ Deleted oldest Google Drive backup: backup-1764028802324.zip
🧹 Removed local temporary backup file
✅ Backup process completed!
⏳ Creating backup...
✅ Local backup created: /home/lmnet/server/server/backups/backup-1764122402434.zip
✅ Backup uploaded: backup-1764122402434.zip
🗑️ Deleted oldest Google Drive backup: backup-1764036002306.zip
🧹 Removed local temporary backup file
✅ Backup process completed!
⏳ Creating backup...
✅ Local backup created: /home/lmnet/server/server/backups/backup-1764129602334.zip
✅ Backup uploaded: backup-1764129602334.zip
🗑️ Deleted oldest Google Drive backup: backup-1764043202451.zip
🧹 Removed local temporary backup file
✅ Backup process completed!
⏳ Creating backup...
✅ Local backup created: /home/lmnet/server/server/backups/backup-1764136802250.zip
✅ Backup uploaded: backup-1764136802250.zip
🗑️ Deleted oldest Google Drive backup: backup-1764050402357.zip
🧹 Removed local temporary backup file
✅ Backup process completed!
⏳ Creating backup...
✅ Local backup created: /home/lmnet/server/server/backups/backup-1764144003177.zip
✅ Backup uploaded: backup-1764144003177.zip
🗑️ Deleted oldest Google Drive backup: backup-1764057602682.zip
🧹 Removed local temporary backup file
✅ Backup process completed!
⏳ Creating backup...
✅ Local backup created: /home/lmnet/server/server/backups/backup-1764151202281.zip
✅ Backup uploaded: backup-1764151202281.zip
🗑️ Deleted oldest Google Drive backup: backup-1764064801883.zip
🧹 Removed local temporary backup file
✅ Backup process completed!
⏳ Creating backup...
✅ Local backup created: /home/lmnet/server/server/backups/backup-1764158402911.zip
✅ Backup uploaded: backup-1764158402911.zip
🗑️ Deleted oldest Google Drive backup: backup-1764072002526.zip
🧹 Removed local temporary backup file
✅ Backup process completed!
⏳ Creating backup...
✅ Local backup created: /home/lmnet/server/server/backups/backup-1764165602375.zip
✅ Backup uploaded: backup-1764165602375.zip
🗑️ Deleted oldest Google Drive backup: backup-1764079202109.zip
🧹 Removed local temporary backup file
✅ Backup process completed!
⏳ Creating backup...
✅ Local backup created: /home/lmnet/server/server/backups/backup-1764172802973.zip
✅ Backup uploaded: backup-1764172802973.zip
🗑️ Deleted oldest Google Drive backup: backup-1764086402642.zip
🧹 Removed local temporary backup file
✅ Backup process completed!
⏳ Creating backup...
✅ Local backup created: /home/lmnet/server/server/backups/backup-1764180002674.zip
✅ Backup uploaded: backup-1764180002674.zip
🗑️ Deleted oldest Google Drive backup: backup-1764093602968.zip
🧹 Removed local temporary backup file
✅ Backup process completed!
⏳ Creating backup...
✅ Local backup created: /home/lmnet/server/server/backups/backup-1764187202294.zip
✅ Backup uploaded: backup-1764187202294.zip
🗑️ Deleted oldest Google Drive backup: backup-1764100802526.zip
🧹 Removed local temporary backup file
✅ Backup process completed!
⏳ Creating backup...
✅ Local backup created: /home/lmnet/server/server/backups/backup-1764194402396.zip
✅ Backup uploaded: backup-1764194402396.zip
🗑️ Deleted oldest Google Drive backup: backup-1764108002288.zip
🧹 Removed local temporary backup file
✅ Backup process completed!
⏳ Creating backup...
✅ Local backup created: /home/lmnet/server/server/backups/backup-1764201602916.zip
✅ Backup uploaded: backup-1764201602916.zip
🗑️ Deleted oldest Google Drive backup: backup-1764115202607.zip
🧹 Removed local temporary backup file
✅ Backup process completed!
⏳ Creating backup...
✅ Local backup created: /home/lmnet/server/server/backups/backup-1764208802858.zip
✅ Backup uploaded: backup-1764208802858.zip
🗑️ Deleted oldest Google Drive backup: backup-1764122402434.zip
🧹 Removed local temporary backup file
✅ Backup process completed!
⏳ Creating backup...
✅ Local backup created: /home/lmnet/server/server/backups/backup-1764216002209.zip
✅ Backup uploaded: backup-1764216002209.zip
🗑️ Deleted oldest Google Drive backup: backup-1764129602334.zip
🧹 Removed local temporary backup file
✅ Backup process completed!
⏳ Creating backup...
✅ Local backup created: /home/lmnet/server/server/backups/backup-1764223202377.zip
✅ Backup uploaded: backup-1764223202377.zip
🗑️ Deleted oldest Google Drive backup: backup-1764136802250.zip
🧹 Removed local temporary backup file
✅ Backup process completed!
⏳ Creating backup...
✅ Local backup created: /home/lmnet/server/server/backups/backup-1764230402916.zip
✅ Backup uploaded: backup-1764230402916.zip
🗑️ Deleted oldest Google Drive backup: backup-1764144003177.zip
🧹 Removed local temporary backup file
✅ Backup process completed!
⏳ Creating backup...
✅ Local backup created: /home/lmnet/server/server/backups/backup-1764237602330.zip
✅ Backup uploaded: backup-1764237602330.zip
🗑️ Deleted oldest Google Drive backup: backup-1764151202281.zip
🧹 Removed local temporary backup file
✅ Backup process completed!
⏳ Creating backup...
✅ Local backup created: /home/lmnet/server/server/backups/backup-1764244802360.zip
✅ Backup uploaded: backup-1764244802360.zip
🗑️ Deleted oldest Google Drive backup: backup-1764158402911.zip
🧹 Removed local temporary backup file
✅ Backup process completed!
⏳ Creating backup...
✅ Local backup created: /home/lmnet/server/server/backups/backup-1764252002981.zip
✅ Backup uploaded: backup-1764252002981.zip
🗑️ Deleted oldest Google Drive backup: backup-1764165602375.zip
🧹 Removed local temporary backup file
✅ Backup process completed!
⏳ Creating backup...
✅ Local backup created: /home/lmnet/server/server/backups/backup-1764259202503.zip
✅ Backup uploaded: backup-1764259202503.zip
🗑️ Deleted oldest Google Drive backup: backup-1764172802973.zip
🧹 Removed local temporary backup file
✅ Backup process completed!
⏳ Creating backup...
✅ Local backup created: /home/lmnet/server/server/backups/backup-1764266402668.zip
✅ Backup uploaded: backup-1764266402668.zip
🗑️ Deleted oldest Google Drive backup: backup-1764180002674.zip
🧹 Removed local temporary backup file
✅ Backup process completed!
⏳ Creating backup...
✅ Local backup created: /home/lmnet/server/server/backups/backup-1764273602833.zip
✅ Backup uploaded: backup-1764273602833.zip
🗑️ Deleted oldest Google Drive backup: backup-1764187202294.zip
🧹 Removed local temporary backup file
✅ Backup process completed!
⏳ Creating backup...
✅ Local backup created: /home/lmnet/server/server/backups/backup-1764280802777.zip
✅ Backup uploaded: backup-1764280802777.zip
🗑️ Deleted oldest Google Drive backup: backup-1764194402396.zip
🧹 Removed local temporary backup file
✅ Backup process completed!
⏳ Creating backup...
✅ Local backup created: /home/lmnet/server/server/backups/backup-1764288002369.zip
✅ Backup uploaded: backup-1764288002369.zip
🗑️ Deleted oldest Google Drive backup: backup-1764201602916.zip
🧹 Removed local temporary backup file
✅ Backup process completed!
⏳ Creating backup...
✅ Local backup created: /home/lmnet/server/server/backups/backup-1764295202381.zip
✅ Backup uploaded: backup-1764295202381.zip
🗑️ Deleted oldest Google Drive backup: backup-1764208802858.zip
🧹 Removed local temporary backup file
✅ Backup process completed!
⏳ Creating backup...
✅ Local backup created: /home/lmnet/server/server/backups/backup-1764302403092.zip
✅ Backup uploaded: backup-1764302403092.zip
🗑️ Deleted oldest Google Drive backup: backup-1764216002209.zip
🧹 Removed local temporary backup file
✅ Backup process completed!
⏳ Creating backup...
✅ Local backup created: /home/lmnet/server/server/backups/backup-1764309602328.zip
✅ Backup uploaded: backup-1764309602328.zip
🗑️ Deleted oldest Google Drive backup: backup-1764223202377.zip
🧹 Removed local temporary backup file
✅ Backup process completed!
⏳ Creating backup...
✅ Local backup created: /home/lmnet/server/server/backups/backup-1764316802304.zip
✅ Backup uploaded: backup-1764316802304.zip
🗑️ Deleted oldest Google Drive backup: backup-1764230402916.zip
🧹 Removed local temporary backup file
✅ Backup process completed!
⏳ Creating backup...
✅ Local backup created: /home/lmnet/server/server/backups/backup-1764324002766.zip
✅ Backup uploaded: backup-1764324002766.zip
🗑️ Deleted oldest Google Drive backup: backup-1764237602330.zip
🧹 Removed local temporary backup file
✅ Backup process completed!
⏳ Creating backup...
✅ Local backup created: /home/lmnet/server/server/backups/backup-1764331203041.zip
✅ Backup uploaded: backup-1764331203041.zip
🗑️ Deleted oldest Google Drive backup: backup-1764244802360.zip
🧹 Removed local temporary backup file
✅ Backup process completed!
⏳ Creating backup...
✅ Local backup created: /home/lmnet/server/server/backups/backup-1764338402176.zip
✅ Backup uploaded: backup-1764338402176.zip
🗑️ Deleted oldest Google Drive backup: backup-1764252002981.zip
🧹 Removed local temporary backup file
✅ Backup process completed!
⏳ Creating backup...
✅ Local backup created: /home/lmnet/server/server/backups/backup-1764345602590.zip
✅ Backup uploaded: backup-1764345602590.zip
🗑️ Deleted oldest Google Drive backup: backup-1764259202503.zip
🧹 Removed local temporary backup file
✅ Backup process completed!
⏳ Creating backup...
✅ Local backup created: /home/lmnet/server/server/backups/backup-1764352802895.zip
✅ Backup uploaded: backup-1764352802895.zip
🗑️ Deleted oldest Google Drive backup: backup-1764266402668.zip
🧹 Removed local temporary backup file
✅ Backup process completed!
⏳ Creating backup...
✅ Local backup created: /home/lmnet/server/server/backups/backup-1764360002961.zip
✅ Backup uploaded: backup-1764360002961.zip
🗑️ Deleted oldest Google Drive backup: backup-1764273602833.zip
🧹 Removed local temporary backup file
✅ Backup process completed!
⏳ Creating backup...
✅ Local backup created: /home/lmnet/server/server/backups/backup-1764367202266.zip
✅ Backup uploaded: backup-1764367202266.zip
🗑️ Deleted oldest Google Drive backup: backup-1764280802777.zip
🧹 Removed local temporary backup file
✅ Backup process completed!
⏳ Creating backup...
✅ Local backup created: /home/lmnet/server/server/backups/backup-1764374402725.zip
✅ Backup uploaded: backup-1764374402725.zip
🗑️ Deleted oldest Google Drive backup: backup-1764288002369.zip
🧹 Removed local temporary backup file
✅ Backup process completed!
⏳ Creating backup...
✅ Local backup created: /home/lmnet/server/server/backups/backup-1764381602822.zip
✅ Backup uploaded: backup-1764381602822.zip
🗑️ Deleted oldest Google Drive backup: backup-1764295202381.zip
🧹 Removed local temporary backup file
✅ Backup process completed!
⏳ Creating backup...
✅ Local backup created: /home/lmnet/server/server/backups/backup-1764388802278.zip
✅ Backup uploaded: backup-1764388802278.zip
🗑️ Deleted oldest Google Drive backup: backup-1764302403092.zip
🧹 Removed local temporary backup file
✅ Backup process completed!
⏳ Creating backup...
✅ Local backup created: /home/lmnet/server/server/backups/backup-1764396002787.zip
✅ Backup uploaded: backup-1764396002787.zip
🗑️ Deleted oldest Google Drive backup: backup-1764309602328.zip
🧹 Removed local temporary backup file
✅ Backup process completed!
⏳ Creating backup...
✅ Local backup created: /home/lmnet/server/server/backups/backup-1764403202407.zip
✅ Backup uploaded: backup-1764403202407.zip
🗑️ Deleted oldest Google Drive backup: backup-1764316802304.zip
🧹 Removed local temporary backup file
✅ Backup process completed!
⏳ Creating backup...
✅ Local backup created: /home/lmnet/server/server/backups/backup-1764410402704.zip
✅ Backup uploaded: backup-1764410402704.zip
🗑️ Deleted oldest Google Drive backup: backup-1764324002766.zip
🧹 Removed local temporary backup file
✅ Backup process completed!
⏳ Creating backup...
✅ Local backup created: /home/lmnet/server/server/backups/backup-1764417603038.zip
✅ Backup uploaded: backup-1764417603038.zip
🗑️ Deleted oldest Google Drive backup: backup-1764331203041.zip
🧹 Removed local temporary backup file
✅ Backup process completed!
⏳ Creating backup...
✅ Local backup created: /home/lmnet/server/server/backups/backup-1764424802527.zip
✅ Backup uploaded: backup-1764424802527.zip
🗑️ Deleted oldest Google Drive backup: backup-1764338402176.zip
🧹 Removed local temporary backup file
✅ Backup process completed!
⏳ Creating backup...
✅ Local backup created: /home/lmnet/server/server/backups/backup-1764432002456.zip
✅ Backup uploaded: backup-1764432002456.zip
🗑️ Deleted oldest Google Drive backup: backup-1764345602590.zip
🧹 Removed local temporary backup file
✅ Backup process completed!
⏳ Creating backup...
✅ Local backup created: /home/lmnet/server/server/backups/backup-1764439202998.zip
✅ Backup uploaded: backup-1764439202998.zip
🗑️ Deleted oldest Google Drive backup: backup-1764352802895.zip
🧹 Removed local temporary backup file
✅ Backup process completed!
⏳ Creating backup...
✅ Local backup created: /home/lmnet/server/server/backups/backup-1764446402243.zip
✅ Backup uploaded: backup-1764446402243.zip
🗑️ Deleted oldest Google Drive backup: backup-1764360002961.zip
🧹 Removed local temporary backup file
✅ Backup process completed!
⏳ Creating backup...
✅ Local backup created: /home/lmnet/server/server/backups/backup-1764453602202.zip
✅ Backup uploaded: backup-1764453602202.zip
🗑️ Deleted oldest Google Drive backup: backup-1764367202266.zip
🧹 Removed local temporary backup file
✅ Backup process completed!
⏳ Creating backup...
✅ Local backup created: /home/lmnet/server/server/backups/backup-1764460802756.zip
✅ Backup uploaded: backup-1764460802756.zip
🗑️ Deleted oldest Google Drive backup: backup-1764374402725.zip
🧹 Removed local temporary backup file
✅ Backup process completed!
⏳ Creating backup...
✅ Local backup created: /home/lmnet/server/server/backups/backup-1764468002190.zip
✅ Backup uploaded: backup-1764468002190.zip
🗑️ Deleted oldest Google Drive backup: backup-1764381602822.zip
🧹 Removed local temporary backup file
✅ Backup process completed!
⏳ Creating backup...
✅ Local backup created: /home/lmnet/server/server/backups/backup-1764475202695.zip
✅ Backup uploaded: backup-1764475202695.zip
🗑️ Deleted oldest Google Drive backup: backup-1764388802278.zip
🧹 Removed local temporary backup file
✅ Backup process completed!
⏳ Creating backup...
✅ Local backup created: /home/lmnet/server/server/backups/backup-1764482402163.zip
✅ Backup uploaded: backup-1764482402163.zip
🗑️ Deleted oldest Google Drive backup: backup-1764396002787.zip
🧹 Removed local temporary backup file
✅ Backup process completed!
⏳ Creating backup...
✅ Local backup created: /home/lmnet/server/server/backups/backup-1764489602537.zip
✅ Backup uploaded: backup-1764489602537.zip
🗑️ Deleted oldest Google Drive backup: backup-1764403202407.zip
🧹 Removed local temporary backup file
✅ Backup process completed!
⏳ Creating backup...
✅ Local backup created: /home/lmnet/server/server/backups/backup-1764496802618.zip
✅ Backup uploaded: backup-1764496802618.zip
🗑️ Deleted oldest Google Drive backup: backup-1764410402704.zip
🧹 Removed local temporary backup file
✅ Backup process completed!
⏳ Creating backup...
✅ Local backup created: /home/lmnet/server/server/backups/backup-1764504002185.zip
✅ Backup uploaded: backup-1764504002185.zip
🗑️ Deleted oldest Google Drive backup: backup-1764417603038.zip
🧹 Removed local temporary backup file
✅ Backup process completed!
⏳ Creating backup...
✅ Local backup created: /home/lmnet/server/server/backups/backup-1764511202677.zip
✅ Backup uploaded: backup-1764511202677.zip
🗑️ Deleted oldest Google Drive backup: backup-1764424802527.zip
🧹 Removed local temporary backup file
✅ Backup process completed!
⏳ Creating backup...
✅ Local backup created: /home/lmnet/server/server/backups/backup-1764518402142.zip
✅ Backup uploaded: backup-1764518402142.zip
🗑️ Deleted oldest Google Drive backup: backup-1764432002456.zip
🧹 Removed local temporary backup file
✅ Backup process completed!
⏳ Creating backup...
✅ Local backup created: /home/lmnet/server/server/backups/backup-1764525602515.zip
✅ Backup uploaded: backup-1764525602515.zip
🗑️ Deleted oldest Google Drive backup: backup-1764439202998.zip
🧹 Removed local temporary backup file
✅ Backup process completed!
⏳ Creating backup...
✅ Local backup created: /home/lmnet/server/server/backups/backup-1764532802442.zip
✅ Backup uploaded: backup-1764532802442.zip
🗑️ Deleted oldest Google Drive backup: backup-1764446402243.zip
🧹 Removed local temporary backup file
✅ Backup process completed!
⏳ Creating backup...
✅ Local backup created: /home/lmnet/server/server/backups/backup-1764540002194.zip
✅ Backup uploaded: backup-1764540002194.zip
🗑️ Deleted oldest Google Drive backup: backup-1764453602202.zip
🧹 Removed local temporary backup file
✅ Backup process completed!
⏳ Creating backup...
✅ Local backup created: /home/lmnet/server/server/backups/backup-1764547203157.zip
✅ Backup uploaded: backup-1764547203157.zip
🗑️ Deleted oldest Google Drive backup: backup-1764460802756.zip
🧹 Removed local temporary backup file
✅ Backup process completed!
⏳ Creating backup...
✅ Local backup created: /home/lmnet/server/server/backups/backup-1764554402705.zip
✅ Backup uploaded: backup-1764554402705.zip
🗑️ Deleted oldest Google Drive backup: backup-1764468002190.zip
🧹 Removed local temporary backup file
✅ Backup process completed!
⏳ Creating backup...
✅ Local backup created: /home/lmnet/server/server/backups/backup-1764561602436.zip
✅ Backup uploaded: backup-1764561602436.zip
🗑️ Deleted oldest Google Drive backup: backup-1764475202695.zip
🧹 Removed local temporary backup file
✅ Backup process completed!
⏳ Creating backup...
✅ Local backup created: /home/lmnet/server/server/backups/backup-1764568803065.zip
✅ Backup uploaded: backup-1764568803065.zip
🗑️ Deleted oldest Google Drive backup: backup-1764482402163.zip
🧹 Removed local temporary backup file
✅ Backup process completed!
⏳ Creating backup...
✅ Local backup created: /home/lmnet/server/server/backups/backup-1764576001761.zip
✅ Backup uploaded: backup-1764576001761.zip
🗑️ Deleted oldest Google Drive backup: backup-1764489602537.zip
🧹 Removed local temporary backup file
✅ Backup process completed!
⏳ Creating backup...
✅ Local backup created: /home/lmnet/server/server/backups/backup-1764583202627.zip
✅ Backup uploaded: backup-1764583202627.zip
🗑️ Deleted oldest Google Drive backup: backup-1764496802618.zip
🧹 Removed local temporary backup file
✅ Backup process completed!
⏳ Creating backup...
✅ Local backup created: /home/lmnet/server/server/backups/backup-1764590402826.zip
✅ Backup uploaded: backup-1764590402826.zip
🗑️ Deleted oldest Google Drive backup: backup-1764504002185.zip
🧹 Removed local temporary backup file
✅ Backup process completed!
⏳ Creating backup...
✅ Local backup created: /home/lmnet/server/server/backups/backup-1764597602936.zip
✅ Backup uploaded: backup-1764597602936.zip
🗑️ Deleted oldest Google Drive backup: backup-1764511202677.zip
🧹 Removed local temporary backup file
✅ Backup process completed!
⏳ Creating backup...
✅ Local backup created: /home/lmnet/server/server/backups/backup-1764604802078.zip
✅ Backup uploaded: backup-1764604802078.zip
🗑️ Deleted oldest Google Drive backup: backup-1764518402142.zip
🧹 Removed local temporary backup file
✅ Backup process completed!
⏳ Creating backup...
✅ Local backup created: /home/lmnet/server/server/backups/backup-1764612002768.zip
✅ Backup uploaded: backup-1764612002768.zip
🗑️ Deleted oldest Google Drive backup: backup-1764525602515.zip
🧹 Removed local temporary backup file
✅ Backup process completed!
⏳ Creating backup...
✅ Local backup created: /home/lmnet/server/server/backups/backup-1764619202560.zip
✅ Backup uploaded: backup-1764619202560.zip
🗑️ Deleted oldest Google Drive backup: backup-1764532802442.zip
🧹 Removed local temporary backup file
✅ Backup process completed!
⏳ Creating backup...
✅ Local backup created: /home/lmnet/server/server/backups/backup-1764626401966.zip
✅ Backup uploaded: backup-1764626401966.zip
🗑️ Deleted oldest Google Drive backup: backup-1764540002194.zip
🧹 Removed local temporary backup file
✅ Backup process completed!
⏳ Creating backup...
✅ Local backup created: /home/lmnet/server/server/backups/backup-1764633602431.zip
✅ Backup uploaded: backup-1764633602431.zip
🗑️ Deleted oldest Google Drive backup: backup-1764547203157.zip
🧹 Removed local temporary backup file
✅ Backup process completed!
⏳ Creating backup...
✅ Local backup created: /home/lmnet/server/server/backups/backup-1764640803033.zip
✅ Backup uploaded: backup-1764640803033.zip
🗑️ Deleted oldest Google Drive backup: backup-1764554402705.zip
🧹 Removed local temporary backup file
✅ Backup process completed!
⏳ Creating backup...
✅ Local backup created: /home/lmnet/server/server/backups/backup-1764648002465.zip
✅ Backup uploaded: backup-1764648002465.zip
🗑️ Deleted oldest Google Drive backup: backup-1764561602436.zip
🧹 Removed local temporary backup file
✅ Backup process completed!
⏳ Creating backup...
✅ Local backup created: /home/lmnet/server/server/backups/backup-1764655202836.zip
✅ Backup uploaded: backup-1764655202836.zip
🗑️ Deleted oldest Google Drive backup: backup-1764568803065.zip
🧹 Removed local temporary backup file
✅ Backup process completed!
⏳ Creating backup...
✅ Local backup created: /home/lmnet/server/server/backups/backup-1764662402898.zip
✅ Backup uploaded: backup-1764662402898.zip
🗑️ Deleted oldest Google Drive backup: backup-1764576001761.zip
🧹 Removed local temporary backup file
✅ Backup process completed!
⏳ Creating backup...
✅ Local backup created: /home/lmnet/server/server/backups/backup-1764669602513.zip
✅ Backup uploaded: backup-1764669602513.zip
🗑️ Deleted oldest Google Drive backup: backup-1764583202627.zip
🧹 Removed local temporary backup file
✅ Backup process completed!
⏳ Creating backup...
✅ Local backup created: /home/lmnet/server/server/backups/backup-1764676802783.zip
✅ Backup uploaded: backup-1764676802783.zip
🗑️ Deleted oldest Google Drive backup: backup-1764590402826.zip
🧹 Removed local temporary backup file
✅ Backup process completed!
⏳ Creating backup...
✅ Local backup created: /home/lmnet/server/server/backups/backup-1764684002779.zip
✅ Backup uploaded: backup-1764684002779.zip
🗑️ Deleted oldest Google Drive backup: backup-1764597602936.zip
🧹 Removed local temporary backup file
✅ Backup process completed!
⏳ Creating backup...
✅ Local backup created: /home/lmnet/server/server/backups/backup-1764691202077.zip
✅ Backup uploaded: backup-1764691202077.zip
🗑️ Deleted oldest Google Drive backup: backup-1764604802078.zip
🧹 Removed local temporary backup file
✅ Backup process completed!
⏳ Creating backup...
✅ Local backup created: /home/lmnet/server/server/backups/backup-1764698402594.zip
✅ Backup uploaded: backup-1764698402594.zip
🗑️ Deleted oldest Google Drive backup: backup-1764612002768.zip
🧹 Removed local temporary backup file
✅ Backup process completed!
⏳ Creating backup...
✅ Local backup created: /home/lmnet/server/server/backups/backup-1764705602725.zip
✅ Backup uploaded: backup-1764705602725.zip
🗑️ Deleted oldest Google Drive backup: backup-1764619202560.zip
🧹 Removed local temporary backup file
✅ Backup process completed!
⏳ Creating backup...
✅ Local backup created: /home/lmnet/server/server/backups/backup-1764712802303.zip
✅ Backup uploaded: backup-1764712802303.zip
🗑️ Deleted oldest Google Drive backup: backup-1764626401966.zip
🧹 Removed local temporary backup file
✅ Backup process completed!
⏳ Creating backup...
✅ Local backup created: /home/lmnet/server/server/backups/backup-1764720002868.zip
✅ Backup uploaded: backup-1764720002868.zip
🗑️ Deleted oldest Google Drive backup: backup-1764633602431.zip
🧹 Removed local temporary backup file
✅ Backup process completed!
⏳ Creating backup...
✅ Local backup created: /home/lmnet/server/server/backups/backup-1764727202718.zip
✅ Backup uploaded: backup-1764727202718.zip
🗑️ Deleted oldest Google Drive backup: backup-1764640803033.zip
🧹 Removed local temporary backup file
✅ Backup process completed!
⏳ Creating backup...
✅ Local backup created: /home/lmnet/server/server/backups/backup-1764734402464.zip
✅ Backup uploaded: backup-1764734402464.zip
🗑️ Deleted oldest Google Drive backup: backup-1764648002465.zip
🧹 Removed local temporary backup file
✅ Backup process completed!
⏳ Creating backup...
✅ Local backup created: /home/lmnet/server/server/backups/backup-1764741602945.zip
✅ Backup uploaded: backup-1764741602945.zip
🗑️ Deleted oldest Google Drive backup: backup-1764655202836.zip
🧹 Removed local temporary backup file
✅ Backup process completed!
⏳ Creating backup...
✅ Local backup created: /home/lmnet/server/server/backups/backup-1764748803231.zip
✅ Backup uploaded: backup-1764748803231.zip
🗑️ Deleted oldest Google Drive backup: backup-1764662402898.zip
🧹 Removed local temporary backup file
✅ Backup process completed!
⏳ Creating backup...
✅ Local backup created: /home/lmnet/server/server/backups/backup-1764756002609.zip
✅ Backup uploaded: backup-1764756002609.zip
🗑️ Deleted oldest Google Drive backup: backup-1764669602513.zip
🧹 Removed local temporary backup file
✅ Backup process completed!
⏳ Creating backup...
✅ Local backup created: /home/lmnet/server/server/backups/backup-1764763202090.zip
✅ Backup uploaded: backup-1764763202090.zip
🗑️ Deleted oldest Google Drive backup: backup-1764676802783.zip
🧹 Removed local temporary backup file
✅ Backup process completed!
⏳ Creating backup...
✅ Local backup created: /home/lmnet/server/server/backups/backup-1764770402570.zip
✅ Backup uploaded: backup-1764770402570.zip
🗑️ Deleted oldest Google Drive backup: backup-1764684002779.zip
🧹 Removed local temporary backup file
✅ Backup process completed!
⏳ Creating backup...
✅ Local backup created: /home/lmnet/server/server/backups/backup-1764777602901.zip
✅ Backup uploaded: backup-1764777602901.zip
🗑️ Deleted oldest Google Drive backup: backup-1764691202077.zip
🧹 Removed local temporary backup file
✅ Backup process completed!
⏳ Creating backup...
✅ Local backup created: /home/lmnet/server/server/backups/backup-1764784802809.zip
✅ Backup uploaded: backup-1764784802809.zip
🗑️ Deleted oldest Google Drive backup: backup-1764698402594.zip
🧹 Removed local temporary backup file
✅ Backup process completed!
⏳ Creating backup...
✅ Local backup created: /home/lmnet/server/server/backups/backup-1764792002933.zip
✅ Backup uploaded: backup-1764792002933.zip
🗑️ Deleted oldest Google Drive backup: backup-1764705602725.zip
🧹 Removed local temporary backup file
✅ Backup process completed!
⏳ Creating backup...
✅ Local backup created: /home/lmnet/server/server/backups/backup-1764799202562.zip
✅ Backup uploaded: backup-1764799202562.zip
🗑️ Deleted oldest Google Drive backup: backup-1764712802303.zip
🧹 Removed local temporary backup file
✅ Backup process completed!
⏳ Creating backup...
✅ Local backup created: /home/lmnet/server/server/backups/backup-1764806403253.zip
✅ Backup uploaded: backup-1764806403253.zip
🗑️ Deleted oldest Google Drive backup: backup-1764720002868.zip
🧹 Removed local temporary backup file
✅ Backup process completed!
⏳ Creating backup...
✅ Local backup created: /home/lmnet/server/server/backups/backup-1764813602741.zip
✅ Backup uploaded: backup-1764813602741.zip
🗑️ Deleted oldest Google Drive backup: backup-1764727202718.zip
🧹 Removed local temporary backup file
✅ Backup process completed!
⏳ Creating backup...
✅ Local backup created: /home/lmnet/server/server/backups/backup-1764820802639.zip
✅ Backup uploaded: backup-1764820802639.zip
🗑️ Deleted oldest Google Drive backup: backup-1764734402464.zip
🧹 Removed local temporary backup file
✅ Backup process completed!
⏳ Creating backup...
✅ Local backup created: /home/lmnet/server/server/backups/backup-1764828002239.zip
✅ Backup uploaded: backup-1764828002239.zip
🗑️ Deleted oldest Google Drive backup: backup-1764741602945.zip
🧹 Removed local temporary backup file
✅ Backup process completed!
⏳ Creating backup...
✅ Local backup created: /home/lmnet/server/server/backups/backup-1764835202310.zip
✅ Backup uploaded: backup-1764835202310.zip
🗑️ Deleted oldest Google Drive backup: backup-1764748803231.zip
🧹 Removed local temporary backup file
✅ Backup process completed!
⏳ Creating backup...
✅ Local backup created: /home/lmnet/server/server/backups/backup-1764842403033.zip
✅ Backup uploaded: backup-1764842403033.zip
🗑️ Deleted oldest Google Drive backup: backup-1764756002609.zip
🧹 Removed local temporary backup file
✅ Backup process completed!
⏳ Creating backup...
✅ Local backup created: /home/lmnet/server/server/backups/backup-1764849602472.zip
✅ Backup uploaded: backup-1764849602472.zip
🗑️ Deleted oldest Google Drive backup: backup-1764763202090.zip
🧹 Removed local temporary backup file
✅ Backup process completed!
⏳ Creating backup...
✅ Local backup created: /home/lmnet/server/server/backups/backup-1764856802776.zip
✅ Backup uploaded: backup-1764856802776.zip
🗑️ Deleted oldest Google Drive backup: backup-1764770402570.zip
🧹 Removed local temporary backup file
✅ Backup process completed!
⏳ Creating backup...
✅ Local backup created: /home/lmnet/server/server/backups/backup-1764864002736.zip
✅ Backup uploaded: backup-1764864002736.zip
🗑️ Deleted oldest Google Drive backup: backup-1764777602901.zip
🧹 Removed local temporary backup file
✅ Backup process completed!
⏳ Creating backup...
✅ Local backup created: /home/lmnet/server/server/backups/backup-1764871202519.zip
✅ Backup uploaded: backup-1764871202519.zip
🗑️ Deleted oldest Google Drive backup: backup-1764784802809.zip
🧹 Removed local temporary backup file
✅ Backup process completed!
⏳ Creating backup...
✅ Local backup created: /home/lmnet/server/server/backups/backup-1764878402404.zip
✅ Backup uploaded: backup-1764878402404.zip
🗑️ Deleted oldest Google Drive backup: backup-1764792002933.zip
🧹 Removed local temporary backup file
✅ Backup process completed!
⏳ Creating backup...
✅ Local backup created: /home/lmnet/server/server/backups/backup-1764885602439.zip
✅ Backup uploaded: backup-1764885602439.zip
🗑️ Deleted oldest Google Drive backup: backup-1764799202562.zip
🧹 Removed local temporary backup file
✅ Backup process completed!
⏳ Creating backup...
✅ Local backup created: /home/lmnet/server/server/backups/backup-1764892802814.zip
✅ Backup uploaded: backup-1764892802814.zip
🗑️ Deleted oldest Google Drive backup: backup-1764806403253.zip
🧹 Removed local temporary backup file
✅ Backup process completed!
⏳ Creating backup...
✅ Local backup created: /home/lmnet/server/server/backups/backup-1764900002322.zip
✅ Backup uploaded: backup-1764900002322.zip
🗑️ Deleted oldest Google Drive backup: backup-1764813602741.zip
🧹 Removed local temporary backup file
✅ Backup process completed!
⏳ Creating backup...
✅ Local backup created: /home/lmnet/server/server/backups/backup-1764907202039.zip
✅ Backup uploaded: backup-1764907202039.zip
🗑️ Deleted oldest Google Drive backup: backup-1764820802639.zip
🧹 Removed local temporary backup file
✅ Backup process completed!
⏳ Creating backup...
✅ Local backup created: /home/lmnet/server/server/backups/backup-1764914402434.zip
✅ Backup uploaded: backup-1764914402434.zip
🗑️ Deleted oldest Google Drive backup: backup-1764828002239.zip
🧹 Removed local temporary backup file
✅ Backup process completed!
⏳ Creating backup...
✅ Local backup created: /home/lmnet/server/server/backups/backup-1764921603104.zip
✅ Backup uploaded: backup-1764921603104.zip
🗑️ Deleted oldest Google Drive backup: backup-1764835202310.zip
🧹 Removed local temporary backup file
✅ Backup process completed!
⏳ Creating backup...
✅ Local backup created: /home/lmnet/server/server/backups/backup-1764928802492.zip
✅ Backup uploaded: backup-1764928802492.zip
🗑️ Deleted oldest Google Drive backup: backup-1764842403033.zip
🧹 Removed local temporary backup file
✅ Backup process completed!
⏳ Creating backup...
✅ Local backup created: /home/lmnet/server/server/backups/backup-1764936002056.zip
✅ Backup uploaded: backup-1764936002056.zip
🗑️ Deleted oldest Google Drive backup: backup-1764849602472.zip
🧹 Removed local temporary backup file
✅ Backup process completed!
⏳ Creating backup...
✅ Local backup created: /home/lmnet/server/server/backups/backup-1764943202807.zip
✅ Backup uploaded: backup-1764943202807.zip
🗑️ Deleted oldest Google Drive backup: backup-1764856802776.zip
🧹 Removed local temporary backup file
✅ Backup process completed!
⏳ Creating backup...
✅ Local backup created: /home/lmnet/server/server/backups/backup-1764950402631.zip
✅ Backup uploaded: backup-1764950402631.zip
🗑️ Deleted oldest Google Drive backup: backup-1764864002736.zip
🧹 Removed local temporary backup file
✅ Backup process completed!
⏳ Creating backup...
✅ Local backup created: /home/lmnet/server/server/backups/backup-1764957602690.zip
✅ Backup uploaded: backup-1764957602690.zip
🗑️ Deleted oldest Google Drive backup: backup-1764871202519.zip
🧹 Removed local temporary backup file
✅ Backup process completed!
⏳ Creating backup...
✅ Local backup created: /home/lmnet/server/server/backups/backup-1764964802618.zip
✅ Backup uploaded: backup-1764964802618.zip
🗑️ Deleted oldest Google Drive backup: backup-1764878402404.zip
🧹 Removed local temporary backup file
✅ Backup process completed!
⏳ Creating backup...
✅ Local backup created: /home/lmnet/server/server/backups/backup-1764972002971.zip
✅ Backup uploaded: backup-1764972002971.zip
🗑️ Deleted oldest Google Drive backup: backup-1764885602439.zip
🧹 Removed local temporary backup file
✅ Backup process completed!
⏳ Creating backup...
✅ Local backup created: /home/lmnet/server/server/backups/backup-1764979202839.zip
✅ Backup uploaded: backup-1764979202839.zip
🗑️ Deleted oldest Google Drive backup: backup-1764892802814.zip
🧹 Removed local temporary backup file
✅ Backup process completed!
⏳ Creating backup...
✅ Local backup created: /home/lmnet/server/server/backups/backup-1764986402373.zip
✅ Backup uploaded: backup-1764986402373.zip
🗑️ Deleted oldest Google Drive backup: backup-1764900002322.zip
🧹 Removed local temporary backup file
✅ Backup process completed!
⏳ Creating backup...
✅ Local backup created: /home/lmnet/server/server/backups/backup-1764993602254.zip
✅ Backup uploaded: backup-1764993602254.zip
🗑️ Deleted oldest Google Drive backup: backup-1764907202039.zip
🧹 Removed local temporary backup file
✅ Backup process completed!
⏳ Creating backup...
✅ Local backup created: /home/lmnet/server/server/backups/backup-1765000801779.zip
✅ Backup uploaded: backup-1765000801779.zip
🗑️ Deleted oldest Google Drive backup: backup-1764914402434.zip
🧹 Removed local temporary backup file
✅ Backup process completed!
⏳ Creating backup...
✅ Local backup created: /home/lmnet/server/server/backups/backup-1765008002974.zip
✅ Backup uploaded: backup-1765008002974.zip
🗑️ Deleted oldest Google Drive backup: backup-1764921603104.zip
🧹 Removed local temporary backup file
✅ Backup process completed!
⏳ Creating backup...
✅ Local backup created: /home/lmnet/server/server/backups/backup-1765015202489.zip
✅ Backup uploaded: backup-1765015202489.zip
🗑️ Deleted oldest Google Drive backup: backup-1764928802492.zip
🧹 Removed local temporary backup file
✅ Backup process completed!
⏳ Creating backup...
✅ Local backup created: /home/lmnet/server/server/backups/backup-1765022402465.zip
✅ Backup uploaded: backup-1765022402465.zip
🗑️ Deleted oldest Google Drive backup: backup-1764936002056.zip
🧹 Removed local temporary backup file
✅ Backup process completed!
⏳ Creating backup...
✅ Local backup created: /home/lmnet/server/server/backups/backup-1765029603002.zip
✅ Backup uploaded: backup-1765029603002.zip
🗑️ Deleted oldest Google Drive backup: backup-1764943202807.zip
🧹 Removed local temporary backup file
✅ Backup process completed!
⏳ Creating backup...
✅ Local backup created: /home/lmnet/server/server/backups/backup-1765036802449.zip
✅ Backup uploaded: backup-1765036802449.zip
🗑️ Deleted oldest Google Drive backup: backup-1764950402631.zip
🧹 Removed local temporary backup file
✅ Backup process completed!
⏳ Creating backup...
✅ Local backup created: /home/lmnet/server/server/backups/backup-1765044002848.zip
✅ Backup uploaded: backup-1765044002848.zip
🗑️ Deleted oldest Google Drive backup: backup-1764957602690.zip
🧹 Removed local temporary backup file
✅ Backup process completed!
⏳ Creating backup...
✅ Local backup created: /home/lmnet/server/server/backups/backup-1765051202372.zip
✅ Backup uploaded: backup-1765051202372.zip
🗑️ Deleted oldest Google Drive backup: backup-1764964802618.zip
🧹 Removed local temporary backup file
✅ Backup process completed!
⏳ Creating backup...
✅ Local backup created: /home/lmnet/server/server/backups/backup-1765058402592.zip
✅ Backup uploaded: backup-1765058402592.zip
🗑️ Deleted oldest Google Drive backup: backup-1764972002971.zip
🧹 Removed local temporary backup file
✅ Backup process completed!
⏳ Creating backup...
✅ Local backup created: /home/lmnet/server/server/backups/backup-1765065603159.zip
✅ Backup uploaded: backup-1765065603159.zip
🗑️ Deleted oldest Google Drive backup: backup-1764979202839.zip
🧹 Removed local temporary backup file
✅ Backup process completed!
⏳ Creating backup...
✅ Local backup created: /home/lmnet/server/server/backups/backup-1765072802448.zip
✅ Backup uploaded: backup-1765072802448.zip
🗑️ Deleted oldest Google Drive backup: backup-1764986402373.zip
🧹 Removed local temporary backup file
✅ Backup process completed!
⏳ Creating backup...
✅ Local backup created: /home/lmnet/server/server/backups/backup-1765080002173.zip
✅ Backup uploaded: backup-1765080002173.zip
🗑️ Deleted oldest Google Drive backup: backup-1764993602254.zip
🧹 Removed local temporary backup file
✅ Backup process completed!
⏳ Creating backup...
✅ Local backup created: /home/lmnet/server/server/backups/backup-1765087202377.zip
✅ Backup uploaded: backup-1765087202377.zip
🗑️ Deleted oldest Google Drive backup: backup-1765000801779.zip
🧹 Removed local temporary backup file
✅ Backup process completed!
⏳ Creating backup...
✅ Local backup created: /home/lmnet/server/server/backups/backup-1765094402787.zip
✅ Backup uploaded: backup-1765094402787.zip
🗑️ Deleted oldest Google Drive backup: backup-1765008002974.zip
🧹 Removed local temporary backup file
✅ Backup process completed!
⏳ Creating backup...
✅ Local backup created: /home/lmnet/server/server/backups/backup-1765101601907.zip
✅ Backup uploaded: backup-1765101601907.zip
🗑️ Deleted oldest Google Drive backup: backup-1765015202489.zip
🧹 Removed local temporary backup file
✅ Backup process completed!
⏳ Creating backup...
✅ Local backup created: /home/lmnet/server/server/backups/backup-1765108802343.zip
✅ Backup uploaded: backup-1765108802343.zip
🗑️ Deleted oldest Google Drive backup: backup-1765022402465.zip
🧹 Removed local temporary backup file
✅ Backup process completed!
⏳ Creating backup...
✅ Local backup created: /home/lmnet/server/server/backups/backup-1765116002351.zip
✅ Backup uploaded: backup-1765116002351.zip
🗑️ Deleted oldest Google Drive backup: backup-1765029603002.zip
🧹 Removed local temporary backup file
✅ Backup process completed!
⏳ Creating backup...
✅ Local backup created: /home/lmnet/server/server/backups/backup-1765123202334.zip
✅ Backup uploaded: backup-1765123202334.zip
🗑️ Deleted oldest Google Drive backup: backup-1765036802449.zip
🧹 Removed local temporary backup file
✅ Backup process completed!
⏳ Creating backup...
✅ Local backup created: /home/lmnet/server/server/backups/backup-1765130402076.zip
✅ Backup uploaded: backup-1765130402076.zip
🗑️ Deleted oldest Google Drive backup: backup-1765044002848.zip
🧹 Removed local temporary backup file
✅ Backup process completed!
⏳ Creating backup...
✅ Local backup created: /home/lmnet/server/server/backups/backup-1765137602595.zip
✅ Backup uploaded: backup-1765137602595.zip
🗑️ Deleted oldest Google Drive backup: backup-1765051202372.zip
🧹 Removed local temporary backup file
✅ Backup process completed!
⏳ Creating backup...
✅ Local backup created: /home/lmnet/server/server/backups/backup-1765144802335.zip
✅ Backup uploaded: backup-1765144802335.zip
🗑️ Deleted oldest Google Drive backup: backup-1765058402592.zip
🧹 Removed local temporary backup file
✅ Backup process completed!
⏳ Creating backup...
✅ Local backup created: /home/lmnet/server/server/backups/backup-1765152003133.zip
✅ Backup uploaded: backup-1765152003133.zip
🗑️ Deleted oldest Google Drive backup: backup-1765065603159.zip
🧹 Removed local temporary backup file
✅ Backup process completed!
⏳ Creating backup...
✅ Local backup created: /home/lmnet/server/server/backups/backup-1765159202591.zip
✅ Backup uploaded: backup-1765159202591.zip
🗑️ Deleted oldest Google Drive backup: backup-1765072802448.zip
🧹 Removed local temporary backup file
✅ Backup process completed!
⏳ Creating backup...
✅ Local backup created: /home/lmnet/server/server/backups/backup-1765166401776.zip
✅ Backup uploaded: backup-1765166401776.zip
🗑️ Deleted oldest Google Drive backup: backup-1765080002173.zip
🧹 Removed local temporary backup file
✅ Backup process completed!
⏳ Creating backup...
✅ Local backup created: /home/lmnet/server/server/backups/backup-1765173602046.zip
✅ Backup uploaded: backup-1765173602046.zip
🗑️ Deleted oldest Google Drive backup: backup-1765087202377.zip
🧹 Removed local temporary backup file
✅ Backup process completed!
⏳ Creating backup...
✅ Local backup created: /home/lmnet/server/server/backups/backup-1765180802867.zip
✅ Backup uploaded: backup-1765180802867.zip
🗑️ Deleted oldest Google Drive backup: backup-1765094402787.zip
🧹 Removed local temporary backup file
✅ Backup process completed!
⏳ Creating backup...
✅ Local backup created: /home/lmnet/server/server/backups/backup-1765188002197.zip
✅ Backup uploaded: backup-1765188002197.zip
🗑️ Deleted oldest Google Drive backup: backup-1765101601907.zip
🧹 Removed local temporary backup file
✅ Backup process completed!
⏳ Creating backup...
✅ Local backup created: /home/lmnet/server/server/backups/backup-1765195202060.zip
✅ Backup uploaded: backup-1765195202060.zip
🗑️ Deleted oldest Google Drive backup: backup-1765108802343.zip
🧹 Removed local temporary backup file
✅ Backup process completed!
⏳ Creating backup...
✅ Local backup created: /home/lmnet/server/server/backups/backup-1765202402967.zip
✅ Backup uploaded: backup-1765202402967.zip
🗑️ Deleted oldest Google Drive backup: backup-1765116002351.zip
🧹 Removed local temporary backup file
✅ Backup process completed!
⏳ Creating backup...
✅ Local backup created: /home/lmnet/server/server/backups/backup-1765209602444.zip
✅ Backup uploaded: backup-1765209602444.zip
🗑️ Deleted oldest Google Drive backup: backup-1765123202334.zip
🧹 Removed local temporary backup file
✅ Backup process completed!
⏳ Creating backup...
✅ Local backup created: /home/lmnet/server/server/backups/backup-1765216802011.zip
✅ Backup uploaded: backup-1765216802011.zip
🗑️ Deleted oldest Google Drive backup: backup-1765130402076.zip
🧹 Removed local temporary backup file
✅ Backup process completed!
⏳ Creating backup...
✅ Local backup created: /home/lmnet/server/server/backups/backup-1765224002624.zip
✅ Backup uploaded: backup-1765224002624.zip
🗑️ Deleted oldest Google Drive backup: backup-1765137602595.zip
🧹 Removed local temporary backup file
✅ Backup process completed!
⏳ Creating backup...
✅ Local backup created: /home/lmnet/server/server/backups/backup-1765231202421.zip
✅ Backup uploaded: backup-1765231202421.zip
🗑️ Deleted oldest Google Drive backup: backup-1765144802335.zip
🧹 Removed local temporary backup file
✅ Backup process completed!
⏳ Creating backup...
✅ Local backup created: /home/lmnet/server/server/backups/backup-1765238403006.zip
✅ Backup uploaded: backup-1765238403006.zip
🗑️ Deleted oldest Google Drive backup: backup-1765152003133.zip
🧹 Removed local temporary backup file
✅ Backup process completed!
⏳ Creating backup...
✅ Local backup created: /home/lmnet/server/server/backups/backup-1765245603123.zip
✅ Backup uploaded: backup-1765245603123.zip
🗑️ Deleted oldest Google Drive backup: backup-1765159202591.zip
🧹 Removed local temporary backup file
✅ Backup process completed!
⏳ Creating backup...
✅ Local backup created: /home/lmnet/server/server/backups/backup-1765252802407.zip
✅ Backup uploaded: backup-1765252802407.zip
🗑️ Deleted oldest Google Drive backup: backup-1765166401776.zip
🧹 Removed local temporary backup file
✅ Backup process completed!
⏳ Creating backup...
✅ Local backup created: /home/lmnet/server/server/backups/backup-1765260002884.zip
✅ Backup uploaded: backup-1765260002884.zip
🗑️ Deleted oldest Google Drive backup: backup-1765173602046.zip
🧹 Removed local temporary backup file
✅ Backup process completed!
⏳ Creating backup...
✅ Local backup created: /home/lmnet/server/server/backups/backup-1765267203090.zip
✅ Backup uploaded: backup-1765267203090.zip
🗑️ Deleted oldest Google Drive backup: backup-1765180802867.zip
🧹 Removed local temporary backup file
✅ Backup process completed!
⏳ Creating backup...
✅ Local backup created: /home/lmnet/server/server/backups/backup-1765274402501.zip
✅ Backup uploaded: backup-1765274402501.zip
🗑️ Deleted oldest Google Drive backup: backup-1765188002197.zip
🧹 Removed local temporary backup file
✅ Backup process completed!
⏳ Creating backup...
✅ Local backup created: /home/lmnet/server/server/backups/backup-1765281602080.zip
✅ Backup uploaded: backup-1765281602080.zip
🗑️ Deleted oldest Google Drive backup: backup-1765195202060.zip
🧹 Removed local temporary backup file
✅ Backup process completed!
⏳ Creating backup...
✅ Local backup created: /home/lmnet/server/server/backups/backup-1765288802594.zip
✅ Backup uploaded: backup-1765288802594.zip
🗑️ Deleted oldest Google Drive backup: backup-1765202402967.zip
🧹 Removed local temporary backup file
✅ Backup process completed!
⏳ Creating backup...
✅ Local backup created: /home/lmnet/server/server/backups/backup-1765296002899.zip
✅ Backup uploaded: backup-1765296002899.zip
🗑️ Deleted oldest Google Drive backup: backup-1765209602444.zip
🧹 Removed local temporary backup file
✅ Backup process completed!
⏳ Creating backup...
✅ Local backup created: /home/lmnet/server/server/backups/backup-1765303202542.zip
✅ Backup uploaded: backup-1765303202542.zip
🗑️ Deleted oldest Google Drive backup: backup-1765216802011.zip
🧹 Removed local temporary backup file
✅ Backup process completed!
⏳ Creating backup...
✅ Local backup created: /home/lmnet/server/server/backups/backup-1765310402980.zip
✅ Backup uploaded: backup-1765310402980.zip
🗑️ Deleted oldest Google Drive backup: backup-1765224002624.zip
🧹 Removed local temporary backup file
✅ Backup process completed!
⏳ Creating backup...
✅ Local backup created: /home/lmnet/server/server/backups/backup-1765317602233.zip
✅ Backup uploaded: backup-1765317602233.zip
🗑️ Deleted oldest Google Drive backup: backup-1765231202421.zip
🧹 Removed local temporary backup file
✅ Backup process completed!
⏳ Creating backup...
✅ Local backup created: /home/lmnet/server/server/backups/backup-1765324802127.zip
✅ Backup uploaded: backup-1765324802127.zip
🗑️ Deleted oldest Google Drive backup: backup-1765238403006.zip
🧹 Removed local temporary backup file
✅ Backup process completed!
⏳ Creating backup...
✅ Local backup created: /home/lmnet/server/server/backups/backup-1765332002333.zip
✅ Backup uploaded: backup-1765332002333.zip
🗑️ Deleted oldest Google Drive backup: backup-1765245603123.zip
🧹 Removed local temporary backup file
✅ Backup process completed!
⏳ Creating backup...
✅ Local backup created: /home/lmnet/server/server/backups/backup-1765339202826.zip
✅ Backup uploaded: backup-1765339202826.zip
🗑️ Deleted oldest Google Drive backup: backup-1765252802407.zip
🧹 Removed local temporary backup file
✅ Backup process completed!
⏳ Creating backup...
✅ Local backup created: /home/lmnet/server/server/backups/backup-1765346402467.zip
✅ Backup uploaded: backup-1765346402467.zip
🗑️ Deleted oldest Google Drive backup: backup-1765260002884.zip
🧹 Removed local temporary backup file
✅ Backup process completed!
⏳ Creating backup...
✅ Local backup created: /home/lmnet/server/server/backups/backup-1765353602719.zip
✅ Backup uploaded: backup-1765353602719.zip
🗑️ Deleted oldest Google Drive backup: backup-1765267203090.zip
🧹 Removed local temporary backup file
✅ Backup process completed!
⏳ Creating backup...
✅ Local backup created: /home/lmnet/server/server/backups/backup-1765360802774.zip
✅ Backup uploaded: backup-1765360802774.zip
🗑️ Deleted oldest Google Drive backup: backup-1765274402501.zip
🧹 Removed local temporary backup file
✅ Backup process completed!
⏳ Creating backup...
✅ Local backup created: /home/lmnet/server/server/backups/backup-1765368002976.zip
✅ Backup uploaded: backup-1765368002976.zip
🗑️ Deleted oldest Google Drive backup: backup-1765281602080.zip
🧹 Removed local temporary backup file
✅ Backup process completed!
⏳ Creating backup...
✅ Local backup created: /home/lmnet/server/server/backups/backup-1765375201850.zip
✅ Backup uploaded: backup-1765375201850.zip
🗑️ Deleted oldest Google Drive backup: backup-1765288802594.zip
🧹 Removed local temporary backup file
✅ Backup process completed!
⏳ Creating backup...
✅ Local backup created: /home/lmnet/server/server/backups/backup-1765382402296.zip
✅ Backup uploaded: backup-1765382402296.zip
🗑️ Deleted oldest Google Drive backup: backup-1765296002899.zip
🧹 Removed local temporary backup file
✅ Backup process completed!
⏳ Creating backup...
✅ Local backup created: /home/lmnet/server/server/backups/backup-1765389602393.zip
✅ Backup uploaded: backup-1765389602393.zip
🗑️ Deleted oldest Google Drive backup: backup-1765303202542.zip
🧹 Removed local temporary backup file
✅ Backup process completed!
⏳ Creating backup...
✅ Local backup created: /home/lmnet/server/server/backups/backup-1765396802907.zip
✅ Backup uploaded: backup-1765396802907.zip
🗑️ Deleted oldest Google Drive backup: backup-1765310402980.zip
🧹 Removed local temporary backup file
✅ Backup process completed!
⏳ Creating backup...
✅ Local backup created: /home/lmnet/server/server/backups/backup-1765404002963.zip
✅ Backup uploaded: backup-1765404002963.zip
🗑️ Deleted oldest Google Drive backup: backup-1765317602233.zip
🧹 Removed local temporary backup file
✅ Backup process completed!
⏳ Creating backup...
✅ Local backup created: /home/lmnet/server/server/backups/backup-1765411202885.zip
✅ Backup uploaded: backup-1765411202885.zip
🗑️ Deleted oldest Google Drive backup: backup-1765324802127.zip
🧹 Removed local temporary backup file
✅ Backup process completed!
⏳ Creating backup...
✅ Local backup created: /home/lmnet/server/server/backups/backup-1765418402416.zip
✅ Backup uploaded: backup-1765418402416.zip
🗑️ Deleted oldest Google Drive backup: backup-1765332002333.zip
🧹 Removed local temporary backup file
✅ Backup process completed!
⏳ Creating backup...
✅ Local backup created: /home/lmnet/server/server/backups/backup-1765425602382.zip
✅ Backup uploaded: backup-1765425602382.zip
🗑️ Deleted oldest Google Drive backup: backup-1765339202826.zip
🧹 Removed local temporary backup file
✅ Backup process completed!
⏳ Creating backup...
✅ Local backup created: /home/lmnet/server/server/backups/backup-1765432802799.zip
✅ Backup uploaded: backup-1765432802799.zip
🗑️ Deleted oldest Google Drive backup: backup-1765346402467.zip
🧹 Removed local temporary backup file
✅ Backup process completed!
⏳ Creating backup...
✅ Local backup created: /home/lmnet/server/server/backups/backup-1765440002208.zip
✅ Backup uploaded: backup-1765440002208.zip
🗑️ Deleted oldest Google Drive backup: backup-1765353602719.zip
🧹 Removed local temporary backup file
✅ Backup process completed!
⏳ Creating backup...
✅ Local backup created: /home/lmnet/server/server/backups/backup-1765447202491.zip
✅ Backup uploaded: backup-1765447202491.zip
🗑️ Deleted oldest Google Drive backup: backup-1765360802774.zip
🧹 Removed local temporary backup file
✅ Backup process completed!
⏳ Creating backup...
✅ Local backup created: /home/lmnet/server/server/backups/backup-1765454402125.zip
✅ Backup uploaded: backup-1765454402125.zip
🗑️ Deleted oldest Google Drive backup: backup-1765368002976.zip
🧹 Removed local temporary backup file
✅ Backup process completed!
⏳ Creating backup...
✅ Local backup created: /home/lmnet/server/server/backups/backup-1765461601849.zip
✅ Backup uploaded: backup-1765461601849.zip
🗑️ Deleted oldest Google Drive backup: backup-1765375201850.zip
🧹 Removed local temporary backup file
✅ Backup process completed!
⏳ Creating backup...
✅ Local backup created: /home/lmnet/server/server/backups/backup-1765468802650.zip
✅ Backup uploaded: backup-1765468802650.zip
🗑️ Deleted oldest Google Drive backup: backup-1765382402296.zip
🧹 Removed local temporary backup file
✅ Backup process completed!
⏳ Creating backup...
✅ Local backup created: /home/lmnet/server/server/backups/backup-1765476002336.zip
✅ Backup uploaded: backup-1765476002336.zip
🗑️ Deleted oldest Google Drive backup: backup-1765389602393.zip
🧹 Removed local temporary backup file
✅ Backup process completed!
⏳ Creating backup...
✅ Local backup created: /home/lmnet/server/server/backups/backup-1765483202548.zip
✅ Backup uploaded: backup-1765483202548.zip
🗑️ Deleted oldest Google Drive backup: backup-1765396802907.zip
🧹 Removed local temporary backup file
✅ Backup process completed!
⏳ Creating backup...
✅ Local backup created: /home/lmnet/server/server/backups/backup-1765490402081.zip
✅ Backup uploaded: backup-1765490402081.zip
🗑️ Deleted oldest Google Drive backup: backup-1765404002963.zip
🧹 Removed local temporary backup file
✅ Backup process completed!
⏳ Creating backup...
✅ Local backup created: /home/lmnet/server/server/backups/backup-1765497602971.zip
✅ Backup uploaded: backup-1765497602971.zip
🗑️ Deleted oldest Google Drive backup: backup-1765411202885.zip
🧹 Removed local temporary backup file
✅ Backup process completed!
⏳ Creating backup...
✅ Local backup created: /home/lmnet/server/server/backups/backup-1765504802355.zip
✅ Backup uploaded: backup-1765504802355.zip
🗑️ Deleted oldest Google Drive backup: backup-1765418402416.zip
🧹 Removed local temporary backup file
✅ Backup process completed!
⏳ Creating backup...
✅ Local backup created: /home/lmnet/server/server/backups/backup-1765512001961.zip
✅ Backup uploaded: backup-1765512001961.zip
🗑️ Deleted oldest Google Drive backup: backup-1765425602382.zip
🧹 Removed local temporary backup file
✅ Backup process completed!
⏳ Creating backup...
✅ Local backup created: /home/lmnet/server/server/backups/backup-1765519201996.zip
✅ Backup uploaded: backup-1765519201996.zip
🗑️ Deleted oldest Google Drive backup: backup-1765432802799.zip
🧹 Removed local temporary backup file
✅ Backup process completed!
⏳ Creating backup...
✅ Local backup created: /home/lmnet/server/server/backups/backup-1765526402127.zip
✅ Backup uploaded: backup-1765526402127.zip
🗑️ Deleted oldest Google Drive backup: backup-1765440002208.zip
🧹 Removed local temporary backup file
✅ Backup process completed!
⏳ Creating backup...
✅ Local backup created: /home/lmnet/server/server/backups/backup-1765533602565.zip
✅ Backup uploaded: backup-1765533602565.zip
🗑️ Deleted oldest Google Drive backup: backup-1765447202491.zip
🧹 Removed local temporary backup file
✅ Backup process completed!
⏳ Creating backup...
✅ Local backup created: /home/lmnet/server/server/backups/backup-1765540802799.zip
✅ Backup uploaded: backup-1765540802799.zip
🗑️ Deleted oldest Google Drive backup: backup-1765454402125.zip
🧹 Removed local temporary backup file
✅ Backup process completed!
⏳ Creating backup...
✅ Local backup created: /home/lmnet/server/server/backups/backup-1765548002478.zip
✅ Backup uploaded: backup-1765548002478.zip
🗑️ Deleted oldest Google Drive backup: backup-1765461601849.zip
🧹 Removed local temporary backup file
✅ Backup process completed!
⏳ Creating backup...
✅ Local backup created: /home/lmnet/server/server/backups/backup-1765555202558.zip
✅ Backup uploaded: backup-1765555202558.zip
🗑️ Deleted oldest Google Drive backup: backup-1765468802650.zip
🧹 Removed local temporary backup file
✅ Backup process completed!
⏳ Creating backup...
✅ Local backup created: /home/lmnet/server/server/backups/backup-1765562402263.zip
✅ Backup uploaded: backup-1765562402263.zip
🗑️ Deleted oldest Google Drive backup: backup-1765476002336.zip
🧹 Removed local temporary backup file
✅ Backup process completed!
⏳ Creating backup...
✅ Local backup created: /home/lmnet/server/server/backups/backup-1765569602779.zip
✅ Backup uploaded: backup-1765569602779.zip
🗑️ Deleted oldest Google Drive backup: backup-1765483202548.zip
🧹 Removed local temporary backup file
✅ Backup process completed!
⏳ Creating backup...
✅ Local backup created: /home/lmnet/server/server/backups/backup-1765576802477.zip
✅ Backup uploaded: backup-1765576802477.zip
🗑️ Deleted oldest Google Drive backup: backup-1765490402081.zip
🧹 Removed local temporary backup file
✅ Backup process completed!
⏳ Creating backup...
✅ Local backup created: /home/lmnet/server/server/backups/backup-1765584002916.zip
✅ Backup uploaded: backup-1765584002916.zip
🗑️ Deleted oldest Google Drive backup: backup-1765497602971.zip
🧹 Removed local temporary backup file
✅ Backup process completed!
⏳ Creating backup...
✅ Local backup created: /home/lmnet/server/server/backups/backup-1765591202430.zip
✅ Backup uploaded: backup-1765591202430.zip
🗑️ Deleted oldest Google Drive backup: backup-1765504802355.zip
🧹 Removed local temporary backup file
✅ Backup process completed!
⏳ Creating backup...
✅ Local backup created: /home/lmnet/server/server/backups/backup-1765598402725.zip
✅ Backup uploaded: backup-1765598402725.zip
🗑️ Deleted oldest Google Drive backup: backup-1765512001961.zip
🧹 Removed local temporary backup file
✅ Backup process completed!
⏳ Creating backup...
✅ Local backup created: /home/lmnet/server/server/backups/backup-1765605602486.zip
✅ Backup uploaded: backup-1765605602486.zip
🗑️ Deleted oldest Google Drive backup: backup-1765519201996.zip
🧹 Removed local temporary backup file
✅ Backup process completed!
⏳ Creating backup...
✅ Local backup created: /home/lmnet/server/server/backups/backup-1765612803180.zip
✅ Backup uploaded: backup-1765612803180.zip
🗑️ Deleted oldest Google Drive backup: backup-1765526402127.zip
🧹 Removed local temporary backup file
✅ Backup process completed!
⏳ Creating backup...
✅ Local backup created: /home/lmnet/server/server/backups/backup-1765620002511.zip
✅ Backup uploaded: backup-1765620002511.zip
🗑️ Deleted oldest Google Drive backup: backup-1765533602565.zip
🧹 Removed local temporary backup file
✅ Backup process completed!
⏳ Creating backup...
✅ Local backup created: /home/lmnet/server/server/backups/backup-1765627201987.zip
✅ Backup uploaded: backup-1765627201987.zip
🗑️ Deleted oldest Google Drive backup: backup-1765540802799.zip
🧹 Removed local temporary backup file
✅ Backup process completed!
⏳ Creating backup...
✅ Local backup created: /home/lmnet/server/server/backups/backup-1765634402470.zip
✅ Backup uploaded: backup-1765634402470.zip
🗑️ Deleted oldest Google Drive backup: backup-1765548002478.zip
🧹 Removed local temporary backup file
✅ Backup process completed!
⏳ Creating backup...
✅ Local backup created: /home/lmnet/server/server/backups/backup-1765641602437.zip
✅ Backup uploaded: backup-1765641602437.zip
🗑️ Deleted oldest Google Drive backup: backup-1765555202558.zip
🧹 Removed local temporary backup file
✅ Backup process completed!
⏳ Creating backup...
✅ Local backup created: /home/lmnet/server/server/backups/backup-1765648802417.zip
✅ Backup uploaded: backup-1765648802417.zip
🗑️ Deleted oldest Google Drive backup: backup-1765562402263.zip
🧹 Removed local temporary backup file
✅ Backup process completed!
⏳ Creating backup...
✅ Local backup created: /home/lmnet/server/server/backups/backup-1765656002218.zip
✅ Backup uploaded: backup-1765656002218.zip
🗑️ Deleted oldest Google Drive backup: backup-1765569602779.zip
🧹 Removed local temporary backup file
✅ Backup process completed!
⏳ Creating backup...
✅ Local backup created: /home/lmnet/server/server/backups/backup-1765663202223.zip
✅ Backup uploaded: backup-1765663202223.zip
🗑️ Deleted oldest Google Drive backup: backup-1765576802477.zip
🧹 Removed local temporary backup file
✅ Backup process completed!
⏳ Creating backup...
✅ Local backup created: /home/lmnet/server/server/backups/backup-1765670403386.zip
✅ Backup uploaded: backup-1765670403386.zip
🗑️ Deleted oldest Google Drive backup: backup-1765584002916.zip
🧹 Removed local temporary backup file
✅ Backup process completed!
⏳ Creating backup...
✅ Local backup created: /home/lmnet/server/server/backups/backup-1765677602372.zip
✅ Backup uploaded: backup-1765677602372.zip
🗑️ Deleted oldest Google Drive backup: backup-1765591202430.zip
🧹 Removed local temporary backup file
✅ Backup process completed!
⏳ Creating backup...
✅ Local backup created: /home/lmnet/server/server/backups/backup-1765684802221.zip
✅ Backup uploaded: backup-1765684802221.zip
🗑️ Deleted oldest Google Drive backup: backup-1765598402725.zip
🧹 Removed local temporary backup file
✅ Backup process completed!
⏳ Creating backup...
✅ Local backup created: /home/lmnet/server/server/backups/backup-1765692002418.zip
✅ Backup uploaded: backup-1765692002418.zip
🗑️ Deleted oldest Google Drive backup: backup-1765605602486.zip
🧹 Removed local temporary backup file
✅ Backup process completed!
⏳ Creating backup...
✅ Local backup created: /home/lmnet/server/server/backups/backup-1765699202172.zip
✅ Backup uploaded: backup-1765699202172.zip
🗑️ Deleted oldest Google Drive backup: backup-1765612803180.zip
🧹 Removed local temporary backup file
✅ Backup process completed!
⏳ Creating backup...
✅ Local backup created: /home/lmnet/server/server/backups/backup-1765706402331.zip
✅ Backup uploaded: backup-1765706402331.zip
🗑️ Deleted oldest Google Drive backup: backup-1765620002511.zip
🧹 Removed local temporary backup file
✅ Backup process completed!
⏳ Creating backup...
✅ Local backup created: /home/lmnet/server/server/backups/backup-1765713602015.zip
✅ Backup uploaded: backup-1765713602015.zip
🗑️ Deleted oldest Google Drive backup: backup-1765627201987.zip
🧹 Removed local temporary backup file
✅ Backup process completed!
⏳ Creating backup...
✅ Local backup created: /home/lmnet/server/server/backups/backup-1765720802714.zip
✅ Backup uploaded: backup-1765720802714.zip
🗑️ Deleted oldest Google Drive backup: backup-1765634402470.zip
🧹 Removed local temporary backup file
✅ Backup process completed!
⏳ Creating backup...
✅ Local backup created: /home/lmnet/server/server/backups/backup-1765728002928.zip
✅ Backup uploaded: backup-1765728002928.zip
🗑️ Deleted oldest Google Drive backup: backup-1765641602437.zip
🧹 Removed local temporary backup file
✅ Backup process completed!
⏳ Creating backup...
✅ Local backup created: /home/lmnet/server/server/backups/backup-1765735203039.zip
✅ Backup uploaded: backup-1765735203039.zip
🗑️ Deleted oldest Google Drive backup: backup-1765648802417.zip
🧹 Removed local temporary backup file
✅ Backup process completed!
⏳ Creating backup...
✅ Local backup created: /home/lmnet/server/server/backups/backup-1765742402275.zip
✅ Backup uploaded: backup-1765742402275.zip
🗑️ Deleted oldest Google Drive backup: backup-1765656002218.zip
🧹 Removed local temporary backup file
✅ Backup process completed!
⏳ Creating backup...
✅ Local backup created: /home/lmnet/server/server/backups/backup-1765749602429.zip
✅ Backup uploaded: backup-1765749602429.zip
🗑️ Deleted oldest Google Drive backup: backup-1765663202223.zip
🧹 Removed local temporary backup file
✅ Backup process completed!
⏳ Creating backup...
✅ Local backup created: /home/lmnet/server/server/backups/backup-1765756802887.zip
✅ Backup uploaded: backup-1765756802887.zip
🗑️ Deleted oldest Google Drive backup: backup-1765670403386.zip
🧹 Removed local temporary backup file
✅ Backup process completed!
⏳ Creating backup...
✅ Local backup created: /home/lmnet/server/server/backups/backup-1765764001953.zip
✅ Backup uploaded: backup-1765764001953.zip
🗑️ Deleted oldest Google Drive backup: backup-1765677602372.zip
🧹 Removed local temporary backup file
✅ Backup process completed!
⏳ Creating backup...
✅ Local backup created: /home/lmnet/server/server/backups/backup-1765771202424.zip
✅ Backup uploaded: backup-1765771202424.zip
🗑️ Deleted oldest Google Drive backup: backup-1765684802221.zip
🧹 Removed local temporary backup file
✅ Backup process completed!
⏳ Creating backup...
✅ Local backup created: /home/lmnet/server/server/backups/backup-1765778401934.zip
✅ Backup uploaded: backup-1765778401934.zip
🗑️ Deleted oldest Google Drive backup: backup-1765692002418.zip
🧹 Removed local temporary backup file
✅ Backup process completed!
⏳ Creating backup...
✅ Local backup created: /home/lmnet/server/server/backups/backup-1765785602955.zip
✅ Backup uploaded: backup-1765785602955.zip
🗑️ Deleted oldest Google Drive backup: backup-1765699202172.zip
🧹 Removed local temporary backup file
✅ Backup process completed!
⏳ Creating backup...
✅ Local backup created: /home/lmnet/server/server/backups/backup-1765792802662.zip
✅ Backup uploaded: backup-1765792802662.zip
🗑️ Deleted oldest Google Drive backup: backup-1765706402331.zip
🧹 Removed local temporary backup file
✅ Backup process completed!
⏳ Creating backup...
✅ Local backup created: /home/lmnet/server/server/backups/backup-1765800002592.zip
✅ Backup uploaded: backup-1765800002592.zip
🗑️ Deleted oldest Google Drive backup: backup-1765713602015.zip
🧹 Removed local temporary backup file
✅ Backup process completed!
⏳ Creating backup...
✅ Local backup created: /home/lmnet/server/server/backups/backup-1765807202868.zip
✅ Backup uploaded: backup-1765807202868.zip
🗑️ Deleted oldest Google Drive backup: backup-1765720802714.zip
🧹 Removed local temporary backup file
✅ Backup process completed!
⏳ Creating backup...
✅ Local backup created: /home/lmnet/server/server/backups/backup-1765814402341.zip
✅ Backup uploaded: backup-1765814402341.zip
🗑️ Deleted oldest Google Drive backup: backup-1765728002928.zip
🧹 Removed local temporary backup file
✅ Backup process completed!
⏳ Creating backup...
✅ Local backup created: /home/lmnet/server/server/backups/backup-1765821602490.zip
✅ Backup uploaded: backup-1765821602490.zip
🗑️ Deleted oldest Google Drive backup: backup-1765735203039.zip
🧹 Removed local temporary backup file
✅ Backup process completed!
⏳ Creating backup...
✅ Local backup created: /home/lmnet/server/server/backups/backup-1765828802892.zip
✅ Backup uploaded: backup-1765828802892.zip
🗑️ Deleted oldest Google Drive backup: backup-1765742402275.zip
🧹 Removed local temporary backup file
✅ Backup process completed!
⏳ Creating backup...
✅ Local backup created: /home/lmnet/server/server/backups/backup-1765836002150.zip
✅ Backup uploaded: backup-1765836002150.zip
🗑️ Deleted oldest Google Drive backup: backup-1765749602429.zip
🧹 Removed local temporary backup file
✅ Backup process completed!
⏳ Creating backup...
✅ Local backup created: /home/lmnet/server/server/backups/backup-1765843202237.zip
✅ Backup uploaded: backup-1765843202237.zip
🗑️ Deleted oldest Google Drive backup: backup-1765756802887.zip
🧹 Removed local temporary backup file
✅ Backup process completed!
⏳ Creating backup...
✅ Local backup created: /home/lmnet/server/server/backups/backup-1765850402470.zip
✅ Backup uploaded: backup-1765850402470.zip
🗑️ Deleted oldest Google Drive backup: backup-1765764001953.zip
🧹 Removed local temporary backup file
✅ Backup process completed!
⏳ Creating backup...
✅ Local backup created: /home/lmnet/server/server/backups/backup-1765857603052.zip
✅ Backup uploaded: backup-1765857603052.zip
🗑️ Deleted oldest Google Drive backup: backup-1765771202424.zip
🧹 Removed local temporary backup file
✅ Backup process completed!
⏳ Creating backup...
✅ Local backup created: /home/lmnet/server/server/backups/backup-1765864802987.zip
✅ Backup uploaded: backup-1765864802987.zip
🗑️ Deleted oldest Google Drive backup: backup-1765778401934.zip
🧹 Removed local temporary backup file
✅ Backup process completed!
⏳ Creating backup...
✅ Local backup created: /home/lmnet/server/server/backups/backup-1765872002633.zip
✅ Backup uploaded: backup-1765872002633.zip
🗑️ Deleted oldest Google Drive backup: backup-1765785602955.zip
🧹 Removed local temporary backup file
✅ Backup process completed!
⏳ Creating backup...
✅ Local backup created: /home/lmnet/server/server/backups/backup-1765879202642.zip
✅ Backup uploaded: backup-1765879202642.zip
🗑️ Deleted oldest Google Drive backup: backup-1765792802662.zip
🧹 Removed local temporary backup file
✅ Backup process completed!
⏳ Creating backup...
✅ Local backup created: /home/lmnet/server/server/backups/backup-1765886401876.zip
✅ Backup uploaded: backup-1765886401876.zip
🗑️ Deleted oldest Google Drive backup: backup-1765800002592.zip
🧹 Removed local temporary backup file
✅ Backup process completed!
⏳ Creating backup...
✅ Local backup created: /home/lmnet/server/server/backups/backup-1765893602205.zip
✅ Backup uploaded: backup-1765893602205.zip
🗑️ Deleted oldest Google Drive backup: backup-1765807202868.zip
🧹 Removed local temporary backup file
✅ Backup process completed!
⏳ Creating backup...
✅ Local backup created: /home/lmnet/server/server/backups/backup-1765900802601.zip
✅ Backup uploaded: backup-1765900802601.zip
🗑️ Deleted oldest Google Drive backup: backup-1765814402341.zip
🧹 Removed local temporary backup file
✅ Backup process completed!
⏳ Creating backup...
✅ Local backup created: /home/lmnet/server/server/backups/backup-1765908002736.zip
✅ Backup uploaded: backup-1765908002736.zip
🗑️ Deleted oldest Google Drive backup: backup-1765821602490.zip
🧹 Removed local temporary backup file
✅ Backup process completed!
⏳ Creating backup...
✅ Local backup created: /home/lmnet/server/server/backups/backup-1765915202776.zip
✅ Backup uploaded: backup-1765915202776.zip
🗑️ Deleted oldest Google Drive backup: backup-1765828802892.zip
🧹 Removed local temporary backup file
✅ Backup process completed!
⏳ Creating backup...
✅ Local backup created: /home/lmnet/server/server/backups/backup-1765922402155.zip
✅ Backup uploaded: backup-1765922402155.zip
🗑️ Deleted oldest Google Drive backup: backup-1765836002150.zip
🧹 Removed local temporary backup file
✅ Backup process completed!
⏳ Creating backup...
✅ Local backup created: /home/lmnet/server/server/backups/backup-1765929602447.zip
✅ Backup uploaded: backup-1765929602447.zip
🗑️ Deleted oldest Google Drive backup: backup-1765843202237.zip
🧹 Removed local temporary backup file
✅ Backup process completed!
⏳ Creating backup...
✅ Local backup created: /home/lmnet/server/server/backups/backup-1765936802740.zip
✅ Backup uploaded: backup-1765936802740.zip
🗑️ Deleted oldest Google Drive backup: backup-1765850402470.zip
🧹 Removed local temporary backup file
✅ Backup process completed!
⏳ Creating backup...
✅ Local backup created: /home/lmnet/server/server/backups/backup-1765944002218.zip
✅ Backup uploaded: backup-1765944002218.zip
🗑️ Deleted oldest Google Drive backup: backup-1765857603052.zip
🧹 Removed local temporary backup file
✅ Backup process completed!
⏳ Creating backup...
✅ Local backup created: /home/lmnet/server/server/backups/backup-1765951202037.zip
✅ Backup uploaded: backup-1765951202037.zip
🗑️ Deleted oldest Google Drive backup: backup-1765864802987.zip
🧹 Removed local temporary backup file
✅ Backup process completed!
⏳ Creating backup...
✅ Local backup created: /home/lmnet/server/server/backups/backup-1765958402202.zip
✅ Backup uploaded: backup-1765958402202.zip
🗑️ Deleted oldest Google Drive backup: backup-1765872002633.zip
🧹 Removed local temporary backup file
✅ Backup process completed!
⏳ Creating backup...
✅ Local backup created: /home/lmnet/server/server/backups/backup-1765965602249.zip
✅ Backup uploaded: backup-1765965602249.zip
🗑️ Deleted oldest Google Drive backup: backup-1765879202642.zip
🧹 Removed local temporary backup file
✅ Backup process completed!
⏳ Creating backup...
✅ Local backup created: /home/lmnet/server/server/backups/backup-1765972802273.zip
✅ Backup uploaded: backup-1765972802273.zip
🗑️ Deleted oldest Google Drive backup: backup-1765886401876.zip
🧹 Removed local temporary backup file
✅ Backup process completed!
⏳ Creating backup...
✅ Local backup created: /home/lmnet/server/server/backups/backup-1765980002848.zip
✅ Backup uploaded: backup-1765980002848.zip
🗑️ Deleted oldest Google Drive backup: backup-1765893602205.zip
🧹 Removed local temporary backup file
✅ Backup process completed!
⏳ Creating backup...
✅ Local backup created: /home/lmnet/server/server/backups/backup-1765987202016.zip
✅ Backup uploaded: backup-1765987202016.zip
🗑️ Deleted oldest Google Drive backup: backup-1765900802601.zip
🧹 Removed local temporary backup file
✅ Backup process completed!
⏳ Creating backup...
✅ Local backup created: /home/lmnet/server/server/backups/backup-1765994402823.zip
✅ Backup uploaded: backup-1765994402823.zip
🗑️ Deleted oldest Google Drive backup: backup-1765908002736.zip
🧹 Removed local temporary backup file
✅ Backup process completed!
⏳ Creating backup...
✅ Local backup created: /home/lmnet/server/server/backups/backup-1766001602090.zip
✅ Backup uploaded: backup-1766001602090.zip
🗑️ Deleted oldest Google Drive backup: backup-1765915202776.zip
🧹 Removed local temporary backup file
✅ Backup process completed!
⏳ Creating backup...
✅ Local backup created: /home/lmnet/server/server/backups/backup-1766008802908.zip
✅ Backup uploaded: backup-1766008802908.zip
🗑️ Deleted oldest Google Drive backup: backup-1765922402155.zip
🧹 Removed local temporary backup file
✅ Backup process completed!
⏳ Creating backup...
✅ Local backup created: /home/lmnet/server/server/backups/backup-1766016002735.zip
✅ Backup uploaded: backup-1766016002735.zip
🗑️ Deleted oldest Google Drive backup: backup-1765929602447.zip
🧹 Removed local temporary backup file
✅ Backup process completed!
⏳ Creating backup...
✅ Local backup created: /home/lmnet/server/server/backups/backup-1766023203061.zip
✅ Backup uploaded: backup-1766023203061.zip
🗑️ Deleted oldest Google Drive backup: backup-1765936802740.zip
🧹 Removed local temporary backup file
✅ Backup process completed!
⏳ Creating backup...
✅ Local backup created: /home/lmnet/server/server/backups/backup-1766030403140.zip
✅ Backup uploaded: backup-1766030403140.zip
🗑️ Deleted oldest Google Drive backup: backup-1765944002218.zip
🧹 Removed local temporary backup file
✅ Backup process completed!
⏳ Creating backup...
✅ Local backup created: /home/lmnet/server/server/backups/backup-1766037602276.zip
✅ Backup uploaded: backup-1766037602276.zip
🗑️ Deleted oldest Google Drive backup: backup-1765951202037.zip
🧹 Removed local temporary backup file
✅ Backup process completed!
⏳ Creating backup...
✅ Local backup created: /home/lmnet/server/server/backups/backup-1766044802280.zip
✅ Backup uploaded: backup-1766044802280.zip
🗑️ Deleted oldest Google Drive backup: backup-1765958402202.zip
🧹 Removed local temporary backup file
✅ Backup process completed!
⏳ Creating backup...
✅ Local backup created: /home/lmnet/server/server/backups/backup-1766052002076.zip
✅ Backup uploaded: backup-1766052002076.zip
🗑️ Deleted oldest Google Drive backup: backup-1765965602249.zip
🧹 Removed local temporary backup file
✅ Backup process completed!
⏳ Creating backup...
✅ Local backup created: /home/lmnet/server/server/backups/backup-1766059202432.zip
✅ Backup uploaded: backup-1766059202432.zip
🗑️ Deleted oldest Google Drive backup: backup-1765972802273.zip
🧹 Removed local temporary backup file
✅ Backup process completed!
⏳ Creating backup...
✅ Local backup created: /home/lmnet/server/server/backups/backup-1766066401951.zip
✅ Backup uploaded: backup-1766066401951.zip
🗑️ Deleted oldest Google Drive backup: backup-1765980002848.zip
🧹 Removed local temporary backup file
✅ Backup process completed!
⏳ Creating backup...
✅ Local backup created: /home/lmnet/server/server/backups/backup-1766073602830.zip
✅ Backup uploaded: backup-1766073602830.zip
🗑️ Deleted oldest Google Drive backup: backup-1765987202016.zip
🧹 Removed local temporary backup file
✅ Backup process completed!
⏳ Creating backup...
✅ Local backup created: /home/lmnet/server/server/backups/backup-1766080802821.zip
✅ Backup uploaded: backup-1766080802821.zip
🗑️ Deleted oldest Google Drive backup: backup-1765994402823.zip
🧹 Removed local temporary backup file
✅ Backup process completed!
⏳ Creating backup...
✅ Local backup created: /home/lmnet/server/server/backups/backup-1766088001949.zip
✅ Backup uploaded: backup-1766088001949.zip
🗑️ Deleted oldest Google Drive backup: backup-1766001602090.zip
🧹 Removed local temporary backup file
✅ Backup process completed!
⏳ Creating backup...
✅ Local backup created: /home/lmnet/server/server/backups/backup-1766095202714.zip
✅ Backup uploaded: backup-1766095202714.zip
🗑️ Deleted oldest Google Drive backup: backup-1766008802908.zip
🧹 Removed local temporary backup file
✅ Backup process completed!
⏳ Creating backup...
✅ Local backup created: /home/lmnet/server/server/backups/backup-1766102402108.zip
✅ Backup uploaded: backup-1766102402108.zip
🗑️ Deleted oldest Google Drive backup: backup-1766016002735.zip
🧹 Removed local temporary backup file
✅ Backup process completed!
⏳ Creating backup...
✅ Local backup created: /home/lmnet/server/server/backups/backup-1766109602293.zip
✅ Backup uploaded: backup-1766109602293.zip
🗑️ Deleted oldest Google Drive backup: backup-1766023203061.zip
🧹 Removed local temporary backup file
✅ Backup process completed!
⏳ Creating backup...
✅ Local backup created: /home/lmnet/server/server/backups/backup-1766116802337.zip
✅ Backup uploaded: backup-1766116802337.zip
🗑️ Deleted oldest Google Drive backup: backup-1766030403140.zip
🧹 Removed local temporary backup file
✅ Backup process completed!
⏳ Creating backup...
✅ Local backup created: /home/lmnet/server/server/backups/backup-1766124002503.zip
✅ Backup uploaded: backup-1766124002503.zip
🗑️ Deleted oldest Google Drive backup: backup-1766037602276.zip
🧹 Removed local temporary backup file
✅ Backup process completed!
⏳ Creating backup...
✅ Local backup created: /home/lmnet/server/server/backups/backup-1766131202538.zip
✅ Backup uploaded: backup-1766131202538.zip
🗑️ Deleted oldest Google Drive backup: backup-1766044802280.zip
🧹 Removed local temporary backup file
✅ Backup process completed!
⏳ Creating backup...
✅ Local backup created: /home/lmnet/server/server/backups/backup-1766138401883.zip
✅ Backup uploaded: backup-1766138401883.zip
🗑️ Deleted oldest Google Drive backup: backup-1766052002076.zip
🧹 Removed local temporary backup file
✅ Backup process completed!
⏳ Creating backup...
✅ Local backup created: /home/lmnet/server/server/backups/backup-1766145602999.zip
✅ Backup uploaded: backup-1766145602999.zip
🗑️ Deleted oldest Google Drive backup: backup-1766059202432.zip
🧹 Removed local temporary backup file
✅ Backup process completed!
⏳ Creating backup...
✅ Local backup created: /home/lmnet/server/server/backups/backup-1766152802492.zip
✅ Backup uploaded: backup-1766152802492.zip
🗑️ Deleted oldest Google Drive backup: backup-1766066401951.zip
🧹 Removed local temporary backup file
✅ Backup process completed!
⏳ Creating backup...
✅ Local backup created: /home/lmnet/server/server/backups/backup-1766160003024.zip
✅ Backup uploaded: backup-1766160003024.zip
🗑️ Deleted oldest Google Drive backup: backup-1766073602830.zip
🧹 Removed local temporary backup file
✅ Backup process completed!
⏳ Creating backup...
✅ Local backup created: /home/lmnet/server/server/backups/backup-1766167202132.zip
✅ Backup uploaded: backup-1766167202132.zip
🗑️ Deleted oldest Google Drive backup: backup-1766080802821.zip
🧹 Removed local temporary backup file
✅ Backup process completed!
⏳ Creating backup...
✅ Local backup created: /home/lmnet/server/server/backups/backup-1766174402443.zip
✅ Backup uploaded: backup-1766174402443.zip
🗑️ Deleted oldest Google Drive backup: backup-1766088001949.zip
🧹 Removed local temporary backup file
✅ Backup process completed!
⏳ Creating backup...
✅ Local backup created: /home/lmnet/server/server/backups/backup-1766181602578.zip
✅ Backup uploaded: backup-1766181602578.zip
🗑️ Deleted oldest Google Drive backup: backup-1766095202714.zip
🧹 Removed local temporary backup file
✅ Backup process completed!
⏳ Creating backup...
✅ Local backup created: /home/lmnet/server/server/backups/backup-1766188802939.zip
✅ Backup uploaded: backup-1766188802939.zip
🗑️ Deleted oldest Google Drive backup: backup-1766102402108.zip
🧹 Removed local temporary backup file
✅ Backup process completed!
⏳ Creating backup...
✅ Local backup created: /home/lmnet/server/server/backups/backup-1766196002918.zip
✅ Backup uploaded: backup-1766196002918.zip
🗑️ Deleted oldest Google Drive backup: backup-1766109602293.zip
🧹 Removed local temporary backup file
✅ Backup process completed!
⏳ Creating backup...
✅ Local backup created: /home/lmnet/server/server/backups/backup-1766203202686.zip
✅ Backup uploaded: backup-1766203202686.zip
🗑️ Deleted oldest Google Drive backup: backup-1766116802337.zip
🧹 Removed local temporary backup file
✅ Backup process completed!
⏳ Creating backup...
✅ Local backup created: /home/lmnet/server/server/backups/backup-1766210402502.zip
✅ Backup uploaded: backup-1766210402502.zip
🗑️ Deleted oldest Google Drive backup: backup-1766124002503.zip
🧹 Removed local temporary backup file
✅ Backup process completed!
⏳ Creating backup...
✅ Local backup created: /home/lmnet/server/server/backups/backup-1766217602748.zip
✅ Backup uploaded: backup-1766217602748.zip
🗑️ Deleted oldest Google Drive backup: backup-1766131202538.zip
🧹 Removed local temporary backup file
✅ Backup process completed!
⏳ Creating backup...
✅ Local backup created: /home/lmnet/server/server/backups/backup-1766224802383.zip
✅ Backup uploaded: backup-1766224802383.zip
🗑️ Deleted oldest Google Drive backup: backup-1766138401883.zip
🧹 Removed local temporary backup file
✅ Backup process completed!
⏳ Creating backup...
✅ Local backup created: /home/lmnet/server/server/backups/backup-1766232002593.zip
✅ Backup uploaded: backup-1766232002593.zip
🗑️ Deleted oldest Google Drive backup: backup-1766145602999.zip
🧹 Removed local temporary backup file
✅ Backup process completed!
⏳ Creating backup...
✅ Local backup created: /home/lmnet/server/server/backups/backup-1766239202578.zip
✅ Backup uploaded: backup-1766239202578.zip
🗑️ Deleted oldest Google Drive backup: backup-1766152802492.zip
🧹 Removed local temporary backup file
✅ Backup process completed!
⏳ Creating backup...
✅ Local backup created: /home/lmnet/server/server/backups/backup-1766246402516.zip
✅ Backup uploaded: backup-1766246402516.zip
🗑️ Deleted oldest Google Drive backup: backup-1766160003024.zip
🧹 Removed local temporary backup file
✅ Backup process completed!
⏳ Creating backup...
✅ Local backup created: /home/lmnet/server/server/backups/backup-1766253602700.zip
✅ Backup uploaded: backup-1766253602700.zip
🗑️ Deleted oldest Google Drive backup: backup-1766167202132.zip
🧹 Removed local temporary backup file
✅ Backup process completed!
⏳ Creating backup...
✅ Local backup created: /home/lmnet/server/server/backups/backup-1766260802463.zip
✅ Backup uploaded: backup-1766260802463.zip
🗑️ Deleted oldest Google Drive backup: backup-1766174402443.zip
🧹 Removed local temporary backup file
✅ Backup process completed!
⏳ Creating backup...
✅ Local backup created: /home/lmnet/server/server/backups/backup-1766268002333.zip
✅ Backup uploaded: backup-1766268002333.zip
🗑️ Deleted oldest Google Drive backup: backup-1766181602578.zip
🧹 Removed local temporary backup file
✅ Backup process completed!
⏳ Creating backup...
✅ Local backup created: /home/lmnet/server/server/backups/backup-1766275202712.zip
✅ Backup uploaded: backup-1766275202712.zip
🗑️ Deleted oldest Google Drive backup: backup-1766188802939.zip
🧹 Removed local temporary backup file
✅ Backup process completed!
⏳ Creating backup...
✅ Local backup created: /home/lmnet/server/server/backups/backup-1766282402730.zip
✅ Backup uploaded: backup-1766282402730.zip
🗑️ Deleted oldest Google Drive backup: backup-1766196002918.zip
🧹 Removed local temporary backup file
✅ Backup process completed!
⏳ Creating backup...
✅ Local backup created: /home/lmnet/server/server/backups/backup-1766289602849.zip
✅ Backup uploaded: backup-1766289602849.zip
🗑️ Deleted oldest Google Drive backup: backup-1766203202686.zip
🧹 Removed local temporary backup file
✅ Backup process completed!
⏳ Creating backup...
✅ Local backup created: /home/lmnet/server/server/backups/backup-1766296802180.zip
✅ Backup uploaded: backup-1766296802180.zip
🗑️ Deleted oldest Google Drive backup: backup-1766210402502.zip
🧹 Removed local temporary backup file
✅ Backup process completed!
⏳ Creating backup...
✅ Local backup created: /home/lmnet/server/server/backups/backup-1766304002876.zip
✅ Backup uploaded: backup-1766304002876.zip
🗑️ Deleted oldest Google Drive backup: backup-1766217602748.zip
🧹 Removed local temporary backup file
✅ Backup process completed!
⏳ Creating backup...
✅ Local backup created: /home/lmnet/server/server/backups/backup-1766311202619.zip
✅ Backup uploaded: backup-1766311202619.zip
🗑️ Deleted oldest Google Drive backup: backup-1766224802383.zip
🧹 Removed local temporary backup file
✅ Backup process completed!
⏳ Creating backup...
✅ Local backup created: /home/lmnet/server/server/backups/backup-1766318402506.zip
✅ Backup uploaded: backup-1766318402506.zip
🗑️ Deleted oldest Google Drive backup: backup-1766232002593.zip
🧹 Removed local temporary backup file
✅ Backup process completed!
⏳ Creating backup...
✅ Local backup created: /home/lmnet/server/server/backups/backup-1766325602341.zip
✅ Backup uploaded: backup-1766325602341.zip
🗑️ Deleted oldest Google Drive backup: backup-1766239202578.zip
🧹 Removed local temporary backup file
✅ Backup process completed!
⏳ Creating backup...
✅ Local backup created: /home/lmnet/server/server/backups/backup-1766332802162.zip
✅ Backup uploaded: backup-1766332802162.zip
🗑️ Deleted oldest Google Drive backup: backup-1766246402516.zip
🧹 Removed local temporary backup file
✅ Backup process completed!
⏳ Creating backup...
✅ Local backup created: /home/lmnet/server/server/backups/backup-1766340002407.zip
✅ Backup uploaded: backup-1766340002407.zip
🗑️ Deleted oldest Google Drive backup: backup-1766253602700.zip
🧹 Removed local temporary backup file
✅ Backup process completed!
⏳ Creating backup...
✅ Local backup created: /home/lmnet/server/server/backups/backup-1766347202622.zip
✅ Backup uploaded: backup-1766347202622.zip
🗑️ Deleted oldest Google Drive backup: backup-1766260802463.zip
🧹 Removed local temporary backup file
✅ Backup process completed!
⏳ Creating backup...
✅ Local backup created: /home/lmnet/server/server/backups/backup-1766354401993.zip
✅ Backup uploaded: backup-1766354401993.zip
🗑️ Deleted oldest Google Drive backup: backup-1766268002333.zip
🧹 Removed local temporary backup file
✅ Backup process completed!
⏳ Creating backup...
✅ Local backup created: /home/lmnet/server/server/backups/backup-1766361602133.zip
✅ Backup uploaded: backup-1766361602133.zip
🗑️ Deleted oldest Google Drive backup: backup-1766275202712.zip
🧹 Removed local temporary backup file
✅ Backup process completed!
⏳ Creating backup...
✅ Local backup created: /home/lmnet/server/server/backups/backup-1766368802358.zip
✅ Backup uploaded: backup-1766368802358.zip
🗑️ Deleted oldest Google Drive backup: backup-1766282402730.zip
🧹 Removed local temporary backup file
✅ Backup process completed!
⏳ Creating backup...
✅ Local backup created: /home/lmnet/server/server/backups/backup-1766376002373.zip
✅ Backup uploaded: backup-1766376002373.zip
🗑️ Deleted oldest Google Drive backup: backup-1766289602849.zip
🧹 Removed local temporary backup file
✅ Backup process completed!
⏳ Creating backup...
✅ Local backup created: /home/lmnet/server/server/backups/backup-1766383201978.zip
✅ Backup uploaded: backup-1766383201978.zip
🗑️ Deleted oldest Google Drive backup: backup-1766296802180.zip
🧹 Removed local temporary backup file
✅ Backup process completed!
⏳ Creating backup...
✅ Local backup created: /home/lmnet/server/server/backups/backup-1766390402178.zip
✅ Backup uploaded: backup-1766390402178.zip
🗑️ Deleted oldest Google Drive backup: backup-1766304002876.zip
🧹 Removed local temporary backup file
✅ Backup process completed!
⏳ Creating backup...
✅ Local backup created: /home/lmnet/server/server/backups/backup-1766397602681.zip
✅ Backup uploaded: backup-1766397602681.zip
🗑️ Deleted oldest Google Drive backup: backup-1766311202619.zip
🧹 Removed local temporary backup file
✅ Backup process completed!
⏳ Creating backup...
✅ Local backup created: /home/lmnet/server/server/backups/backup-1766404802636.zip
✅ Backup uploaded: backup-1766404802636.zip
🗑️ Deleted oldest Google Drive backup: backup-1766318402506.zip
🧹 Removed local temporary backup file
✅ Backup process completed!
⏳ Creating backup...
✅ Local backup created: /home/lmnet/server/server/backups/backup-1766412001915.zip
✅ Backup uploaded: backup-1766412001915.zip
🗑️ Deleted oldest Google Drive backup: backup-1766325602341.zip
🧹 Removed local temporary backup file
✅ Backup process completed!
⏳ Creating backup...
✅ Local backup created: /home/lmnet/server/server/backups/backup-1766419202055.zip
✅ Backup uploaded: backup-1766419202055.zip
🗑️ Deleted oldest Google Drive backup: backup-1766332802162.zip
🧹 Removed local temporary backup file
✅ Backup process completed!
⏳ Creating backup...
✅ Local backup created: /home/lmnet/server/server/backups/backup-1766426401768.zip
✅ Backup uploaded: backup-1766426401768.zip
🗑️ Deleted oldest Google Drive backup: backup-1766340002407.zip
🧹 Removed local temporary backup file
✅ Backup process completed!
⏳ Creating backup...
✅ Local backup created: /home/lmnet/server/server/backups/backup-1766433602511.zip
✅ Backup uploaded: backup-1766433602511.zip
🗑️ Deleted oldest Google Drive backup: backup-1766347202622.zip
🧹 Removed local temporary backup file
✅ Backup process completed!
⏳ Creating backup...
✅ Local backup created: /home/lmnet/server/server/backups/backup-1766440802076.zip
✅ Backup uploaded: backup-1766440802076.zip
🗑️ Deleted oldest Google Drive backup: backup-1766354401993.zip
🧹 Removed local temporary backup file
✅ Backup process completed!
⏳ Creating backup...
✅ Local backup created: /home/lmnet/server/server/backups/backup-1766448002828.zip
✅ Backup uploaded: backup-1766448002828.zip
🗑️ Deleted oldest Google Drive backup: backup-1766361602133.zip
🧹 Removed local temporary backup file
✅ Backup process completed!
⏳ Creating backup...
✅ Local backup created: /home/lmnet/server/server/backups/backup-1766455202489.zip
✅ Backup uploaded: backup-1766455202489.zip
🗑️ Deleted oldest Google Drive backup: backup-1766368802358.zip
🧹 Removed local temporary backup file
✅ Backup process completed!
⏳ Creating backup...
✅ Local backup created: /home/lmnet/server/server/backups/backup-1766462402425.zip
✅ Backup uploaded: backup-1766462402425.zip
🗑️ Deleted oldest Google Drive backup: backup-1766376002373.zip
🧹 Removed local temporary backup file
✅ Backup process completed!
⏳ Creating backup...
✅ Local backup created: /home/lmnet/server/server/backups/backup-1766469602713.zip
✅ Backup uploaded: backup-1766469602713.zip
🗑️ Deleted oldest Google Drive backup: backup-1766383201978.zip
🧹 Removed local temporary backup file
✅ Backup process completed!
⏳ Creating backup...
✅ Local backup created: /home/lmnet/server/server/backups/backup-1766476802129.zip
✅ Backup uploaded: backup-1766476802129.zip
🗑️ Deleted oldest Google Drive backup: backup-1766390402178.zip
🧹 Removed local temporary backup file
✅ Backup process completed!
⏳ Creating backup...
✅ Local backup created: /home/lmnet/server/server/backups/backup-1766484001958.zip
✅ Backup uploaded: backup-1766484001958.zip
🗑️ Deleted oldest Google Drive backup: backup-1766397602681.zip
🧹 Removed local temporary backup file
✅ Backup process completed!
⏳ Creating backup...
✅ Local backup created: /home/lmnet/server/server/backups/backup-1766491201948.zip
✅ Backup uploaded: backup-1766491201948.zip
🗑️ Deleted oldest Google Drive backup: backup-1766404802636.zip
🧹 Removed local temporary backup file
✅ Backup process completed!
⏳ Creating backup...
✅ Local backup created: /home/lmnet/server/server/backups/backup-1766498403100.zip
✅ Backup uploaded: backup-1766498403100.zip
🗑️ Deleted oldest Google Drive backup: backup-1766412001915.zip
🧹 Removed local temporary backup file
✅ Backup process completed!
⏳ Creating backup...
✅ Local backup created: /home/lmnet/server/server/backups/backup-1766505603330.zip
✅ Backup uploaded: backup-1766505603330.zip
🗑️ Deleted oldest Google Drive backup: backup-1766419202055.zip
🧹 Removed local temporary backup file
✅ Backup process completed!
⏳ Creating backup...
✅ Local backup created: /home/lmnet/server/server/backups/backup-1766512802224.zip
✅ Backup uploaded: backup-1766512802224.zip
🗑️ Deleted oldest Google Drive backup: backup-1766426401768.zip
🧹 Removed local temporary backup file
✅ Backup process completed!
⏳ Creating backup...
✅ Local backup created: /home/lmnet/server/server/backups/backup-1766520002704.zip
✅ Backup uploaded: backup-1766520002704.zip
🗑️ Deleted oldest Google Drive backup: backup-1766433602511.zip
🧹 Removed local temporary backup file
✅ Backup process completed!
⏳ Creating backup...
✅ Local backup created: /home/lmnet/server/server/backups/backup-1766527202293.zip
✅ Backup uploaded: backup-1766527202293.zip
🗑️ Deleted oldest Google Drive backup: backup-1766440802076.zip
🧹 Removed local temporary backup file
✅ Backup process completed!
⏳ Creating backup...
✅ Local backup created: /home/lmnet/server/server/backups/backup-1766534402139.zip
✅ Backup uploaded: backup-1766534402139.zip
🗑️ Deleted oldest Google Drive backup: backup-1766448002828.zip
🧹 Removed local temporary backup file
✅ Backup process completed!
⏳ Creating backup...
✅ Local backup created: /home/lmnet/server/server/backups/backup-1766541602467.zip
✅ Backup uploaded: backup-1766541602467.zip
🗑️ Deleted oldest Google Drive backup: backup-1766455202489.zip
🧹 Removed local temporary backup file
✅ Backup process completed!
⏳ Creating backup...
✅ Local backup created: /home/lmnet/server/server/backups/backup-1766548801754.zip
✅ Backup uploaded: backup-1766548801754.zip
🗑️ Deleted oldest Google Drive backup: backup-1766462402425.zip
🧹 Removed local temporary backup file
✅ Backup process completed!
⏳ Creating backup...
✅ Local backup created: /home/lmnet/server/server/backups/backup-1766556002422.zip
✅ Backup uploaded: backup-1766556002422.zip
🗑️ Deleted oldest Google Drive backup: backup-1766469602713.zip
🧹 Removed local temporary backup file
✅ Backup process completed!
⏳ Creating backup...
✅ Local backup created: /home/lmnet/server/server/backups/backup-1766563202738.zip
✅ Backup uploaded: backup-1766563202738.zip
🗑️ Deleted oldest Google Drive backup: backup-1766476802129.zip
🧹 Removed local temporary backup file
✅ Backup process completed!
⏳ Creating backup...
✅ Local backup created: /home/lmnet/server/server/backups/backup-1766570402341.zip
✅ Backup uploaded: backup-1766570402341.zip
🗑️ Deleted oldest Google Drive backup: backup-1766484001958.zip
🧹 Removed local temporary backup file
✅ Backup process completed!
⏳ Creating backup...
✅ Local backup created: /home/lmnet/server/server/backups/backup-1766577603046.zip
✅ Backup uploaded: backup-1766577603046.zip
🗑️ Deleted oldest Google Drive backup: backup-1766491201948.zip
🧹 Removed local temporary backup file
✅ Backup process completed!
⏳ Creating backup...
✅ Local backup created: /home/lmnet/server/server/backups/backup-1766584802707.zip
✅ Backup uploaded: backup-1766584802707.zip
🗑️ Deleted oldest Google Drive backup: backup-1766498403100.zip
🧹 Removed local temporary backup file
✅ Backup process completed!
⏳ Creating backup...
✅ Local backup created: /home/lmnet/server/server/backups/backup-1766592002307.zip
✅ Backup uploaded: backup-1766592002307.zip
🗑️ Deleted oldest Google Drive backup: backup-1766505603330.zip
🧹 Removed local temporary backup file
✅ Backup process completed!
⏳ Creating backup...
✅ Local backup created: /home/lmnet/server/server/backups/backup-1766599202403.zip
✅ Backup uploaded: backup-1766599202403.zip
🗑️ Deleted oldest Google Drive backup: backup-1766512802224.zip
🧹 Removed local temporary backup file
✅ Backup process completed!
⏳ Creating backup...
✅ Local backup created: /home/lmnet/server/server/backups/backup-1766606402277.zip
✅ Backup uploaded: backup-1766606402277.zip
🗑️ Deleted oldest Google Drive backup: backup-1766520002704.zip
🧹 Removed local temporary backup file
✅ Backup process completed!
⏳ Creating backup...
✅ Local backup created: /home/lmnet/server/server/backups/backup-1766613602528.zip
✅ Backup uploaded: backup-1766613602528.zip
🗑️ Deleted oldest Google Drive backup: backup-1766527202293.zip
🧹 Removed local temporary backup file
✅ Backup process completed!
⏳ Creating backup...
✅ Local backup created: /home/lmnet/server/server/backups/backup-1766620802778.zip
✅ Backup uploaded: backup-1766620802778.zip
🗑️ Deleted oldest Google Drive backup: backup-1766534402139.zip
🧹 Removed local temporary backup file
✅ Backup process completed!
⏳ Creating backup...
✅ Local backup created: /home/lmnet/server/server/backups/backup-1766628002596.zip
✅ Backup uploaded: backup-1766628002596.zip
🗑️ Deleted oldest Google Drive backup: backup-1766541602467.zip
🧹 Removed local temporary backup file
✅ Backup process completed!
⏳ Creating backup...
✅ Local backup created: /home/lmnet/server/server/backups/backup-1766635202183.zip
✅ Backup uploaded: backup-1766635202183.zip
🗑️ Deleted oldest Google Drive backup: backup-1766548801754.zip
🧹 Removed local temporary backup file
✅ Backup process completed!
⏳ Creating backup...
✅ Local backup created: /home/lmnet/server/server/backups/backup-1766642402187.zip
✅ Backup uploaded: backup-1766642402187.zip
🗑️ Deleted oldest Google Drive backup: backup-1766556002422.zip
🧹 Removed local temporary backup file
✅ Backup process completed!
⏳ Creating backup...
✅ Local backup created: /home/lmnet/server/server/backups/backup-1766649602508.zip
✅ Backup uploaded: backup-1766649602508.zip
🗑️ Deleted oldest Google Drive backup: backup-1766563202738.zip
🧹 Removed local temporary backup file
✅ Backup process completed!
⏳ Creating backup...
✅ Local backup created: /home/lmnet/server/server/backups/backup-1766656802373.zip
✅ Backup uploaded: backup-1766656802373.zip
🗑️ Deleted oldest Google Drive backup: backup-1766570402341.zip
🧹 Removed local temporary backup file
✅ Backup process completed!
⏳ Creating backup...
✅ Local backup created: /home/lmnet/server/server/backups/backup-1766664002129.zip
✅ Backup uploaded: backup-1766664002129.zip
🗑️ Deleted oldest Google Drive backup: backup-1766577603046.zip
🧹 Removed local temporary backup file
✅ Backup process completed!
⏳ Creating backup...
✅ Local backup created: /home/lmnet/server/server/backups/backup-1766671202731.zip
✅ Backup uploaded: backup-1766671202731.zip
🗑️ Deleted oldest Google Drive backup: backup-1766584802707.zip
🧹 Removed local temporary backup file
✅ Backup process completed!
⏳ Creating backup...
✅ Local backup created: /home/lmnet/server/server/backups/backup-1766678402917.zip
✅ Backup uploaded: backup-1766678402917.zip
🗑️ Deleted oldest Google Drive backup: backup-1766592002307.zip
🧹 Removed local temporary backup file
✅ Backup process completed!
⏳ Creating backup...
✅ Local backup created: /home/lmnet/server/server/backups/backup-1766685601855.zip
✅ Backup uploaded: backup-1766685601855.zip
🗑️ Deleted oldest Google Drive backup: backup-1766599202403.zip
🧹 Removed local temporary backup file
✅ Backup process completed!
⏳ Creating backup...
✅ Local backup created: /home/lmnet/server/server/backups/backup-1766692802678.zip
✅ Backup uploaded: backup-1766692802678.zip
🗑️ Deleted oldest Google Drive backup: backup-1766606402277.zip
🧹 Removed local temporary backup file
✅ Backup process completed!
⏳ Creating backup...
✅ Local backup created: /home/lmnet/server/server/backups/backup-1766700002635.zip
✅ Backup uploaded: backup-1766700002635.zip
🗑️ Deleted oldest Google Drive backup: backup-1766613602528.zip
🧹 Removed local temporary backup file
✅ Backup process completed!
⏳ Creating backup...
✅ Local backup created: /home/lmnet/server/server/backups/backup-1766707202345.zip
✅ Backup uploaded: backup-1766707202345.zip
🗑️ Deleted oldest Google Drive backup: backup-1766620802778.zip
🧹 Removed local temporary backup file
✅ Backup process completed!
⏳ Creating backup...
✅ Local backup created: /home/lmnet/server/server/backups/backup-1766714402363.zip
✅ Backup uploaded: backup-1766714402363.zip
🗑️ Deleted oldest Google Drive backup: backup-1766628002596.zip
🧹 Removed local temporary backup file
✅ Backup process completed!
⏳ Creating backup...
✅ Local backup created: /home/lmnet/server/server/backups/backup-1766721602973.zip
✅ Backup uploaded: backup-1766721602973.zip
🗑️ Deleted oldest Google Drive backup: backup-1766635202183.zip
🧹 Removed local temporary backup file
✅ Backup process completed!
⏳ Creating backup...
✅ Local backup created: /home/lmnet/server/server/backups/backup-1766728802337.zip
✅ Backup uploaded: backup-1766728802337.zip
🗑️ Deleted oldest Google Drive backup: backup-1766642402187.zip
🧹 Removed local temporary backup file
✅ Backup process completed!
⏳ Creating backup...
✅ Local backup created: /home/lmnet/server/server/backups/backup-1766736002619.zip
✅ Backup uploaded: backup-1766736002619.zip
🗑️ Deleted oldest Google Drive backup: backup-1766649602508.zip
🧹 Removed local temporary backup file
✅ Backup process completed!
⏳ Creating backup...
✅ Local backup created: /home/lmnet/server/server/backups/backup-1766743203172.zip
✅ Backup uploaded: backup-1766743203172.zip
🗑️ Deleted oldest Google Drive backup: backup-1766656802373.zip
🧹 Removed local temporary backup file
✅ Backup process completed!
⏳ Creating backup...
✅ Local backup created: /home/lmnet/server/server/backups/backup-1766750402467.zip
✅ Backup uploaded: backup-1766750402467.zip
🗑️ Deleted oldest Google Drive backup: backup-1766664002129.zip
🧹 Removed local temporary backup file
✅ Backup process completed!
⏳ Creating backup...
✅ Local backup created: /home/lmnet/server/server/backups/backup-1766757602154.zip
✅ Backup uploaded: backup-1766757602154.zip
🗑️ Deleted oldest Google Drive backup: backup-1766671202731.zip
🧹 Removed local temporary backup file
✅ Backup process completed!
⏳ Creating backup...
✅ Local backup created: /home/lmnet/server/server/backups/backup-1766764802243.zip
✅ Backup uploaded: backup-1766764802243.zip
🗑️ Deleted oldest Google Drive backup: backup-1766678402917.zip
🧹 Removed local temporary backup file
✅ Backup process completed!
⏳ Creating backup...
✅ Local backup created: /home/lmnet/server/server/backups/backup-1766772002909.zip
✅ Backup uploaded: backup-1766772002909.zip
🗑️ Deleted oldest Google Drive backup: backup-1766685601855.zip
🧹 Removed local temporary backup file
✅ Backup process completed!
⏳ Creating backup...
✅ Local backup created: /home/lmnet/server/server/backups/backup-1766779203001.zip
✅ Backup uploaded: backup-1766779203001.zip
🗑️ Deleted oldest Google Drive backup: backup-1766692802678.zip
🧹 Removed local temporary backup file
✅ Backup process completed!
⏳ Creating backup...
✅ Local backup created: /home/lmnet/server/server/backups/backup-1766786402084.zip
✅ Backup uploaded: backup-1766786402084.zip
🗑️ Deleted oldest Google Drive backup: backup-1766700002635.zip
🧹 Removed local temporary backup file
✅ Backup process completed!
⏳ Creating backup...
✅ Local backup created: /home/lmnet/server/server/backups/backup-1766793602884.zip
✅ Backup uploaded: backup-1766793602884.zip
🗑️ Deleted oldest Google Drive backup: backup-1766707202345.zip
🧹 Removed local temporary backup file
✅ Backup process completed!
⏳ Creating backup...
✅ Local backup created: /home/lmnet/server/server/backups/backup-1766800802507.zip
✅ Backup uploaded: backup-1766800802507.zip
🗑️ Deleted oldest Google Drive backup: backup-1766714402363.zip
🧹 Removed local temporary backup file
✅ Backup process completed!
⏳ Creating backup...
✅ Local backup created: /home/lmnet/server/server/backups/backup-1766808002377.zip
✅ Backup uploaded: backup-1766808002377.zip
🗑️ Deleted oldest Google Drive backup: backup-1766721602973.zip
🧹 Removed local temporary backup file
✅ Backup process completed!
⏳ Creating backup...
✅ Local backup created: /home/lmnet/server/server/backups/backup-1766815202488.zip
✅ Backup uploaded: backup-1766815202488.zip
🗑️ Deleted oldest Google Drive backup: backup-1766728802337.zip
🧹 Removed local temporary backup file
✅ Backup process completed!
⏳ Creating backup...
✅ Local backup created: /home/lmnet/server/server/backups/backup-1766822403052.zip
✅ Backup uploaded: backup-1766822403052.zip
🗑️ Deleted oldest Google Drive backup: backup-1766736002619.zip
🧹 Removed local temporary backup file
✅ Backup process completed!
⏳ Creating backup...
✅ Local backup created: /home/lmnet/server/server/backups/backup-1766829602315.zip
✅ Backup uploaded: backup-1766829602315.zip
🗑️ Deleted oldest Google Drive backup: backup-1766743203172.zip
🧹 Removed local temporary backup file
✅ Backup process completed!
⏳ Creating backup...
✅ Local backup created: /home/lmnet/server/server/backups/backup-1766836802985.zip
✅ Backup uploaded: backup-1766836802985.zip
🗑️ Deleted oldest Google Drive backup: backup-1766750402467.zip
🧹 Removed local temporary backup file
✅ Backup process completed!
⏳ Creating backup...
✅ Local backup created: /home/lmnet/server/server/backups/backup-1766844002629.zip
✅ Backup uploaded: backup-1766844002629.zip
🗑️ Deleted oldest Google Drive backup: backup-1766757602154.zip
🧹 Removed local temporary backup file
✅ Backup process completed!
⏳ Creating backup...
✅ Local backup created: /home/lmnet/server/server/backups/backup-1766851203000.zip
✅ Backup uploaded: backup-1766851203000.zip
🗑️ Deleted oldest Google Drive backup: backup-1766764802243.zip
🧹 Removed local temporary backup file
✅ Backup process completed!
⏳ Creating backup...
✅ Local backup created: /home/lmnet/server/server/backups/backup-1766858402307.zip
✅ Backup uploaded: backup-1766858402307.zip
🗑️ Deleted oldest Google Drive backup: backup-1766772002909.zip
🧹 Removed local temporary backup file
✅ Backup process completed!
⏳ Creating backup...
✅ Local backup created: /home/lmnet/server/server/backups/backup-1766865602778.zip
✅ Backup uploaded: backup-1766865602778.zip
🗑️ Deleted oldest Google Drive backup: backup-1766779203001.zip
🧹 Removed local temporary backup file
✅ Backup process completed!
⏳ Creating backup...
✅ Local backup created: /home/lmnet/server/server/backups/backup-1766872802512.zip
✅ Backup uploaded: backup-1766872802512.zip
🗑️ Deleted oldest Google Drive backup: backup-1766786402084.zip
🧹 Removed local temporary backup file
✅ Backup process completed!
⏳ Creating backup...
✅ Local backup created: /home/lmnet/server/server/backups/backup-1766880002930.zip
✅ Backup uploaded: backup-1766880002930.zip
🗑️ Deleted oldest Google Drive backup: backup-1766793602884.zip
🧹 Removed local temporary backup file
✅ Backup process completed!
⏳ Creating backup...
✅ Local backup created: /home/lmnet/server/server/backups/backup-1766887201962.zip
✅ Backup uploaded: backup-1766887201962.zip
🗑️ Deleted oldest Google Drive backup: backup-1766800802507.zip
🧹 Removed local temporary backup file
✅ Backup process completed!
⏳ Creating backup...
✅ Local backup created: /home/lmnet/server/server/backups/backup-1766894402282.zip
✅ Backup uploaded: backup-1766894402282.zip
🗑️ Deleted oldest Google Drive backup: backup-1766808002377.zip
🧹 Removed local temporary backup file
✅ Backup process completed!
⏳ Creating backup...
✅ Local backup created: /home/lmnet/server/server/backups/backup-1766901602425.zip
✅ Backup uploaded: backup-1766901602425.zip
🗑️ Deleted oldest Google Drive backup: backup-1766815202488.zip
🧹 Removed local temporary backup file
✅ Backup process completed!
⏳ Creating backup...
✅ Local backup created: /home/lmnet/server/server/backups/backup-1766908802578.zip
✅ Backup uploaded: backup-1766908802578.zip
🗑️ Deleted oldest Google Drive backup: backup-1766822403052.zip
🧹 Removed local temporary backup file
✅ Backup process completed!
⏳ Creating backup...
✅ Local backup created: /home/lmnet/server/server/backups/backup-1766916002663.zip
✅ Backup uploaded: backup-1766916002663.zip
🗑️ Deleted oldest Google Drive backup: backup-1766829602315.zip
🧹 Removed local temporary backup file
✅ Backup process completed!
⏳ Creating backup...
✅ Local backup created: /home/lmnet/server/server/backups/backup-1766923203051.zip
✅ Backup uploaded: backup-1766923203051.zip
🗑️ Deleted oldest Google Drive backup: backup-1766836802985.zip
🧹 Removed local temporary backup file
✅ Backup process completed!
⏳ Creating backup...
✅ Local backup created: /home/lmnet/server/server/backups/backup-1766930402427.zip
✅ Backup uploaded: backup-1766930402427.zip
🗑️ Deleted oldest Google Drive backup: backup-1766844002629.zip
🧹 Removed local temporary backup file
✅ Backup process completed!
⏳ Creating backup...
✅ Local backup created: /home/lmnet/server/server/backups/backup-1766937603036.zip
✅ Backup uploaded: backup-1766937603036.zip
🗑️ Deleted oldest Google Drive backup: backup-1766851203000.zip
🧹 Removed local temporary backup file
✅ Backup process completed!
⏳ Creating backup...
✅ Local backup created: /home/lmnet/server/server/backups/backup-1766944802289.zip
✅ Backup uploaded: backup-1766944802289.zip
🗑️ Deleted oldest Google Drive backup: backup-1766858402307.zip
🧹 Removed local temporary backup file
✅ Backup process completed!
⏳ Creating backup...
✅ Local backup created: /home/lmnet/server/server/backups/backup-1766952002778.zip
✅ Backup uploaded: backup-1766952002778.zip
🗑️ Deleted oldest Google Drive backup: backup-1766865602778.zip
🧹 Removed local temporary backup file
✅ Backup process completed!
⏳ Creating backup...
✅ Local backup created: /home/lmnet/server/server/backups/backup-1766959202910.zip
✅ Backup uploaded: backup-1766959202910.zip
🗑️ Deleted oldest Google Drive backup: backup-1766872802512.zip
🧹 Removed local temporary backup file
✅ Backup process completed!
⏳ Creating backup...
✅ Local backup created: /home/lmnet/server/server/backups/backup-1766966402183.zip
✅ Backup uploaded: backup-1766966402183.zip
🗑️ Deleted oldest Google Drive backup: backup-1766880002930.zip
🧹 Removed local temporary backup file
✅ Backup process completed!
⏳ Creating backup...
✅ Local backup created: /home/lmnet/server/server/backups/backup-1766973602750.zip
✅ Backup uploaded: backup-1766973602750.zip
🗑️ Deleted oldest Google Drive backup: backup-1766887201962.zip
🧹 Removed local temporary backup file
✅ Backup process completed!
⏳ Creating backup...
✅ Local backup created: /home/lmnet/server/server/backups/backup-1766980803729.zip
✅ Backup uploaded: backup-1766980803729.zip
🗑️ Deleted oldest Google Drive backup: backup-1766894402282.zip
🧹 Removed local temporary backup file
✅ Backup process completed!
⏳ Creating backup...
✅ Local backup created: /home/lmnet/server/server/backups/backup-1766988002815.zip
✅ Backup uploaded: backup-1766988002815.zip
🗑️ Deleted oldest Google Drive backup: backup-1766901602425.zip
🧹 Removed local temporary backup file
✅ Backup process completed!
⏳ Creating backup...
✅ Local backup created: /home/lmnet/server/server/backups/backup-1766995202407.zip
✅ Backup uploaded: backup-1766995202407.zip
🗑️ Deleted oldest Google Drive backup: backup-1766908802578.zip
🧹 Removed local temporary backup file
✅ Backup process completed!
⏳ Creating backup...
✅ Local backup created: /home/lmnet/server/server/backups/backup-1767002402766.zip
✅ Backup uploaded: backup-1767002402766.zip
🗑️ Deleted oldest Google Drive backup: backup-1766916002663.zip
🧹 Removed local temporary backup file
✅ Backup process completed!
⏳ Creating backup...
✅ Local backup created: /home/lmnet/server/server/backups/backup-1767009602242.zip
✅ Backup uploaded: backup-1767009602242.zip
🗑️ Deleted oldest Google Drive backup: backup-1766923203051.zip
🧹 Removed local temporary backup file
✅ Backup process completed!
⏳ Creating backup...
✅ Local backup created: /home/lmnet/server/server/backups/backup-1767016803129.zip
✅ Backup uploaded: backup-1767016803129.zip
🗑️ Deleted oldest Google Drive backup: backup-1766930402427.zip
🧹 Removed local temporary backup file
✅ Backup process completed!
⏳ Creating backup...
✅ Local backup created: /home/lmnet/server/server/backups/backup-1767024002998.zip
✅ Backup uploaded: backup-1767024002998.zip
🗑️ Deleted oldest Google Drive backup: backup-1766937603036.zip
🧹 Removed local temporary backup file
✅ Backup process completed!
⏳ Creating backup...
✅ Local backup created: /home/lmnet/server/server/backups/backup-1767031202499.zip
✅ Backup uploaded: backup-1767031202499.zip
🗑️ Deleted oldest Google Drive backup: backup-1766944802289.zip
🧹 Removed local temporary backup file
✅ Backup process completed!
⏳ Creating backup...
✅ Local backup created: /home/lmnet/server/server/backups/backup-1767038402997.zip
✅ Backup uploaded: backup-1767038402997.zip
🗑️ Deleted oldest Google Drive backup: backup-1766952002778.zip
🧹 Removed local temporary backup file
✅ Backup process completed!
⏳ Creating backup...
✅ Local backup created: /home/lmnet/server/server/backups/backup-1767045602375.zip
✅ Backup uploaded: backup-1767045602375.zip
🗑️ Deleted oldest Google Drive backup: backup-1766959202910.zip
🧹 Removed local temporary backup file
✅ Backup process completed!
⏳ Creating backup...
✅ Local backup created: /home/lmnet/server/server/backups/backup-1767052803090.zip
✅ Backup uploaded: backup-1767052803090.zip
🗑️ Deleted oldest Google Drive backup: backup-1766966402183.zip
🧹 Removed local temporary backup file
✅ Backup process completed!
⏳ Creating backup...
✅ Local backup created: /home/lmnet/server/server/backups/backup-1767060003159.zip
✅ Backup uploaded: backup-1767060003159.zip
🗑️ Deleted oldest Google Drive backup: backup-1766973602750.zip
🧹 Removed local temporary backup file
✅ Backup process completed!
⏳ Creating backup...
✅ Local backup created: /home/lmnet/server/server/backups/backup-1767067203079.zip
✅ Backup uploaded: backup-1767067203079.zip
🗑️ Deleted oldest Google Drive backup: backup-1766980803729.zip
🧹 Removed local temporary backup file
✅ Backup process completed!
⏳ Creating backup...
✅ Local backup created: /home/lmnet/server/server/backups/backup-1767074403663.zip
✅ Backup uploaded: backup-1767074403663.zip
🗑️ Deleted oldest Google Drive backup: backup-1766988002815.zip
🧹 Removed local temporary backup file
✅ Backup process completed!
⏳ Creating backup...
✅ Local backup created: /home/lmnet/server/server/backups/backup-1767081603350.zip
✅ Backup uploaded: backup-1767081603350.zip
🗑️ Deleted oldest Google Drive backup: backup-1766995202407.zip
🧹 Removed local temporary backup file
✅ Backup process completed!
⏳ Creating backup...
✅ Local backup created: /home/lmnet/server/server/backups/backup-1767088803953.zip
✅ Backup uploaded: backup-1767088803953.zip
🗑️ Deleted oldest Google Drive backup: backup-1767002402766.zip
🧹 Removed local temporary backup file
✅ Backup process completed!
⏳ Creating backup...
✅ Local backup created: /home/lmnet/server/server/backups/backup-1767096002643.zip
✅ Backup uploaded: backup-1767096002643.zip
🗑️ Deleted oldest Google Drive backup: backup-1767009602242.zip
🧹 Removed local temporary backup file
✅ Backup process completed!
⏳ Creating backup...
✅ Local backup created: /home/lmnet/server/server/backups/backup-1767103202882.zip
✅ Backup uploaded: backup-1767103202882.zip
🗑️ Deleted oldest Google Drive backup: backup-1767016803129.zip
🧹 Removed local temporary backup file
✅ Backup process completed!
⏳ Creating backup...
✅ Local backup created: /home/lmnet/server/server/backups/backup-1767110402576.zip
✅ Backup uploaded: backup-1767110402576.zip
🗑️ Deleted oldest Google Drive backup: backup-1767024002998.zip
🧹 Removed local temporary backup file
✅ Backup process completed!
⏳ Creating backup...
✅ Local backup created: /home/lmnet/server/server/backups/backup-1767117602579.zip
✅ Backup uploaded: backup-1767117602579.zip
🗑️ Deleted oldest Google Drive backup: backup-1767031202499.zip
🧹 Removed local temporary backup file
✅ Backup process completed!
⏳ Creating backup...
✅ Local backup created: /home/lmnet/server/server/backups/backup-1767124802621.zip
✅ Backup uploaded: backup-1767124802621.zip
🗑️ Deleted oldest Google Drive backup: backup-1767038402997.zip
🧹 Removed local temporary backup file
✅ Backup process completed!
⏳ Creating backup...
✅ Local backup created: /home/lmnet/server/server/backups/backup-1767132002220.zip
✅ Backup uploaded: backup-1767132002220.zip
🗑️ Deleted oldest Google Drive backup: backup-1767045602375.zip
🧹 Removed local temporary backup file
✅ Backup process completed!
⏳ Creating backup...
✅ Local backup created: /home/lmnet/server/server/backups/backup-1767139202867.zip
✅ Backup uploaded: backup-1767139202867.zip
🗑️ Deleted oldest Google Drive backup: backup-1767052803090.zip
🧹 Removed local temporary backup file
✅ Backup process completed!
⏳ Creating backup...
✅ Local backup created: /home/lmnet/server/server/backups/backup-1767146402782.zip
✅ Backup uploaded: backup-1767146402782.zip
🗑️ Deleted oldest Google Drive backup: backup-1767060003159.zip
🧹 Removed local temporary backup file
✅ Backup process completed!
⏳ Creating backup...
✅ Local backup created: /home/lmnet/server/server/backups/backup-1767153602514.zip
✅ Backup uploaded: backup-1767153602514.zip
🗑️ Deleted oldest Google Drive backup: backup-1767067203079.zip
🧹 Removed local temporary backup file
✅ Backup process completed!
⏳ Creating backup...
✅ Local backup created: /home/lmnet/server/server/backups/backup-1767160802803.zip
✅ Backup uploaded: backup-1767160802803.zip
🗑️ Deleted oldest Google Drive backup: backup-1767074403663.zip
🧹 Removed local temporary backup file
✅ Backup process completed!
⏳ Creating backup...
✅ Local backup created: /home/lmnet/server/server/backups/backup-1767168002234.zip
✅ Backup uploaded: backup-1767168002234.zip
🗑️ Deleted oldest Google Drive backup: backup-1767081603350.zip
🧹 Removed local temporary backup file
✅ Backup process completed!
⏳ Creating backup...
✅ Local backup created: /home/lmnet/server/server/backups/backup-1767175202162.zip
✅ Backup uploaded: backup-1767175202162.zip
🗑️ Deleted oldest Google Drive backup: backup-1767088803953.zip
🧹 Removed local temporary backup file
✅ Backup process completed!
⏳ Creating backup...
✅ Local backup created: /home/lmnet/server/server/backups/backup-1767182402226.zip
✅ Backup uploaded: backup-1767182402226.zip
🗑️ Deleted oldest Google Drive backup: backup-1767096002643.zip
🧹 Removed local temporary backup file
✅ Backup process completed!
⏳ Creating backup...
✅ Local backup created: /home/lmnet/server/server/backups/backup-1767189602465.zip
✅ Backup uploaded: backup-1767189602465.zip
🗑️ Deleted oldest Google Drive backup: backup-1767103202882.zip
🧹 Removed local temporary backup file
✅ Backup process completed!
⏳ Creating backup...
✅ Local backup created: /home/lmnet/server/server/backups/backup-1767196802699.zip
✅ Backup uploaded: backup-1767196802699.zip
🗑️ Deleted oldest Google Drive backup: backup-1767110402576.zip
🧹 Removed local temporary backup file
✅ Backup process completed!
⏳ Creating backup...
✅ Local backup created: /home/lmnet/server/server/backups/backup-1767204002826.zip
✅ Backup uploaded: backup-1767204002826.zip
🗑️ Deleted oldest Google Drive backup: backup-1767117602579.zip
🧹 Removed local temporary backup file
✅ Backup process completed!
⏳ Creating backup...
✅ Local backup created: /home/lmnet/server/server/backups/backup-1767211202721.zip
✅ Backup uploaded: backup-1767211202721.zip
🗑️ Deleted oldest Google Drive backup: backup-1767124802621.zip
🧹 Removed local temporary backup file
✅ Backup process completed!
⏳ Creating backup...
✅ Local backup created: /home/lmnet/server/server/backups/backup-1767218402721.zip
✅ Backup uploaded: backup-1767218402721.zip
🗑️ Deleted oldest Google Drive backup: backup-1767132002220.zip
🧹 Removed local temporary backup file
✅ Backup process completed!
⏳ Creating backup...
✅ Local backup created: /home/lmnet/server/server/backups/backup-1767225603444.zip
✅ Backup uploaded: backup-1767225603444.zip
🗑️ Deleted oldest Google Drive backup: backup-1767139202867.zip
🧹 Removed local temporary backup file
✅ Backup process completed!
⏳ Creating backup...
✅ Local backup created: /home/lmnet/server/server/backups/backup-1767232802381.zip
✅ Backup uploaded: backup-1767232802381.zip
🗑️ Deleted oldest Google Drive backup: backup-1767146402782.zip
🧹 Removed local temporary backup file
✅ Backup process completed!
⏳ Creating backup...
✅ Local backup created: /home/lmnet/server/server/backups/backup-1767240003209.zip
✅ Backup uploaded: backup-1767240003209.zip
🗑️ Deleted oldest Google Drive backup: backup-1767153602514.zip
🧹 Removed local temporary backup file
✅ Backup process completed!
⏳ Creating backup...
✅ Local backup created: /home/lmnet/server/server/backups/backup-1767247202486.zip
✅ Backup uploaded: backup-1767247202486.zip
🗑️ Deleted oldest Google Drive backup: backup-1767160802803.zip
🧹 Removed local temporary backup file
✅ Backup process completed!
⏳ Creating backup...
✅ Local backup created: /home/lmnet/server/server/backups/backup-1767254402746.zip
✅ Backup uploaded: backup-1767254402746.zip
🗑️ Deleted oldest Google Drive backup: backup-1767168002234.zip
🧹 Removed local temporary backup file
✅ Backup process completed!
⏳ Creating backup...
✅ Local backup created: /home/lmnet/server/server/backups/backup-1767261602869.zip
✅ Backup uploaded: backup-1767261602869.zip
🗑️ Deleted oldest Google Drive backup: backup-1767175202162.zip
🧹 Removed local temporary backup file
✅ Backup process completed!
⏳ Creating backup...
✅ Local backup created: /home/lmnet/server/server/backups/backup-1767268802690.zip
✅ Backup uploaded: backup-1767268802690.zip
🗑️ Deleted oldest Google Drive backup: backup-1767182402226.zip
🧹 Removed local temporary backup file
✅ Backup process completed!
⏳ Creating backup...
✅ Local backup created: /home/lmnet/server/server/backups/backup-1767276004460.zip
✅ Backup uploaded: backup-1767276004460.zip
🗑️ Deleted oldest Google Drive backup: backup-1767189602465.zip
🧹 Removed local temporary backup file
✅ Backup process completed!
⏳ Creating backup...
✅ Local backup created: /home/lmnet/server/server/backups/backup-1767283202946.zip
✅ Backup uploaded: backup-1767283202946.zip
🗑️ Deleted oldest Google Drive backup: backup-1767196802699.zip
🧹 Removed local temporary backup file
✅ Backup process completed!
⏳ Creating backup...
✅ Local backup created: /home/lmnet/server/server/backups/backup-1767290402976.zip
✅ Backup uploaded: backup-1767290402976.zip
🗑️ Deleted oldest Google Drive backup: backup-1767204002826.zip
🧹 Removed local temporary backup file
✅ Backup process completed!
⏳ Creating backup...
✅ Local backup created: /home/lmnet/server/server/backups/backup-1767297602582.zip
✅ Backup uploaded: backup-1767297602582.zip
🗑️ Deleted oldest Google Drive backup: backup-1767211202721.zip
🧹 Removed local temporary backup file
✅ Backup process completed!
⏳ Creating backup...
✅ Local backup created: /home/lmnet/server/server/backups/backup-1767304803036.zip
✅ Backup uploaded: backup-1767304803036.zip
🗑️ Deleted oldest Google Drive backup: backup-1767218402721.zip
🧹 Removed local temporary backup file
✅ Backup process completed!
⏳ Creating backup...
✅ Local backup created: /home/lmnet/server/server/backups/backup-1767312002548.zip
✅ Backup uploaded: backup-1767312002548.zip
🗑️ Deleted oldest Google Drive backup: backup-1767225603444.zip
🧹 Removed local temporary backup file
✅ Backup process completed!
⏳ Creating backup...
✅ Local backup created: /home/lmnet/server/server/backups/backup-1767319202761.zip
✅ Backup uploaded: backup-1767319202761.zip
🗑️ Deleted oldest Google Drive backup: backup-1767232802381.zip
🧹 Removed local temporary backup file
✅ Backup process completed!
⏳ Creating backup...
✅ Local backup created: /home/lmnet/server/server/backups/backup-1767326403006.zip
✅ Backup uploaded: backup-1767326403006.zip
🗑️ Deleted oldest Google Drive backup: backup-1767240003209.zip
🧹 Removed local temporary backup file
✅ Backup process completed!
⏳ Creating backup...
✅ Local backup created: /home/lmnet/server/server/backups/backup-1767333603235.zip
✅ Backup uploaded: backup-1767333603235.zip
🗑️ Deleted oldest Google Drive backup: backup-1767247202486.zip
🧹 Removed local temporary backup file
✅ Backup process completed!
⏳ Creating backup...
✅ Local backup created: /home/lmnet/server/server/backups/backup-1767340803133.zip
✅ Backup uploaded: backup-1767340803133.zip
🗑️ Deleted oldest Google Drive backup: backup-1767254402746.zip
🧹 Removed local temporary backup file
✅ Backup process completed!
⏳ Creating backup...
✅ Local backup created: /home/lmnet/server/server/backups/backup-1767348002427.zip
✅ Backup uploaded: backup-1767348002427.zip
🗑️ Deleted oldest Google Drive backup: backup-1767261602869.zip
🧹 Removed local temporary backup file
✅ Backup process completed!
⏳ Creating backup...
✅ Local backup created: /home/lmnet/server/server/backups/backup-1767355202392.zip
✅ Backup uploaded: backup-1767355202392.zip
🗑️ Deleted oldest Google Drive backup: backup-1767268802690.zip
🧹 Removed local temporary backup file
✅ Backup process completed!
⏳ Creating backup...
✅ Local backup created: /home/lmnet/server/server/backups/backup-1767362403812.zip
✅ Backup uploaded: backup-1767362403812.zip
🗑️ Deleted oldest Google Drive backup: backup-1767276004460.zip
🧹 Removed local temporary backup file
✅ Backup process completed!
⏳ Creating backup...
✅ Local backup created: /home/lmnet/server/server/backups/backup-1767369602928.zip
✅ Backup uploaded: backup-1767369602928.zip
🗑️ Deleted oldest Google Drive backup: backup-1767283202946.zip
🧹 Removed local temporary backup file
✅ Backup process completed!
⏳ Creating backup...
✅ Local backup created: /home/lmnet/server/server/backups/backup-1767376804035.zip
✅ Backup uploaded: backup-1767376804035.zip
🗑️ Deleted oldest Google Drive backup: backup-1767290402976.zip
🧹 Removed local temporary backup file
✅ Backup process completed!
⏳ Creating backup...
✅ Local backup created: /home/lmnet/server/server/backups/backup-1767384002891.zip
✅ Backup uploaded: backup-1767384002891.zip
🗑️ Deleted oldest Google Drive backup: backup-1767297602582.zip
🧹 Removed local temporary backup file
✅ Backup process completed!
⏳ Creating backup...
✅ Local backup created: /home/lmnet/server/server/backups/backup-1767391202113.zip
✅ Backup uploaded: backup-1767391202113.zip
🗑️ Deleted oldest Google Drive backup: backup-1767304803036.zip
🧹 Removed local temporary backup file
✅ Backup process completed!
⏳ Creating backup...
✅ Local backup created: /home/lmnet/server/server/backups/backup-1767398403071.zip
✅ Backup uploaded: backup-1767398403071.zip
🗑️ Deleted oldest Google Drive backup: backup-1767312002548.zip
🧹 Removed local temporary backup file
✅ Backup process completed!
⏳ Creating backup...
✅ Local backup created: /home/lmnet/server/server/backups/backup-1767405602828.zip
✅ Backup uploaded: backup-1767405602828.zip
🗑️ Deleted oldest Google Drive backup: backup-1767319202761.zip
🧹 Removed local temporary backup file
✅ Backup process completed!
⏳ Creating backup...
✅ Local backup created: /home/lmnet/server/server/backups/backup-1767412803234.zip
✅ Backup uploaded: backup-1767412803234.zip
🗑️ Deleted oldest Google Drive backup: backup-1767326403006.zip
🧹 Removed local temporary backup file
✅ Backup process completed!
⏳ Creating backup...
✅ Local backup created: /home/lmnet/server/server/backups/backup-1767420002326.zip
✅ Backup uploaded: backup-1767420002326.zip
🗑️ Deleted oldest Google Drive backup: backup-1767333603235.zip
🧹 Removed local temporary backup file
✅ Backup process completed!
⏳ Creating backup...
✅ Local backup created: /home/lmnet/server/server/backups/backup-1767427202947.zip
✅ Backup uploaded: backup-1767427202947.zip
🗑️ Deleted oldest Google Drive backup: backup-1767340803133.zip
🧹 Removed local temporary backup file
✅ Backup process completed!
⏳ Creating backup...
✅ Local backup created: /home/lmnet/server/server/backups/backup-1767434402888.zip
✅ Backup uploaded: backup-1767434402888.zip
🗑️ Deleted oldest Google Drive backup: backup-1767348002427.zip
🧹 Removed local temporary backup file
✅ Backup process completed!
⏳ Creating backup...
✅ Local backup created: /home/lmnet/server/server/backups/backup-1767441604880.zip
✅ Backup uploaded: backup-1767441604880.zip
🗑️ Deleted oldest Google Drive backup: backup-1767355202392.zip
🧹 Removed local temporary backup file
✅ Backup process completed!
⏳ Creating backup...
✅ Local backup created: /home/lmnet/server/server/backups/backup-1767448804444.zip
✅ Backup uploaded: backup-1767448804444.zip
🗑️ Deleted oldest Google Drive backup: backup-1767362403812.zip
🧹 Removed local temporary backup file
✅ Backup process completed!
⏳ Creating backup...
✅ Local backup created: /home/lmnet/server/server/backups/backup-1767456003085.zip
✅ Backup uploaded: backup-1767456003085.zip
🗑️ Deleted oldest Google Drive backup: backup-1767369602928.zip
🧹 Removed local temporary backup file
✅ Backup process completed!
⏳ Creating backup...
✅ Local backup created: /home/lmnet/server/server/backups/backup-1767463202526.zip
✅ Backup uploaded: backup-1767463202526.zip
🗑️ Deleted oldest Google Drive backup: backup-1767376804035.zip
🧹 Removed local temporary backup file
✅ Backup process completed!
⏳ Creating backup...
✅ Local backup created: /home/lmnet/server/server/backups/backup-1767470402878.zip
✅ Backup uploaded: backup-1767470402878.zip
🗑️ Deleted oldest Google Drive backup: backup-1767384002891.zip
🧹 Removed local temporary backup file
✅ Backup process completed!
⏳ Creating backup...
✅ Local backup created: /home/lmnet/server/server/backups/backup-1767477602274.zip
✅ Backup uploaded: backup-1767477602274.zip
🗑️ Deleted oldest Google Drive backup: backup-1767391202113.zip
🧹 Removed local temporary backup file
✅ Backup process completed!
⏳ Creating backup...
✅ Local backup created: /home/lmnet/server/server/backups/backup-1767484803474.zip
✅ Backup uploaded: backup-1767484803474.zip
🗑️ Deleted oldest Google Drive backup: backup-1767398403071.zip
🧹 Removed local temporary backup file
✅ Backup process completed!
⏳ Creating backup...
✅ Local backup created: /home/lmnet/server/server/backups/backup-1767492002776.zip
✅ Backup uploaded: backup-1767492002776.zip
🗑️ Deleted oldest Google Drive backup: backup-1767405602828.zip
🧹 Removed local temporary backup file
✅ Backup process completed!
⏳ Creating backup...
✅ Local backup created: /home/lmnet/server/server/backups/backup-1767499202294.zip
✅ Backup uploaded: backup-1767499202294.zip
🗑️ Deleted oldest Google Drive backup: backup-1767412803234.zip
🧹 Removed local temporary backup file
✅ Backup process completed!
⏳ Creating backup...
✅ Local backup created: /home/lmnet/server/server/backups/backup-1767506402718.zip
✅ Backup uploaded: backup-1767506402718.zip
🗑️ Deleted oldest Google Drive backup: backup-1767420002326.zip
🧹 Removed local temporary backup file
✅ Backup process completed!
⏳ Creating backup...
✅ Local backup created: /home/lmnet/server/server/backups/backup-1767513602795.zip
✅ Backup uploaded: backup-1767513602795.zip
🗑️ Deleted oldest Google Drive backup: backup-1767427202947.zip
🧹 Removed local temporary backup file
✅ Backup process completed!
⏳ Creating backup...
✅ Local backup created: /home/lmnet/server/server/backups/backup-1767520803197.zip
✅ Backup uploaded: backup-1767520803197.zip
🗑️ Deleted oldest Google Drive backup: backup-1767434402888.zip
🧹 Removed local temporary backup file
✅ Backup process completed!
⏳ Creating backup...
✅ Local backup created: /home/lmnet/server/server/backups/backup-1767528002996.zip
✅ Backup uploaded: backup-1767528002996.zip
🗑️ Deleted oldest Google Drive backup: backup-1767441604880.zip
🧹 Removed local temporary backup file
✅ Backup process completed!
⏳ Creating backup...
✅ Local backup created: /home/lmnet/server/server/backups/backup-1767535202793.zip
✅ Backup uploaded: backup-1767535202793.zip
🗑️ Deleted oldest Google Drive backup: backup-1767448804444.zip
🧹 Removed local temporary backup file
✅ Backup process completed!
⏳ Creating backup...
✅ Local backup created: /home/lmnet/server/server/backups/backup-1767542402171.zip
✅ Backup uploaded: backup-1767542402171.zip
🗑️ Deleted oldest Google Drive backup: backup-1767456003085.zip
🧹 Removed local temporary backup file
✅ Backup process completed!
⏳ Creating backup...
✅ Local backup created: /home/lmnet/server/server/backups/backup-1767549602898.zip
✅ Backup uploaded: backup-1767549602898.zip
🗑️ Deleted oldest Google Drive backup: backup-1767463202526.zip
🧹 Removed local temporary backup file
✅ Backup process completed!
⏳ Creating backup...
✅ Local backup created: /home/lmnet/server/server/backups/backup-1767556802808.zip
✅ Backup uploaded: backup-1767556802808.zip
🗑️ Deleted oldest Google Drive backup: backup-1767470402878.zip
🧹 Removed local temporary backup file
✅ Backup process completed!
⏳ Creating backup...
✅ Local backup created: /home/lmnet/server/server/backups/backup-1767564002583.zip
✅ Backup uploaded: backup-1767564002583.zip
🗑️ Deleted oldest Google Drive backup: backup-1767477602274.zip
🧹 Removed local temporary backup file
✅ Backup process completed!
⏳ Creating backup...
✅ Local backup created: /home/lmnet/server/server/backups/backup-1767571202550.zip
✅ Backup uploaded: backup-1767571202550.zip
🗑️ Deleted oldest Google Drive backup: backup-1767484803474.zip
🧹 Removed local temporary backup file
✅ Backup process completed!
⏳ Creating backup...
✅ Local backup created: /home/lmnet/server/server/backups/backup-1767578402481.zip
✅ Backup uploaded: backup-1767578402481.zip
🗑️ Deleted oldest Google Drive backup: backup-1767492002776.zip
🧹 Removed local temporary backup file
✅ Backup process completed!
⏳ Creating backup...
✅ Local backup created: /home/lmnet/server/server/backups/backup-1767585602571.zip
✅ Backup uploaded: backup-1767585602571.zip
🗑️ Deleted oldest Google Drive backup: backup-1767499202294.zip
🧹 Removed local temporary backup file
✅ Backup process completed!
⏳ Creating backup...
✅ Local backup created: /home/lmnet/server/server/backups/backup-1767592802668.zip
✅ Backup uploaded: backup-1767592802668.zip
🗑️ Deleted oldest Google Drive backup: backup-1767506402718.zip
🧹 Removed local temporary backup file
✅ Backup process completed!
⏳ Creating backup...
✅ Local backup created: /home/lmnet/server/server/backups/backup-1767600002515.zip
✅ Backup uploaded: backup-1767600002515.zip
🗑️ Deleted oldest Google Drive backup: backup-1767513602795.zip
🧹 Removed local temporary backup file
✅ Backup process completed!
⏳ Creating backup...
✅ Local backup created: /home/lmnet/server/server/backups/backup-1767607202322.zip
✅ Backup uploaded: backup-1767607202322.zip
🗑️ Deleted oldest Google Drive backup: backup-1767520803197.zip
🧹 Removed local temporary backup file
✅ Backup process completed!
⏳ Creating backup...
✅ Local backup created: /home/lmnet/server/server/backups/backup-1767614403118.zip
✅ Backup uploaded: backup-1767614403118.zip
🗑️ Deleted oldest Google Drive backup: backup-1767528002996.zip
🧹 Removed local temporary backup file
✅ Backup process completed!
⏳ Creating backup...
✅ Local backup created: /home/lmnet/server/server/backups/backup-1767621602411.zip
✅ Backup uploaded: backup-1767621602411.zip
🗑️ Deleted oldest Google Drive backup: backup-1767535202793.zip
🧹 Removed local temporary backup file
✅ Backup process completed!
⏳ Creating backup...
✅ Local backup created: /home/lmnet/server/server/backups/backup-1767628802882.zip
✅ Backup uploaded: backup-1767628802882.zip
🗑️ Deleted oldest Google Drive backup: backup-1767542402171.zip
🧹 Removed local temporary backup file
✅ Backup process completed!
⏳ Creating backup...
✅ Local backup created: /home/lmnet/server/server/backups/backup-1767636002852.zip
✅ Backup uploaded: backup-1767636002852.zip
🗑️ Deleted oldest Google Drive backup: backup-1767549602898.zip
🧹 Removed local temporary backup file
✅ Backup process completed!
⏳ Creating backup...
✅ Local backup created: /home/lmnet/server/server/backups/backup-1767643202692.zip
✅ Backup uploaded: backup-1767643202692.zip
🗑️ Deleted oldest Google Drive backup: backup-1767556802808.zip
🧹 Removed local temporary backup file
✅ Backup process completed!
⏳ Creating backup...
✅ Local backup created: /home/lmnet/server/server/backups/backup-1767650403039.zip
✅ Backup uploaded: backup-1767650403039.zip
🗑️ Deleted oldest Google Drive backup: backup-1767564002583.zip
🧹 Removed local temporary backup file
✅ Backup process completed!
⏳ Creating backup...
✅ Local backup created: /home/lmnet/server/server/backups/backup-1767657602422.zip
✅ Backup uploaded: backup-1767657602422.zip
🗑️ Deleted oldest Google Drive backup: backup-1767571202550.zip
🧹 Removed local temporary backup file
✅ Backup process completed!
⏳ Creating backup...
✅ Local backup created: /home/lmnet/server/server/backups/backup-1767664802319.zip
✅ Backup uploaded: backup-1767664802319.zip
🗑️ Deleted oldest Google Drive backup: backup-1767578402481.zip
🧹 Removed local temporary backup file
✅ Backup process completed!
⏳ Creating backup...
✅ Local backup created: /home/lmnet/server/server/backups/backup-1767672002763.zip
✅ Backup uploaded: backup-1767672002763.zip
🗑️ Deleted oldest Google Drive backup: backup-1767585602571.zip
🧹 Removed local temporary backup file
✅ Backup process completed!
⏳ Creating backup...
✅ Local backup created: /home/lmnet/server/server/backups/backup-1767679202650.zip
✅ Backup uploaded: backup-1767679202650.zip
🗑️ Deleted oldest Google Drive backup: backup-1767592802668.zip
🧹 Removed local temporary backup file
✅ Backup process completed!
⏳ Creating backup...
✅ Local backup created: /home/lmnet/server/server/backups/backup-1767686402597.zip
✅ Backup uploaded: backup-1767686402597.zip
🗑️ Deleted oldest Google Drive backup: backup-1767600002515.zip
🧹 Removed local temporary backup file
✅ Backup process completed!
⏳ Creating backup...
✅ Local backup created: /home/lmnet/server/server/backups/backup-1767693602599.zip
✅ Backup uploaded: backup-1767693602599.zip
🗑️ Deleted oldest Google Drive backup: backup-1767607202322.zip
🧹 Removed local temporary backup file
✅ Backup process completed!
⏳ Creating backup...
✅ Local backup created: /home/lmnet/server/server/backups/backup-1767700802564.zip
✅ Backup uploaded: backup-1767700802564.zip
🗑️ Deleted oldest Google Drive backup: backup-1767614403118.zip
🧹 Removed local temporary backup file
✅ Backup process completed!
⏳ Creating backup...
✅ Local backup created: /home/lmnet/server/server/backups/backup-1767708002508.zip
✅ Backup uploaded: backup-1767708002508.zip
🗑️ Deleted oldest Google Drive backup: backup-1767621602411.zip
🧹 Removed local temporary backup file
✅ Backup process completed!
⏳ Creating backup...
✅ Local backup created: /home/lmnet/server/server/backups/backup-1767715202940.zip
✅ Backup uploaded: backup-1767715202940.zip
🗑️ Deleted oldest Google Drive backup: backup-1767628802882.zip
🧹 Removed local temporary backup file
✅ Backup process completed!
⏳ Creating backup...
✅ Local backup created: /home/lmnet/server/server/backups/backup-1767722402237.zip
✅ Backup uploaded: backup-1767722402237.zip
🗑️ Deleted oldest Google Drive backup: backup-1767636002852.zip
🧹 Removed local temporary backup file
✅ Backup process completed!
⏳ Creating backup...
✅ Local backup created: /home/lmnet/server/server/backups/backup-1767729602753.zip
✅ Backup uploaded: backup-1767729602753.zip
🗑️ Deleted oldest Google Drive backup: backup-1767643202692.zip
🧹 Removed local temporary backup file
✅ Backup process completed!
⏳ Creating backup...
✅ Local backup created: /home/lmnet/server/server/backups/backup-1767736802198.zip
✅ Backup uploaded: backup-1767736802198.zip
🗑️ Deleted oldest Google Drive backup: backup-1767650403039.zip
🧹 Removed local temporary backup file
✅ Backup process completed!
⏳ Creating backup...
✅ Local backup created: /home/lmnet/server/server/backups/backup-1767744003367.zip
✅ Backup uploaded: backup-1767744003367.zip
🗑️ Deleted oldest Google Drive backup: backup-1767657602422.zip
🧹 Removed local temporary backup file
✅ Backup process completed!
⏳ Creating backup...
✅ Local backup created: /home/lmnet/server/server/backups/backup-1767751202264.zip
✅ Backup uploaded: backup-1767751202264.zip
🗑️ Deleted oldest Google Drive backup: backup-1767664802319.zip
🧹 Removed local temporary backup file
✅ Backup process completed!
⏳ Creating backup...
✅ Local backup created: /home/lmnet/server/server/backups/backup-1767758402701.zip
✅ Backup uploaded: backup-1767758402701.zip
🗑️ Deleted oldest Google Drive backup: backup-1767672002763.zip
🧹 Removed local temporary backup file
✅ Backup process completed!
⏳ Creating backup...
✅ Local backup created: /home/lmnet/server/server/backups/backup-1767765603034.zip
✅ Backup uploaded: backup-1767765603034.zip
🗑️ Deleted oldest Google Drive backup: backup-1767679202650.zip
🧹 Removed local temporary backup file
✅ Backup process completed!
⏳ Creating backup...
✅ Local backup created: /home/lmnet/server/server/backups/backup-1767772803118.zip
✅ Backup uploaded: backup-1767772803118.zip
🗑️ Deleted oldest Google Drive backup: backup-1767686402597.zip
🧹 Removed local temporary backup file
✅ Backup process completed!
⏳ Creating backup...
✅ Local backup created: /home/lmnet/server/server/backups/backup-1767780002533.zip
✅ Backup uploaded: backup-1767780002533.zip
🗑️ Deleted oldest Google Drive backup: backup-1767693602599.zip
🧹 Removed local temporary backup file
✅ Backup process completed!
⏳ Creating backup...
✅ Local backup created: /home/lmnet/server/server/backups/backup-1767787203132.zip
✅ Backup uploaded: backup-1767787203132.zip
🗑️ Deleted oldest Google Drive backup: backup-1767700802564.zip
🧹 Removed local temporary backup file
✅ Backup process completed!
⏳ Creating backup...
✅ Local backup created: /home/lmnet/server/server/backups/backup-1767794403079.zip
✅ Backup uploaded: backup-1767794403079.zip
🗑️ Deleted oldest Google Drive backup: backup-1767708002508.zip
🧹 Removed local temporary backup file
✅ Backup process completed!
⏳ Creating backup...
✅ Local backup created: /home/lmnet/server/server/backups/backup-1767801603570.zip
✅ Backup uploaded: backup-1767801603570.zip
🗑️ Deleted oldest Google Drive backup: backup-1767715202940.zip
🧹 Removed local temporary backup file
✅ Backup process completed!
⏳ Creating backup...
✅ Local backup created: /home/lmnet/server/server/backups/backup-1767808803034.zip
✅ Backup uploaded: backup-1767808803034.zip
🗑️ Deleted oldest Google Drive backup: backup-1767722402237.zip
🧹 Removed local temporary backup file
✅ Backup process completed!
⏳ Creating backup...
✅ Local backup created: /home/lmnet/server/server/backups/backup-1767816002498.zip
✅ Backup uploaded: backup-1767816002498.zip
🗑️ Deleted oldest Google Drive backup: backup-1767729602753.zip
🧹 Removed local temporary backup file
✅ Backup process completed!
⏳ Creating backup...
✅ Local backup created: /home/lmnet/server/server/backups/backup-1767823202447.zip
✅ Backup uploaded: backup-1767823202447.zip
🗑️ Deleted oldest Google Drive backup: backup-1767736802198.zip
🧹 Removed local temporary backup file
✅ Backup process completed!
⏳ Creating backup...
✅ Local backup created: /home/lmnet/server/server/backups/backup-1767830402391.zip
✅ Backup uploaded: backup-1767830402391.zip
🗑️ Deleted oldest Google Drive backup: backup-1767744003367.zip
🧹 Removed local temporary backup file
✅ Backup process completed!
⏳ Creating backup...
✅ Local backup created: /home/lmnet/server/server/backups/backup-1767837602549.zip
✅ Backup uploaded: backup-1767837602549.zip
🗑️ Deleted oldest Google Drive backup: backup-1767751202264.zip
🧹 Removed local temporary backup file
✅ Backup process completed!
⏳ Creating backup...
✅ Local backup created: /home/lmnet/server/server/backups/backup-1767844802680.zip
✅ Backup uploaded: backup-1767844802680.zip
🗑️ Deleted oldest Google Drive backup: backup-1767758402701.zip
🧹 Removed local temporary backup file
✅ Backup process completed!
⏳ Creating backup...
✅ Local backup created: /home/lmnet/server/server/backups/backup-1767852002864.zip
✅ Backup uploaded: backup-1767852002864.zip
🗑️ Deleted oldest Google Drive backup: backup-1767765603034.zip
🧹 Removed local temporary backup file
✅ Backup process completed!
⏳ Creating backup...
✅ Local backup created: /home/lmnet/server/server/backups/backup-1767859203199.zip
✅ Backup uploaded: backup-1767859203199.zip
🗑️ Deleted oldest Google Drive backup: backup-1767772803118.zip
🧹 Removed local temporary backup file
✅ Backup process completed!
⏳ Creating backup...
⏳ Creating backup...
⏳ Creating backup...
✅ Local backup created: /home/lmnet/server/server/backups/backup-1767880802929.zip
✅ Backup uploaded: backup-1767880802929.zip
🗑️ Deleted oldest Google Drive backup: backup-1767780002533.zip
🧹 Removed local temporary backup file
✅ Backup process completed!
⏳ Creating backup...
✅ Local backup created: /home/lmnet/server/server/backups/backup-1767888002411.zip
✅ Backup uploaded: backup-1767888002411.zip
🗑️ Deleted oldest Google Drive backup: backup-1767787203132.zip
🧹 Removed local temporary backup file
✅ Backup process completed!
⏳ Creating backup...
⏳ Creating backup...
✅ Local backup created: /home/lmnet/server/server/backups/backup-1767902402152.zip
✅ Backup uploaded: backup-1767902402152.zip
🗑️ Deleted oldest Google Drive backup: backup-1767794403079.zip
🧹 Removed local temporary backup file
✅ Backup process completed!
⏳ Creating backup...
✅ Local backup created: /home/lmnet/server/server/backups/backup-1767909602246.zip
✅ Backup uploaded: backup-1767909602246.zip
🗑️ Deleted oldest Google Drive backup: backup-1767801603570.zip
🧹 Removed local temporary backup file
✅ Backup process completed!
⏳ Creating backup...
✅ Local backup created: /home/lmnet/server/server/backups/backup-1767916802924.zip
✅ Backup uploaded: backup-1767916802924.zip
🗑️ Deleted oldest Google Drive backup: backup-1767808803034.zip
🧹 Removed local temporary backup file
✅ Backup process completed!
⏳ Creating backup...
✅ Local backup created: /home/lmnet/server/server/backups/backup-1767924002213.zip
✅ Backup uploaded: backup-1767924002213.zip
🗑️ Deleted oldest Google Drive backup: backup-1767816002498.zip
🧹 Removed local temporary backup file
✅ Backup process completed!
⏳ Creating backup...
✅ Local backup created: /home/lmnet/server/server/backups/backup-1767931202356.zip
✅ Backup uploaded: backup-1767931202356.zip
🗑️ Deleted oldest Google Drive backup: backup-1767823202447.zip
🧹 Removed local temporary backup file
✅ Backup process completed!
⏳ Creating backup...
⏳ Creating backup...
✅ Local backup created: /home/lmnet/server/server/backups/backup-1767945603113.zip
✅ Backup uploaded: backup-1767945603113.zip
🗑️ Deleted oldest Google Drive backup: backup-1767830402391.zip
🧹 Removed local temporary backup file
✅ Backup process completed!
⏳ Creating backup...
✅ Local backup created: /home/lmnet/server/server/backups/backup-1767952802855.zip
✅ Backup uploaded: backup-1767952802855.zip
🗑️ Deleted oldest Google Drive backup: backup-1767837602549.zip
🧹 Removed local temporary backup file
✅ Backup process completed!
⏳ Creating backup...
✅ Local backup created: /home/lmnet/server/server/backups/backup-1767960003063.zip
✅ Backup uploaded: backup-1767960003063.zip
🗑️ Deleted oldest Google Drive backup: backup-1767844802680.zip
🧹 Removed local temporary backup file
✅ Backup process completed!
⏳ Creating backup...
✅ Local backup created: /home/lmnet/server/server/backups/backup-1767967202644.zip
✅ Backup uploaded: backup-1767967202644.zip
🗑️ Deleted oldest Google Drive backup: backup-1767852002864.zip
🧹 Removed local temporary backup file
✅ Backup process completed!
⏳ Creating backup...
✅ Local backup created: /home/lmnet/server/server/backups/backup-1767974403119.zip
✅ Backup uploaded: backup-1767974403119.zip
🗑️ Deleted oldest Google Drive backup: backup-1767859203199.zip
🧹 Removed local temporary backup file
✅ Backup process completed!
⏳ Creating backup...
✅ Local backup created: /home/lmnet/server/server/backups/backup-1767981602762.zip
✅ Backup uploaded: backup-1767981602762.zip
🗑️ Deleted oldest Google Drive backup: backup-1767880802929.zip
🧹 Removed local temporary backup file
✅ Backup process completed!
⏳ Creating backup...
✅ Local backup created: /home/lmnet/server/server/backups/backup-1767988802248.zip
✅ Backup uploaded: backup-1767988802248.zip
🗑️ Deleted oldest Google Drive backup: backup-1767888002411.zip
🧹 Removed local temporary backup file
✅ Backup process completed!
⏳ Creating backup...
✅ Local backup created: /home/lmnet/server/server/backups/backup-1767996002986.zip
✅ Backup uploaded: backup-1767996002986.zip
🗑️ Deleted oldest Google Drive backup: backup-1767902402152.zip
🧹 Removed local temporary backup file
✅ Backup process completed!
⏳ Creating backup...
✅ Local backup created: /home/lmnet/server/server/backups/backup-1768003202768.zip
✅ Backup uploaded: backup-1768003202768.zip
🗑️ Deleted oldest Google Drive backup: backup-1767909602246.zip
🧹 Removed local temporary backup file
✅ Backup process completed!
⏳ Creating backup...
✅ Local backup created: /home/lmnet/server/server/backups/backup-1768010402216.zip
✅ Backup uploaded: backup-1768010402216.zip
🗑️ Deleted oldest Google Drive backup: backup-1767916802924.zip
🧹 Removed local temporary backup file
✅ Backup process completed!
⏳ Creating backup...
✅ Local backup created: /home/lmnet/server/server/backups/backup-1768017602435.zip
✅ Backup uploaded: backup-1768017602435.zip
🗑️ Deleted oldest Google Drive backup: backup-1767924002213.zip
🧹 Removed local temporary backup file
✅ Backup process completed!
⏳ Creating backup...
✅ Local backup created: /home/lmnet/server/server/backups/backup-1768024802409.zip
✅ Backup uploaded: backup-1768024802409.zip
🗑️ Deleted oldest Google Drive backup: backup-1767931202356.zip
🧹 Removed local temporary backup file
✅ Backup process completed!
⏳ Creating backup...
✅ Local backup created: /home/lmnet/server/server/backups/backup-1768032002982.zip
✅ Backup uploaded: backup-1768032002982.zip
🗑️ Deleted oldest Google Drive backup: backup-1767945603113.zip
🧹 Removed local temporary backup file
✅ Backup process completed!
⏳ Creating backup...
✅ Local backup created: /home/lmnet/server/server/backups/backup-1768039202600.zip
✅ Backup uploaded: backup-1768039202600.zip
🗑️ Deleted oldest Google Drive backup: backup-1767952802855.zip
🧹 Removed local temporary backup file
✅ Backup process completed!
⏳ Creating backup...
✅ Local backup created: /home/lmnet/server/server/backups/backup-1768046402342.zip
✅ Backup uploaded: backup-1768046402342.zip
🗑️ Deleted oldest Google Drive backup: backup-1767960003063.zip
🧹 Removed local temporary backup file
✅ Backup process completed!
⏳ Creating backup...
✅ Local backup created: /home/lmnet/server/server/backups/backup-1768053602684.zip
✅ Backup uploaded: backup-1768053602684.zip
🗑️ Deleted oldest Google Drive backup: backup-1767967202644.zip
🧹 Removed local temporary backup file
✅ Backup process completed!
⏳ Creating backup...
✅ Local backup created: /home/lmnet/server/server/backups/backup-1768060802561.zip
✅ Backup uploaded: backup-1768060802561.zip
🗑️ Deleted oldest Google Drive backup: backup-1767974403119.zip
🧹 Removed local temporary backup file
✅ Backup process completed!
⏳ Creating backup...
✅ Local backup created: /home/lmnet/server/server/backups/backup-1768068002361.zip
✅ Backup uploaded: backup-1768068002361.zip
🗑️ Deleted oldest Google Drive backup: backup-1767981602762.zip
🧹 Removed local temporary backup file
✅ Backup process completed!
⏳ Creating backup...
✅ Local backup created: /home/lmnet/server/server/backups/backup-1768075202687.zip
✅ Backup uploaded: backup-1768075202687.zip
🗑️ Deleted oldest Google Drive backup: backup-1767988802248.zip
🧹 Removed local temporary backup file
✅ Backup process completed!
⏳ Creating backup...
✅ Local backup created: /home/lmnet/server/server/backups/backup-1768082402170.zip
✅ Backup uploaded: backup-1768082402170.zip
🗑️ Deleted oldest Google Drive backup: backup-1767996002986.zip
🧹 Removed local temporary backup file
✅ Backup process completed!
⏳ Creating backup...
✅ Local backup created: /home/lmnet/server/server/backups/backup-1768089603254.zip
✅ Backup uploaded: backup-1768089603254.zip
🗑️ Deleted oldest Google Drive backup: backup-1768003202768.zip
🧹 Removed local temporary backup file
✅ Backup process completed!
⏳ Creating backup...
✅ Local backup created: /home/lmnet/server/server/backups/backup-1768096802386.zip
✅ Backup uploaded: backup-1768096802386.zip
🗑️ Deleted oldest Google Drive backup: backup-1768010402216.zip
🧹 Removed local temporary backup file
✅ Backup process completed!
⏳ Creating backup...
✅ Local backup created: /home/lmnet/server/server/backups/backup-1768104002890.zip
✅ Backup uploaded: backup-1768104002890.zip
🗑️ Deleted oldest Google Drive backup: backup-1768017602435.zip
🧹 Removed local temporary backup file
✅ Backup process completed!
⏳ Creating backup...
⏳ Creating backup...
✅ Local backup created: /home/lmnet/server/server/backups/backup-1768118402961.zip
✅ Backup uploaded: backup-1768118402961.zip
🗑️ Deleted oldest Google Drive backup: backup-1768024802409.zip
🧹 Removed local temporary backup file
✅ Backup process completed!
⏳ Creating backup...
✅ Local backup created: /home/lmnet/server/server/backups/backup-1768125602572.zip
✅ Backup uploaded: backup-1768125602572.zip
🗑️ Deleted oldest Google Drive backup: backup-1768032002982.zip
🧹 Removed local temporary backup file
✅ Backup process completed!
⏳ Creating backup...
✅ Local backup created: /home/lmnet/server/server/backups/backup-1768132802878.zip
✅ Backup uploaded: backup-1768132802878.zip
🗑️ Deleted oldest Google Drive backup: backup-1768039202600.zip
🧹 Removed local temporary backup file
✅ Backup process completed!
⏳ Creating backup...
✅ Local backup created: /home/lmnet/server/server/backups/backup-1768140003270.zip
✅ Backup uploaded: backup-1768140003270.zip
🗑️ Deleted oldest Google Drive backup: backup-1768046402342.zip
🧹 Removed local temporary backup file
✅ Backup process completed!
⏳ Creating backup...
✅ Local backup created: /home/lmnet/server/server/backups/backup-1768147202225.zip
✅ Backup uploaded: backup-1768147202225.zip
🗑️ Deleted oldest Google Drive backup: backup-1768053602684.zip
🧹 Removed local temporary backup file
✅ Backup process completed!
⏳ Creating backup...
✅ Local backup created: /home/lmnet/server/server/backups/backup-1768154402849.zip
✅ Backup uploaded: backup-1768154402849.zip
🗑️ Deleted oldest Google Drive backup: backup-1768060802561.zip
🧹 Removed local temporary backup file
✅ Backup process completed!
⏳ Creating backup...
✅ Local backup created: /home/lmnet/server/server/backups/backup-1768161602613.zip
✅ Backup uploaded: backup-1768161602613.zip
🗑️ Deleted oldest Google Drive backup: backup-1768068002361.zip
🧹 Removed local temporary backup file
✅ Backup process completed!
⏳ Creating backup...
✅ Local backup created: /home/lmnet/server/server/backups/backup-1768168802191.zip
✅ Backup uploaded: backup-1768168802191.zip
🗑️ Deleted oldest Google Drive backup: backup-1768075202687.zip
🧹 Removed local temporary backup file
✅ Backup process completed!
⏳ Creating backup...
⏳ Creating backup...
✅ Local backup created: /home/lmnet/server/server/backups/backup-1768183202612.zip
✅ Backup uploaded: backup-1768183202612.zip
🗑️ Deleted oldest Google Drive backup: backup-1768082402170.zip
🧹 Removed local temporary backup file
✅ Backup process completed!
⏳ Creating backup...
✅ Local backup created: /home/lmnet/server/server/backups/backup-1768190402749.zip
✅ Backup uploaded: backup-1768190402749.zip
🗑️ Deleted oldest Google Drive backup: backup-1768089603254.zip
🧹 Removed local temporary backup file
✅ Backup process completed!
⏳ Creating backup...
✅ Local backup created: /home/lmnet/server/server/backups/backup-1768197602775.zip
✅ Backup uploaded: backup-1768197602775.zip
🗑️ Deleted oldest Google Drive backup: backup-1768096802386.zip
🧹 Removed local temporary backup file
✅ Backup process completed!
⏳ Creating backup...
✅ Local backup created: /home/lmnet/server/server/backups/backup-1768204803224.zip
✅ Backup uploaded: backup-1768204803224.zip
🗑️ Deleted oldest Google Drive backup: backup-1768104002890.zip
🧹 Removed local temporary backup file
✅ Backup process completed!
⏳ Creating backup...
✅ Local backup created: /home/lmnet/server/server/backups/backup-1768212002975.zip
✅ Backup uploaded: backup-1768212002975.zip
🗑️ Deleted oldest Google Drive backup: backup-1768118402961.zip
🧹 Removed local temporary backup file
✅ Backup process completed!
⏳ Creating backup...
✅ Local backup created: /home/lmnet/server/server/backups/backup-1768219202664.zip
✅ Backup uploaded: backup-1768219202664.zip
🗑️ Deleted oldest Google Drive backup: backup-1768125602572.zip
🧹 Removed local temporary backup file
✅ Backup process completed!
⏳ Creating backup...
✅ Local backup created: /home/lmnet/server/server/backups/backup-1768226403417.zip
✅ Backup uploaded: backup-1768226403417.zip
🗑️ Deleted oldest Google Drive backup: backup-1768132802878.zip
🧹 Removed local temporary backup file
✅ Backup process completed!
⏳ Creating backup...
✅ Local backup created: /home/lmnet/server/server/backups/backup-1768233602880.zip
✅ Backup uploaded: backup-1768233602880.zip
🗑️ Deleted oldest Google Drive backup: backup-1768140003270.zip
🧹 Removed local temporary backup file
✅ Backup process completed!
⏳ Creating backup...
⏳ Creating backup...
⏳ Creating backup...
✅ Local backup created: /home/lmnet/server/server/backups/backup-1768255203030.zip
✅ Backup uploaded: backup-1768255203030.zip
🗑️ Deleted oldest Google Drive backup: backup-1768147202225.zip
🧹 Removed local temporary backup file
✅ Backup process completed!
⏳ Creating backup...
✅ Local backup created: /home/lmnet/server/server/backups/backup-1768262402739.zip
✅ Backup uploaded: backup-1768262402739.zip
🗑️ Deleted oldest Google Drive backup: backup-1768154402849.zip
🧹 Removed local temporary backup file
✅ Backup process completed!
⏳ Creating backup...
✅ Local backup created: /home/lmnet/server/server/backups/backup-1768269602357.zip
✅ Backup uploaded: backup-1768269602357.zip
🗑️ Deleted oldest Google Drive backup: backup-1768161602613.zip
🧹 Removed local temporary backup file
✅ Backup process completed!
⏳ Creating backup...
✅ Local backup created: /home/lmnet/server/server/backups/backup-1768276802442.zip
✅ Backup uploaded: backup-1768276802442.zip
🗑️ Deleted oldest Google Drive backup: backup-1768168802191.zip
🧹 Removed local temporary backup file
✅ Backup process completed!
⏳ Creating backup...
✅ Local backup created: /home/lmnet/server/server/backups/backup-1768284003127.zip
✅ Backup uploaded: backup-1768284003127.zip
🗑️ Deleted oldest Google Drive backup: backup-1768183202612.zip
🧹 Removed local temporary backup file
✅ Backup process completed!
⏳ Creating backup...
✅ Local backup created: /home/lmnet/server/server/backups/backup-1768291202607.zip
✅ Backup uploaded: backup-1768291202607.zip
🗑️ Deleted oldest Google Drive backup: backup-1768190402749.zip
🧹 Removed local temporary backup file
✅ Backup process completed!
⏳ Creating backup...
✅ Local backup created: /home/lmnet/server/server/backups/backup-1768298402996.zip
✅ Backup uploaded: backup-1768298402996.zip
🗑️ Deleted oldest Google Drive backup: backup-1768197602775.zip
🧹 Removed local temporary backup file
✅ Backup process completed!
⏳ Creating backup...
✅ Local backup created: /home/lmnet/server/server/backups/backup-1768305602849.zip
✅ Backup uploaded: backup-1768305602849.zip
🗑️ Deleted oldest Google Drive backup: backup-1768204803224.zip
🧹 Removed local temporary backup file
✅ Backup process completed!
⏳ Creating backup...
✅ Local backup created: /home/lmnet/server/server/backups/backup-1768312802549.zip
✅ Backup uploaded: backup-1768312802549.zip
🗑️ Deleted oldest Google Drive backup: backup-1768212002975.zip
🧹 Removed local temporary backup file
✅ Backup process completed!
⏳ Creating backup...
✅ Local backup created: /home/lmnet/server/server/backups/backup-1768320002258.zip
✅ Backup uploaded: backup-1768320002258.zip
🗑️ Deleted oldest Google Drive backup: backup-1768219202664.zip
🧹 Removed local temporary backup file
✅ Backup process completed!
⏳ Creating backup...
✅ Local backup created: /home/lmnet/server/server/backups/backup-1768327202715.zip
✅ Backup uploaded: backup-1768327202715.zip
🗑️ Deleted oldest Google Drive backup: backup-1768226403417.zip
🧹 Removed local temporary backup file
✅ Backup process completed!
⏳ Creating backup...
✅ Local backup created: /home/lmnet/server/server/backups/backup-1768334402324.zip
✅ Backup uploaded: backup-1768334402324.zip
🗑️ Deleted oldest Google Drive backup: backup-1768233602880.zip
🧹 Removed local temporary backup file
✅ Backup process completed!
⏳ Creating backup...
✅ Local backup created: /home/lmnet/server/server/backups/backup-1768341602804.zip
✅ Backup uploaded: backup-1768341602804.zip
🗑️ Deleted oldest Google Drive backup: backup-1768255203030.zip
🧹 Removed local temporary backup file
✅ Backup process completed!
⏳ Creating backup...
✅ Local backup created: /home/lmnet/server/server/backups/backup-1768348803208.zip
✅ Backup uploaded: backup-1768348803208.zip
🗑️ Deleted oldest Google Drive backup: backup-1768262402739.zip
🧹 Removed local temporary backup file
✅ Backup process completed!
⏳ Creating backup...
✅ Local backup created: /home/lmnet/server/server/backups/backup-1768356002719.zip
✅ Backup uploaded: backup-1768356002719.zip
🗑️ Deleted oldest Google Drive backup: backup-1768269602357.zip
🧹 Removed local temporary backup file
✅ Backup process completed!
⏳ Creating backup...
✅ Local backup created: /home/lmnet/server/server/backups/backup-1768363202717.zip
✅ Backup uploaded: backup-1768363202717.zip
🗑️ Deleted oldest Google Drive backup: backup-1768276802442.zip
🧹 Removed local temporary backup file
✅ Backup process completed!
⏳ Creating backup...
✅ Local backup created: /home/lmnet/server/server/backups/backup-1768370402343.zip
✅ Backup uploaded: backup-1768370402343.zip
🗑️ Deleted oldest Google Drive backup: backup-1768284003127.zip
🧹 Removed local temporary backup file
✅ Backup process completed!
⏳ Creating backup...
✅ Local backup created: /home/lmnet/server/server/backups/backup-1768377602950.zip
✅ Backup uploaded: backup-1768377602950.zip
🗑️ Deleted oldest Google Drive backup: backup-1768291202607.zip
🧹 Removed local temporary backup file
✅ Backup process completed!
⏳ Creating backup...
⏳ Creating backup...
✅ Local backup created: /home/lmnet/server/server/backups/backup-1768392002810.zip
✅ Backup uploaded: backup-1768392002810.zip
🗑️ Deleted oldest Google Drive backup: backup-1768298402996.zip
🧹 Removed local temporary backup file
✅ Backup process completed!
⏳ Creating backup...
✅ Local backup created: /home/lmnet/server/server/backups/backup-1768399202924.zip
✅ Backup uploaded: backup-1768399202924.zip
🗑️ Deleted oldest Google Drive backup: backup-1768305602849.zip
🧹 Removed local temporary backup file
✅ Backup process completed!
⏳ Creating backup...
✅ Local backup created: /home/lmnet/server/server/backups/backup-1768406402796.zip
✅ Backup uploaded: backup-1768406402796.zip
🗑️ Deleted oldest Google Drive backup: backup-1768312802549.zip
🧹 Removed local temporary backup file
✅ Backup process completed!
⏳ Creating backup...
✅ Local backup created: /home/lmnet/server/server/backups/backup-1768413603180.zip
✅ Backup uploaded: backup-1768413603180.zip
🗑️ Deleted oldest Google Drive backup: backup-1768320002258.zip
🧹 Removed local temporary backup file
✅ Backup process completed!
⏳ Creating backup...
⏳ Creating backup...
✅ Local backup created: /home/lmnet/server/server/backups/backup-1768428002124.zip
✅ Backup uploaded: backup-1768428002124.zip
🗑️ Deleted oldest Google Drive backup: backup-1768327202715.zip
🧹 Removed local temporary backup file
✅ Backup process completed!
⏳ Creating backup...
✅ Local backup created: /home/lmnet/server/server/backups/backup-1768435202935.zip
✅ Backup uploaded: backup-1768435202935.zip
🗑️ Deleted oldest Google Drive backup: backup-1768334402324.zip
🧹 Removed local temporary backup file
✅ Backup process completed!
⏳ Creating backup...
✅ Local backup created: /home/lmnet/server/server/backups/backup-1768442403070.zip
✅ Backup uploaded: backup-1768442403070.zip
🗑️ Deleted oldest Google Drive backup: backup-1768341602804.zip
🧹 Removed local temporary backup file
✅ Backup process completed!
⏳ Creating backup...
✅ Local backup created: /home/lmnet/server/server/backups/backup-1768449603113.zip
✅ Backup uploaded: backup-1768449603113.zip
🗑️ Deleted oldest Google Drive backup: backup-1768348803208.zip
🧹 Removed local temporary backup file
✅ Backup process completed!
⏳ Creating backup...
✅ Local backup created: /home/lmnet/server/server/backups/backup-1768456802307.zip
✅ Backup uploaded: backup-1768456802307.zip
🗑️ Deleted oldest Google Drive backup: backup-1768356002719.zip
🧹 Removed local temporary backup file
✅ Backup process completed!
⏳ Creating backup...
✅ Local backup created: /home/lmnet/server/server/backups/backup-1768464002715.zip
✅ Backup uploaded: backup-1768464002715.zip
🗑️ Deleted oldest Google Drive backup: backup-1768363202717.zip
🧹 Removed local temporary backup file
✅ Backup process completed!
⏳ Creating backup...
✅ Local backup created: /home/lmnet/server/server/backups/backup-1768471202548.zip
✅ Backup uploaded: backup-1768471202548.zip
🗑️ Deleted oldest Google Drive backup: backup-1768370402343.zip
🧹 Removed local temporary backup file
✅ Backup process completed!
⏳ Creating backup...
⏳ Creating backup...
✅ Local backup created: /home/lmnet/server/server/backups/backup-1768485603044.zip
✅ Backup uploaded: backup-1768485603044.zip
🗑️ Deleted oldest Google Drive backup: backup-1768377602950.zip
🧹 Removed local temporary backup file
✅ Backup process completed!
⏳ Creating backup...
⏳ Creating backup...
✅ Local backup created: /home/lmnet/server/server/backups/backup-1768500002865.zip
✅ Backup uploaded: backup-1768500002865.zip
🗑️ Deleted oldest Google Drive backup: backup-1768392002810.zip
🧹 Removed local temporary backup file
✅ Backup process completed!
⏳ Creating backup...
✅ Local backup created: /home/lmnet/server/server/backups/backup-1768507202219.zip
✅ Backup uploaded: backup-1768507202219.zip
🗑️ Deleted oldest Google Drive backup: backup-1768399202924.zip
🧹 Removed local temporary backup file
✅ Backup process completed!
⏳ Creating backup...
✅ Local backup created: /home/lmnet/server/server/backups/backup-1768514403186.zip
✅ Backup uploaded: backup-1768514403186.zip
🗑️ Deleted oldest Google Drive backup: backup-1768406402796.zip
🧹 Removed local temporary backup file
✅ Backup process completed!
⏳ Creating backup...
✅ Local backup created: /home/lmnet/server/server/backups/backup-1768521603362.zip
✅ Backup uploaded: backup-1768521603362.zip
🗑️ Deleted oldest Google Drive backup: backup-1768413603180.zip
🧹 Removed local temporary backup file
✅ Backup process completed!
⏳ Creating backup...
✅ Local backup created: /home/lmnet/server/server/backups/backup-1768528802269.zip
✅ Backup uploaded: backup-1768528802269.zip
🗑️ Deleted oldest Google Drive backup: backup-1768428002124.zip
🧹 Removed local temporary backup file
✅ Backup process completed!
⏳ Creating backup...
✅ Local backup created: /home/lmnet/server/server/backups/backup-1768536003179.zip
✅ Backup uploaded: backup-1768536003179.zip
🗑️ Deleted oldest Google Drive backup: backup-1768435202935.zip
🧹 Removed local temporary backup file
✅ Backup process completed!
⏳ Creating backup...
✅ Local backup created: /home/lmnet/server/server/backups/backup-1768543202822.zip
✅ Backup uploaded: backup-1768543202822.zip
🗑️ Deleted oldest Google Drive backup: backup-1768442403070.zip
🧹 Removed local temporary backup file
✅ Backup process completed!
⏳ Creating backup...
✅ Local backup created: /home/lmnet/server/server/backups/backup-1768550403110.zip
✅ Backup uploaded: backup-1768550403110.zip
🗑️ Deleted oldest Google Drive backup: backup-1768449603113.zip
🧹 Removed local temporary backup file
✅ Backup process completed!
⏳ Creating backup...
✅ Local backup created: /home/lmnet/server/server/backups/backup-1768557602456.zip
✅ Backup uploaded: backup-1768557602456.zip
🗑️ Deleted oldest Google Drive backup: backup-1768456802307.zip
🧹 Removed local temporary backup file
✅ Backup process completed!
⏳ Creating backup...
✅ Local backup created: /home/lmnet/server/server/backups/backup-1768564802739.zip
✅ Backup uploaded: backup-1768564802739.zip
🗑️ Deleted oldest Google Drive backup: backup-1768464002715.zip
🧹 Removed local temporary backup file
✅ Backup process completed!
⏳ Creating backup...
✅ Local backup created: /home/lmnet/server/server/backups/backup-1768572002982.zip
✅ Backup uploaded: backup-1768572002982.zip
🗑️ Deleted oldest Google Drive backup: backup-1768471202548.zip
🧹 Removed local temporary backup file
✅ Backup process completed!
⏳ Creating backup...
✅ Local backup created: /home/lmnet/server/server/backups/backup-1768579202981.zip
✅ Backup uploaded: backup-1768579202981.zip
🗑️ Deleted oldest Google Drive backup: backup-1768485603044.zip
🧹 Removed local temporary backup file
✅ Backup process completed!
⏳ Creating backup...
✅ Local backup created: /home/lmnet/server/server/backups/backup-1768586403044.zip
✅ Backup uploaded: backup-1768586403044.zip
🗑️ Deleted oldest Google Drive backup: backup-1768500002865.zip
🧹 Removed local temporary backup file
✅ Backup process completed!
⏳ Creating backup...
✅ Local backup created: /home/lmnet/server/server/backups/backup-1768593603199.zip
✅ Backup uploaded: backup-1768593603199.zip
🗑️ Deleted oldest Google Drive backup: backup-1768507202219.zip
🧹 Removed local temporary backup file
✅ Backup process completed!
⏳ Creating backup...
✅ Local backup created: /home/lmnet/server/server/backups/backup-1768600802698.zip
✅ Backup uploaded: backup-1768600802698.zip
🗑️ Deleted oldest Google Drive backup: backup-1768514403186.zip
🧹 Removed local temporary backup file
✅ Backup process completed!
⏳ Creating backup...
✅ Local backup created: /home/lmnet/server/server/backups/backup-1768608002753.zip
✅ Backup uploaded: backup-1768608002753.zip
🗑️ Deleted oldest Google Drive backup: backup-1768521603362.zip
🧹 Removed local temporary backup file
✅ Backup process completed!
⏳ Creating backup...
✅ Local backup created: /home/lmnet/server/server/backups/backup-1768615202874.zip
✅ Backup uploaded: backup-1768615202874.zip
🗑️ Deleted oldest Google Drive backup: backup-1768528802269.zip
🧹 Removed local temporary backup file
✅ Backup process completed!
⏳ Creating backup...
⏳ Creating backup...
✅ Local backup created: /home/lmnet/server/server/backups/backup-1768629602211.zip
✅ Backup uploaded: backup-1768629602211.zip
🗑️ Deleted oldest Google Drive backup: backup-1768536003179.zip
🧹 Removed local temporary backup file
✅ Backup process completed!
⏳ Creating backup...
✅ Local backup created: /home/lmnet/server/server/backups/backup-1768636802600.zip
✅ Backup uploaded: backup-1768636802600.zip
🗑️ Deleted oldest Google Drive backup: backup-1768543202822.zip
🧹 Removed local temporary backup file
✅ Backup process completed!
⏳ Creating backup...
✅ Local backup created: /home/lmnet/server/server/backups/backup-1768644002701.zip
✅ Backup uploaded: backup-1768644002701.zip
🗑️ Deleted oldest Google Drive backup: backup-1768550403110.zip
🧹 Removed local temporary backup file
✅ Backup process completed!
⏳ Creating backup...
✅ Local backup created: /home/lmnet/server/server/backups/backup-1768651202606.zip
✅ Backup uploaded: backup-1768651202606.zip
🗑️ Deleted oldest Google Drive backup: backup-1768557602456.zip
🧹 Removed local temporary backup file
✅ Backup process completed!
⏳ Creating backup...
✅ Local backup created: /home/lmnet/server/server/backups/backup-1768658403079.zip
✅ Backup uploaded: backup-1768658403079.zip
🗑️ Deleted oldest Google Drive backup: backup-1768564802739.zip
🧹 Removed local temporary backup file
✅ Backup process completed!
⏳ Creating backup...
✅ Local backup created: /home/lmnet/server/server/backups/backup-1768665602664.zip
✅ Backup uploaded: backup-1768665602664.zip
🗑️ Deleted oldest Google Drive backup: backup-1768572002982.zip
🧹 Removed local temporary backup file
✅ Backup process completed!
⏳ Creating backup...
✅ Local backup created: /home/lmnet/server/server/backups/backup-1768672802482.zip
✅ Backup uploaded: backup-1768672802482.zip
🗑️ Deleted oldest Google Drive backup: backup-1768579202981.zip
🧹 Removed local temporary backup file
✅ Backup process completed!
⏳ Creating backup...
✅ Local backup created: /home/lmnet/server/server/backups/backup-1768680002935.zip
✅ Backup uploaded: backup-1768680002935.zip
🗑️ Deleted oldest Google Drive backup: backup-1768586403044.zip
🧹 Removed local temporary backup file
✅ Backup process completed!
⏳ Creating backup...
✅ Local backup created: /home/lmnet/server/server/backups/backup-1768687202657.zip
✅ Backup uploaded: backup-1768687202657.zip
🗑️ Deleted oldest Google Drive backup: backup-1768593603199.zip
🧹 Removed local temporary backup file
✅ Backup process completed!
⏳ Creating backup...
✅ Local backup created: /home/lmnet/server/server/backups/backup-1768694402732.zip
✅ Backup uploaded: backup-1768694402732.zip
🗑️ Deleted oldest Google Drive backup: backup-1768600802698.zip
🧹 Removed local temporary backup file
✅ Backup process completed!
⏳ Creating backup...
✅ Local backup created: /home/lmnet/server/server/backups/backup-1768701602718.zip
✅ Backup uploaded: backup-1768701602718.zip
🗑️ Deleted oldest Google Drive backup: backup-1768608002753.zip
🧹 Removed local temporary backup file
✅ Backup process completed!
⏳ Creating backup...
✅ Local backup created: /home/lmnet/server/server/backups/backup-1768708802707.zip
✅ Backup uploaded: backup-1768708802707.zip
🗑️ Deleted oldest Google Drive backup: backup-1768615202874.zip
🧹 Removed local temporary backup file
✅ Backup process completed!
⏳ Creating backup...
✅ Local backup created: /home/lmnet/server/server/backups/backup-1768716002467.zip
✅ Backup uploaded: backup-1768716002467.zip
🗑️ Deleted oldest Google Drive backup: backup-1768629602211.zip
🧹 Removed local temporary backup file
✅ Backup process completed!
⏳ Creating backup...
⏳ Creating backup...
✅ Local backup created: /home/lmnet/server/server/backups/backup-1768730402358.zip
✅ Backup uploaded: backup-1768730402358.zip
🗑️ Deleted oldest Google Drive backup: backup-1768636802600.zip
🧹 Removed local temporary backup file
✅ Backup process completed!
⏳ Creating backup...
✅ Local backup created: /home/lmnet/server/server/backups/backup-1768737602984.zip
✅ Backup uploaded: backup-1768737602984.zip
🗑️ Deleted oldest Google Drive backup: backup-1768644002701.zip
🧹 Removed local temporary backup file
✅ Backup process completed!
⏳ Creating backup...
✅ Local backup created: /home/lmnet/server/server/backups/backup-1768744802300.zip
✅ Backup uploaded: backup-1768744802300.zip
🗑️ Deleted oldest Google Drive backup: backup-1768651202606.zip
🧹 Removed local temporary backup file
✅ Backup process completed!
⏳ Creating backup...
✅ Local backup created: /home/lmnet/server/server/backups/backup-1768752002697.zip
✅ Backup uploaded: backup-1768752002697.zip
🗑️ Deleted oldest Google Drive backup: backup-1768658403079.zip
🧹 Removed local temporary backup file
✅ Backup process completed!
⏳ Creating backup...
✅ Local backup created: /home/lmnet/server/server/backups/backup-1768759202335.zip
✅ Backup uploaded: backup-1768759202335.zip
🗑️ Deleted oldest Google Drive backup: backup-1768665602664.zip
🧹 Removed local temporary backup file
✅ Backup process completed!
⏳ Creating backup...
✅ Local backup created: /home/lmnet/server/server/backups/backup-1768766402217.zip
✅ Backup uploaded: backup-1768766402217.zip
🗑️ Deleted oldest Google Drive backup: backup-1768672802482.zip
🧹 Removed local temporary backup file
✅ Backup process completed!
⏳ Creating backup...
✅ Local backup created: /home/lmnet/server/server/backups/backup-1768773602449.zip
✅ Backup uploaded: backup-1768773602449.zip
🗑️ Deleted oldest Google Drive backup: backup-1768680002935.zip
🧹 Removed local temporary backup file
✅ Backup process completed!
⏳ Creating backup...
✅ Local backup created: /home/lmnet/server/server/backups/backup-1768780802605.zip
✅ Backup uploaded: backup-1768780802605.zip
🗑️ Deleted oldest Google Drive backup: backup-1768687202657.zip
🧹 Removed local temporary backup file
✅ Backup process completed!
⏳ Creating backup...
✅ Local backup created: /home/lmnet/server/server/backups/backup-1768788002195.zip
✅ Backup uploaded: backup-1768788002195.zip
🗑️ Deleted oldest Google Drive backup: backup-1768694402732.zip
🧹 Removed local temporary backup file
✅ Backup process completed!
⏳ Creating backup...
✅ Local backup created: /home/lmnet/server/server/backups/backup-1768795202680.zip
✅ Backup uploaded: backup-1768795202680.zip
🗑️ Deleted oldest Google Drive backup: backup-1768701602718.zip
🧹 Removed local temporary backup file
✅ Backup process completed!
⏳ Creating backup...
✅ Local backup created: /home/lmnet/server/server/backups/backup-1768802402222.zip
✅ Backup uploaded: backup-1768802402222.zip
🗑️ Deleted oldest Google Drive backup: backup-1768708802707.zip
🧹 Removed local temporary backup file
✅ Backup process completed!
⏳ Creating backup...
✅ Local backup created: /home/lmnet/server/server/backups/backup-1768809602921.zip
✅ Backup uploaded: backup-1768809602921.zip
🗑️ Deleted oldest Google Drive backup: backup-1768716002467.zip
🧹 Removed local temporary backup file
✅ Backup process completed!
⏳ Creating backup...
✅ Local backup created: /home/lmnet/server/server/backups/backup-1768816802346.zip
✅ Backup uploaded: backup-1768816802346.zip
🗑️ Deleted oldest Google Drive backup: backup-1768730402358.zip
🧹 Removed local temporary backup file
✅ Backup process completed!
⏳ Creating backup...
✅ Local backup created: /home/lmnet/server/server/backups/backup-1768824002216.zip
✅ Backup uploaded: backup-1768824002216.zip
🗑️ Deleted oldest Google Drive backup: backup-1768737602984.zip
🧹 Removed local temporary backup file
✅ Backup process completed!
⏳ Creating backup...
⏳ Creating backup...
✅ Local backup created: /home/lmnet/server/server/backups/backup-1768838402730.zip
✅ Backup uploaded: backup-1768838402730.zip
🗑️ Deleted oldest Google Drive backup: backup-1768744802300.zip
🧹 Removed local temporary backup file
✅ Backup process completed!
⏳ Creating backup...
⏳ Creating backup...
✅ Local backup created: /home/lmnet/server/server/backups/backup-1768852802257.zip
✅ Backup uploaded: backup-1768852802257.zip
🗑️ Deleted oldest Google Drive backup: backup-1768752002697.zip
🧹 Removed local temporary backup file
✅ Backup process completed!
⏳ Creating backup...
✅ Local backup created: /home/lmnet/server/server/backups/backup-1768860003106.zip
✅ Backup uploaded: backup-1768860003106.zip
🗑️ Deleted oldest Google Drive backup: backup-1768759202335.zip
🧹 Removed local temporary backup file
✅ Backup process completed!
⏳ Creating backup...
✅ Local backup created: /home/lmnet/server/server/backups/backup-1768867202440.zip
✅ Backup uploaded: backup-1768867202440.zip
🗑️ Deleted oldest Google Drive backup: backup-1768766402217.zip
🧹 Removed local temporary backup file
✅ Backup process completed!
⏳ Creating backup...
✅ Local backup created: /home/lmnet/server/server/backups/backup-1768874402697.zip
✅ Backup uploaded: backup-1768874402697.zip
🗑️ Deleted oldest Google Drive backup: backup-1768773602449.zip
🧹 Removed local temporary backup file
✅ Backup process completed!
⏳ Creating backup...
✅ Local backup created: /home/lmnet/server/server/backups/backup-1768881602434.zip
✅ Backup uploaded: backup-1768881602434.zip
🗑️ Deleted oldest Google Drive backup: backup-1768780802605.zip
🧹 Removed local temporary backup file
✅ Backup process completed!
⏳ Creating backup...
✅ Local backup created: /home/lmnet/server/server/backups/backup-1768888802688.zip
✅ Backup uploaded: backup-1768888802688.zip
🗑️ Deleted oldest Google Drive backup: backup-1768788002195.zip
🧹 Removed local temporary backup file
✅ Backup process completed!
⏳ Creating backup...
✅ Local backup created: /home/lmnet/server/server/backups/backup-1768896003235.zip
✅ Backup uploaded: backup-1768896003235.zip
🗑️ Deleted oldest Google Drive backup: backup-1768795202680.zip
🧹 Removed local temporary backup file
✅ Backup process completed!
⏳ Creating backup...
✅ Local backup created: /home/lmnet/server/server/backups/backup-1768903202911.zip
✅ Backup uploaded: backup-1768903202911.zip
🗑️ Deleted oldest Google Drive backup: backup-1768802402222.zip
🧹 Removed local temporary backup file
✅ Backup process completed!
⏳ Creating backup...
✅ Local backup created: /home/lmnet/server/server/backups/backup-1768910403138.zip
✅ Backup uploaded: backup-1768910403138.zip
🗑️ Deleted oldest Google Drive backup: backup-1768809602921.zip
🧹 Removed local temporary backup file
✅ Backup process completed!
⏳ Creating backup...
✅ Local backup created: /home/lmnet/server/server/backups/backup-1768917602647.zip
✅ Backup uploaded: backup-1768917602647.zip
🗑️ Deleted oldest Google Drive backup: backup-1768816802346.zip
🧹 Removed local temporary backup file
✅ Backup process completed!
⏳ Creating backup...
✅ Local backup created: /home/lmnet/server/server/backups/backup-1768924802192.zip
✅ Backup uploaded: backup-1768924802192.zip
🗑️ Deleted oldest Google Drive backup: backup-1768824002216.zip
🧹 Removed local temporary backup file
✅ Backup process completed!
⏳ Creating backup...
⏳ Creating backup...
✅ Local backup created: /home/lmnet/server/server/backups/backup-1768939202124.zip
✅ Backup uploaded: backup-1768939202124.zip
🗑️ Deleted oldest Google Drive backup: backup-1768838402730.zip
🧹 Removed local temporary backup file
✅ Backup process completed!
⏳ Creating backup...
✅ Local backup created: /home/lmnet/server/server/backups/backup-1768946402764.zip
✅ Backup uploaded: backup-1768946402764.zip
🗑️ Deleted oldest Google Drive backup: backup-1768852802257.zip
🧹 Removed local temporary backup file
✅ Backup process completed!
⏳ Creating backup...
✅ Local backup created: /home/lmnet/server/server/backups/backup-1768953603139.zip
✅ Backup uploaded: backup-1768953603139.zip
🗑️ Deleted oldest Google Drive backup: backup-1768860003106.zip
🧹 Removed local temporary backup file
✅ Backup process completed!
⏳ Creating backup...
✅ Local backup created: /home/lmnet/server/server/backups/backup-1768960802703.zip
✅ Backup uploaded: backup-1768960802703.zip
🗑️ Deleted oldest Google Drive backup: backup-1768867202440.zip
🧹 Removed local temporary backup file
✅ Backup process completed!
⏳ Creating backup...
✅ Local backup created: /home/lmnet/server/server/backups/backup-1768968002303.zip
✅ Backup uploaded: backup-1768968002303.zip
🗑️ Deleted oldest Google Drive backup: backup-1768874402697.zip
🧹 Removed local temporary backup file
✅ Backup process completed!
⏳ Creating backup...
✅ Local backup created: /home/lmnet/server/server/backups/backup-1768975202172.zip
✅ Backup uploaded: backup-1768975202172.zip
🗑️ Deleted oldest Google Drive backup: backup-1768881602434.zip
🧹 Removed local temporary backup file
✅ Backup process completed!
⏳ Creating backup...
✅ Local backup created: /home/lmnet/server/server/backups/backup-1768982402506.zip
✅ Backup uploaded: backup-1768982402506.zip
🗑️ Deleted oldest Google Drive backup: backup-1768888802688.zip
🧹 Removed local temporary backup file
✅ Backup process completed!
⏳ Creating backup...
✅ Local backup created: /home/lmnet/server/server/backups/backup-1768989602553.zip
✅ Backup uploaded: backup-1768989602553.zip
🗑️ Deleted oldest Google Drive backup: backup-1768896003235.zip
🧹 Removed local temporary backup file
✅ Backup process completed!
⏳ Creating backup...
✅ Local backup created: /home/lmnet/server/server/backups/backup-1768996802775.zip
✅ Backup uploaded: backup-1768996802775.zip
🗑️ Deleted oldest Google Drive backup: backup-1768903202911.zip
🧹 Removed local temporary backup file
✅ Backup process completed!
⏳ Creating backup...
✅ Local backup created: /home/lmnet/server/server/backups/backup-1769004002305.zip
✅ Backup uploaded: backup-1769004002305.zip
🗑️ Deleted oldest Google Drive backup: backup-1768910403138.zip
🧹 Removed local temporary backup file
✅ Backup process completed!
⏳ Creating backup...
✅ Local backup created: /home/lmnet/server/server/backups/backup-1769011202488.zip
✅ Backup uploaded: backup-1769011202488.zip
🗑️ Deleted oldest Google Drive backup: backup-1768917602647.zip
🧹 Removed local temporary backup file
✅ Backup process completed!
⏳ Creating backup...
✅ Local backup created: /home/lmnet/server/server/backups/backup-1769018403097.zip
✅ Backup uploaded: backup-1769018403097.zip
🗑️ Deleted oldest Google Drive backup: backup-1768924802192.zip
🧹 Removed local temporary backup file
✅ Backup process completed!
⏳ Creating backup...
✅ Local backup created: /home/lmnet/server/server/backups/backup-1769025602769.zip
✅ Backup uploaded: backup-1769025602769.zip
🗑️ Deleted oldest Google Drive backup: backup-1768939202124.zip
🧹 Removed local temporary backup file
✅ Backup process completed!
⏳ Creating backup...
✅ Local backup created: /home/lmnet/server/server/backups/backup-1769032802314.zip
✅ Backup uploaded: backup-1769032802314.zip
🗑️ Deleted oldest Google Drive backup: backup-1768946402764.zip
🧹 Removed local temporary backup file
✅ Backup process completed!
⏳ Creating backup...
✅ Local backup created: /home/lmnet/server/server/backups/backup-1769040002582.zip
✅ Backup uploaded: backup-1769040002582.zip
🗑️ Deleted oldest Google Drive backup: backup-1768953603139.zip
🧹 Removed local temporary backup file
✅ Backup process completed!
⏳ Creating backup...
✅ Local backup created: /home/lmnet/server/server/backups/backup-1769047202741.zip
✅ Backup uploaded: backup-1769047202741.zip
🗑️ Deleted oldest Google Drive backup: backup-1768960802703.zip
🧹 Removed local temporary backup file
✅ Backup process completed!
⏳ Creating backup...
✅ Local backup created: /home/lmnet/server/server/backups/backup-1769054402833.zip
✅ Backup uploaded: backup-1769054402833.zip
🗑️ Deleted oldest Google Drive backup: backup-1768968002303.zip
🧹 Removed local temporary backup file
✅ Backup process completed!
⏳ Creating backup...
⏳ Creating backup...
✅ Local backup created: /home/lmnet/server/server/backups/backup-1769068803304.zip
✅ Backup uploaded: backup-1769068803304.zip
🗑️ Deleted oldest Google Drive backup: backup-1768975202172.zip
🧹 Removed local temporary backup file
✅ Backup process completed!
⏳ Creating backup...
✅ Local backup created: /home/lmnet/server/server/backups/backup-1769076002638.zip
✅ Backup uploaded: backup-1769076002638.zip
🗑️ Deleted oldest Google Drive backup: backup-1768982402506.zip
🧹 Removed local temporary backup file
✅ Backup process completed!
⏳ Creating backup...
✅ Local backup created: /home/lmnet/server/server/backups/backup-1769083202309.zip
✅ Backup uploaded: backup-1769083202309.zip
🗑️ Deleted oldest Google Drive backup: backup-1768989602553.zip
🧹 Removed local temporary backup file
✅ Backup process completed!
⏳ Creating backup...
⏳ Creating backup...
⏳ Creating backup...
✅ Local backup created: /home/lmnet/server/server/backups/backup-1769104802282.zip
✅ Backup uploaded: backup-1769104802282.zip
🗑️ Deleted oldest Google Drive backup: backup-1768996802775.zip
🧹 Removed local temporary backup file
✅ Backup process completed!
⏳ Creating backup...
✅ Local backup created: /home/lmnet/server/server/backups/backup-1769112002565.zip
✅ Backup uploaded: backup-1769112002565.zip
🗑️ Deleted oldest Google Drive backup: backup-1769004002305.zip
🧹 Removed local temporary backup file
✅ Backup process completed!
⏳ Creating backup...
✅ Local backup created: /home/lmnet/server/server/backups/backup-1769119202314.zip
✅ Backup uploaded: backup-1769119202314.zip
🗑️ Deleted oldest Google Drive backup: backup-1769011202488.zip
🧹 Removed local temporary backup file
✅ Backup process completed!
⏳ Creating backup...
✅ Local backup created: /home/lmnet/server/server/backups/backup-1769126402673.zip
✅ Backup uploaded: backup-1769126402673.zip
🗑️ Deleted oldest Google Drive backup: backup-1769018403097.zip
🧹 Removed local temporary backup file
✅ Backup process completed!
⏳ Creating backup...
✅ Local backup created: /home/lmnet/server/server/backups/backup-1769133602778.zip
✅ Backup uploaded: backup-1769133602778.zip
🗑️ Deleted oldest Google Drive backup: backup-1769025602769.zip
🧹 Removed local temporary backup file
✅ Backup process completed!
⏳ Creating backup...
✅ Local backup created: /home/lmnet/server/server/backups/backup-1769140802274.zip
✅ Backup uploaded: backup-1769140802274.zip
🗑️ Deleted oldest Google Drive backup: backup-1769032802314.zip
🧹 Removed local temporary backup file
✅ Backup process completed!
⏳ Creating backup...
✅ Local backup created: /home/lmnet/server/server/backups/backup-1769148002971.zip
✅ Backup uploaded: backup-1769148002971.zip
🗑️ Deleted oldest Google Drive backup: backup-1769040002582.zip
🧹 Removed local temporary backup file
✅ Backup process completed!
⏳ Creating backup...
✅ Local backup created: /home/lmnet/server/server/backups/backup-1769155203120.zip
✅ Backup uploaded: backup-1769155203120.zip
🗑️ Deleted oldest Google Drive backup: backup-1769047202741.zip
🧹 Removed local temporary backup file
✅ Backup process completed!
⏳ Creating backup...
✅ Local backup created: /home/lmnet/server/server/backups/backup-1769162402721.zip
✅ Backup uploaded: backup-1769162402721.zip
🗑️ Deleted oldest Google Drive backup: backup-1769054402833.zip
🧹 Removed local temporary backup file
✅ Backup process completed!
⏳ Creating backup...
✅ Local backup created: /home/lmnet/server/server/backups/backup-1769169602572.zip
✅ Backup uploaded: backup-1769169602572.zip
🗑️ Deleted oldest Google Drive backup: backup-1769068803304.zip
🧹 Removed local temporary backup file
✅ Backup process completed!
⏳ Creating backup...
✅ Local backup created: /home/lmnet/server/server/backups/backup-1769176802747.zip
✅ Backup uploaded: backup-1769176802747.zip
🗑️ Deleted oldest Google Drive backup: backup-1769076002638.zip
🧹 Removed local temporary backup file
✅ Backup process completed!
⏳ Creating backup...
✅ Local backup created: /home/lmnet/server/server/backups/backup-1769184002300.zip
✅ Backup uploaded: backup-1769184002300.zip
🗑️ Deleted oldest Google Drive backup: backup-1769083202309.zip
🧹 Removed local temporary backup file
✅ Backup process completed!
⏳ Creating backup...
✅ Local backup created: /home/lmnet/server/server/backups/backup-1769191203102.zip
✅ Backup uploaded: backup-1769191203102.zip
🗑️ Deleted oldest Google Drive backup: backup-1769104802282.zip
🧹 Removed local temporary backup file
✅ Backup process completed!
⏳ Creating backup...
✅ Local backup created: /home/lmnet/server/server/backups/backup-1769198402847.zip
✅ Backup uploaded: backup-1769198402847.zip
🗑️ Deleted oldest Google Drive backup: backup-1769112002565.zip
🧹 Removed local temporary backup file
✅ Backup process completed!
⏳ Creating backup...
✅ Local backup created: /home/lmnet/server/server/backups/backup-1769205602409.zip
✅ Backup uploaded: backup-1769205602409.zip
🗑️ Deleted oldest Google Drive backup: backup-1769119202314.zip
🧹 Removed local temporary backup file
✅ Backup process completed!
⏳ Creating backup...
✅ Local backup created: /home/lmnet/server/server/backups/backup-1769212803081.zip
✅ Backup uploaded: backup-1769212803081.zip
🗑️ Deleted oldest Google Drive backup: backup-1769126402673.zip
🧹 Removed local temporary backup file
✅ Backup process completed!
⏳ Creating backup...
✅ Local backup created: /home/lmnet/server/server/backups/backup-1769220003311.zip
✅ Backup uploaded: backup-1769220003311.zip
🗑️ Deleted oldest Google Drive backup: backup-1769133602778.zip
🧹 Removed local temporary backup file
✅ Backup process completed!
⏳ Creating backup...
✅ Local backup created: /home/lmnet/server/server/backups/backup-1769227202476.zip
✅ Backup uploaded: backup-1769227202476.zip
🗑️ Deleted oldest Google Drive backup: backup-1769140802274.zip
🧹 Removed local temporary backup file
✅ Backup process completed!
⏳ Creating backup...
✅ Local backup created: /home/lmnet/server/server/backups/backup-1769234402501.zip
✅ Backup uploaded: backup-1769234402501.zip
🗑️ Deleted oldest Google Drive backup: backup-1769148002971.zip
🧹 Removed local temporary backup file
✅ Backup process completed!
⏳ Creating backup...
✅ Local backup created: /home/lmnet/server/server/backups/backup-1769241603258.zip
✅ Backup uploaded: backup-1769241603258.zip
🗑️ Deleted oldest Google Drive backup: backup-1769155203120.zip
🧹 Removed local temporary backup file
✅ Backup process completed!
⏳ Creating backup...
✅ Local backup created: /home/lmnet/server/server/backups/backup-1769248802765.zip
✅ Backup uploaded: backup-1769248802765.zip
🗑️ Deleted oldest Google Drive backup: backup-1769162402721.zip
🧹 Removed local temporary backup file
✅ Backup process completed!
⏳ Creating backup...
✅ Local backup created: /home/lmnet/server/server/backups/backup-1769256002633.zip
✅ Backup uploaded: backup-1769256002633.zip
🗑️ Deleted oldest Google Drive backup: backup-1769169602572.zip
🧹 Removed local temporary backup file
✅ Backup process completed!
⏳ Creating backup...
✅ Local backup created: /home/lmnet/server/server/backups/backup-1769263202320.zip
✅ Backup uploaded: backup-1769263202320.zip
🗑️ Deleted oldest Google Drive backup: backup-1769176802747.zip
🧹 Removed local temporary backup file
✅ Backup process completed!
⏳ Creating backup...
✅ Local backup created: /home/lmnet/server/server/backups/backup-1769270402375.zip
✅ Backup uploaded: backup-1769270402375.zip
🗑️ Deleted oldest Google Drive backup: backup-1769184002300.zip
🧹 Removed local temporary backup file
✅ Backup process completed!
⏳ Creating backup...
✅ Local backup created: /home/lmnet/server/server/backups/backup-1769277602958.zip
✅ Backup uploaded: backup-1769277602958.zip
🗑️ Deleted oldest Google Drive backup: backup-1769191203102.zip
🧹 Removed local temporary backup file
✅ Backup process completed!
⏳ Creating backup...
✅ Local backup created: /home/lmnet/server/server/backups/backup-1769284802910.zip
✅ Backup uploaded: backup-1769284802910.zip
🗑️ Deleted oldest Google Drive backup: backup-1769198402847.zip
🧹 Removed local temporary backup file
✅ Backup process completed!
⏳ Creating backup...
✅ Local backup created: /home/lmnet/server/server/backups/backup-1769292002702.zip
✅ Backup uploaded: backup-1769292002702.zip
🗑️ Deleted oldest Google Drive backup: backup-1769205602409.zip
🧹 Removed local temporary backup file
✅ Backup process completed!
⏳ Creating backup...
✅ Local backup created: /home/lmnet/server/server/backups/backup-1769299202768.zip
✅ Backup uploaded: backup-1769299202768.zip
🗑️ Deleted oldest Google Drive backup: backup-1769212803081.zip
🧹 Removed local temporary backup file
✅ Backup process completed!
⏳ Creating backup...
✅ Local backup created: /home/lmnet/server/server/backups/backup-1769306403287.zip
✅ Backup uploaded: backup-1769306403287.zip
🗑️ Deleted oldest Google Drive backup: backup-1769220003311.zip
🧹 Removed local temporary backup file
✅ Backup process completed!
⏳ Creating backup...
✅ Local backup created: /home/lmnet/server/server/backups/backup-1769313602116.zip
✅ Backup uploaded: backup-1769313602116.zip
🗑️ Deleted oldest Google Drive backup: backup-1769227202476.zip
🧹 Removed local temporary backup file
✅ Backup process completed!
⏳ Creating backup...
✅ Local backup created: /home/lmnet/server/server/backups/backup-1769320802653.zip
✅ Backup uploaded: backup-1769320802653.zip
🗑️ Deleted oldest Google Drive backup: backup-1769234402501.zip
🧹 Removed local temporary backup file
✅ Backup process completed!
⏳ Creating backup...
✅ Local backup created: /home/lmnet/server/server/backups/backup-1769328002575.zip
✅ Backup uploaded: backup-1769328002575.zip
🗑️ Deleted oldest Google Drive backup: backup-1769241603258.zip
🧹 Removed local temporary backup file
✅ Backup process completed!
⏳ Creating backup...
✅ Local backup created: /home/lmnet/server/server/backups/backup-1769335203028.zip
✅ Backup uploaded: backup-1769335203028.zip
🗑️ Deleted oldest Google Drive backup: backup-1769248802765.zip
🧹 Removed local temporary backup file
✅ Backup process completed!
⏳ Creating backup...
✅ Local backup created: /home/lmnet/server/server/backups/backup-1769342402615.zip
✅ Backup uploaded: backup-1769342402615.zip
🗑️ Deleted oldest Google Drive backup: backup-1769256002633.zip
🧹 Removed local temporary backup file
✅ Backup process completed!
⏳ Creating backup...
✅ Local backup created: /home/lmnet/server/server/backups/backup-1769349602530.zip
✅ Backup uploaded: backup-1769349602530.zip
🗑️ Deleted oldest Google Drive backup: backup-1769263202320.zip
🧹 Removed local temporary backup file
✅ Backup process completed!
⏳ Creating backup...
✅ Local backup created: /home/lmnet/server/server/backups/backup-1769356802298.zip
✅ Backup uploaded: backup-1769356802298.zip
🗑️ Deleted oldest Google Drive backup: backup-1769270402375.zip
🧹 Removed local temporary backup file
✅ Backup process completed!
⏳ Creating backup...
✅ Local backup created: /home/lmnet/server/server/backups/backup-1769364002927.zip
✅ Backup uploaded: backup-1769364002927.zip
🗑️ Deleted oldest Google Drive backup: backup-1769277602958.zip
🧹 Removed local temporary backup file
✅ Backup process completed!
⏳ Creating backup...
✅ Local backup created: /home/lmnet/server/server/backups/backup-1769371202460.zip
✅ Backup uploaded: backup-1769371202460.zip
🗑️ Deleted oldest Google Drive backup: backup-1769284802910.zip
🧹 Removed local temporary backup file
✅ Backup process completed!
⏳ Creating backup...
✅ Local backup created: /home/lmnet/server/server/backups/backup-1769378402268.zip
✅ Backup uploaded: backup-1769378402268.zip
🗑️ Deleted oldest Google Drive backup: backup-1769292002702.zip
🧹 Removed local temporary backup file
✅ Backup process completed!
⏳ Creating backup...
✅ Local backup created: /home/lmnet/server/server/backups/backup-1769385602873.zip
✅ Backup uploaded: backup-1769385602873.zip
🗑️ Deleted oldest Google Drive backup: backup-1769299202768.zip
🧹 Removed local temporary backup file
✅ Backup process completed!
⏳ Creating backup...
✅ Local backup created: /home/lmnet/server/server/backups/backup-1769392803058.zip
✅ Backup uploaded: backup-1769392803058.zip
🗑️ Deleted oldest Google Drive backup: backup-1769306403287.zip
🧹 Removed local temporary backup file
✅ Backup process completed!
⏳ Creating backup...
✅ Local backup created: /home/lmnet/server/server/backups/backup-1769400002900.zip
✅ Backup uploaded: backup-1769400002900.zip
🗑️ Deleted oldest Google Drive backup: backup-1769313602116.zip
🧹 Removed local temporary backup file
✅ Backup process completed!
⏳ Creating backup...
✅ Local backup created: /home/lmnet/server/server/backups/backup-1769407202704.zip
✅ Backup uploaded: backup-1769407202704.zip
🗑️ Deleted oldest Google Drive backup: backup-1769320802653.zip
🧹 Removed local temporary backup file
✅ Backup process completed!
⏳ Creating backup...
✅ Local backup created: /home/lmnet/server/server/backups/backup-1769414402698.zip
✅ Backup uploaded: backup-1769414402698.zip
🗑️ Deleted oldest Google Drive backup: backup-1769328002575.zip
🧹 Removed local temporary backup file
✅ Backup process completed!
⏳ Creating backup...
✅ Local backup created: /home/lmnet/server/server/backups/backup-1769421602397.zip
✅ Backup uploaded: backup-1769421602397.zip
🗑️ Deleted oldest Google Drive backup: backup-1769335203028.zip
🧹 Removed local temporary backup file
✅ Backup process completed!
⏳ Creating backup...
✅ Local backup created: /home/lmnet/server/server/backups/backup-1769428802677.zip
✅ Backup uploaded: backup-1769428802677.zip
🗑️ Deleted oldest Google Drive backup: backup-1769342402615.zip
🧹 Removed local temporary backup file
✅ Backup process completed!
⏳ Creating backup...
✅ Local backup created: /home/lmnet/server/server/backups/backup-1769436002739.zip
✅ Backup uploaded: backup-1769436002739.zip
🗑️ Deleted oldest Google Drive backup: backup-1769349602530.zip
🧹 Removed local temporary backup file
✅ Backup process completed!
⏳ Creating backup...
✅ Local backup created: /home/lmnet/server/server/backups/backup-1769443202588.zip
✅ Backup uploaded: backup-1769443202588.zip
🗑️ Deleted oldest Google Drive backup: backup-1769356802298.zip
🧹 Removed local temporary backup file
✅ Backup process completed!
⏳ Creating backup...
✅ Local backup created: /home/lmnet/server/server/backups/backup-1769450403143.zip
✅ Backup uploaded: backup-1769450403143.zip
🗑️ Deleted oldest Google Drive backup: backup-1769364002927.zip
🧹 Removed local temporary backup file
✅ Backup process completed!
⏳ Creating backup...
✅ Local backup created: /home/lmnet/server/server/backups/backup-1769457602723.zip
✅ Backup uploaded: backup-1769457602723.zip
🗑️ Deleted oldest Google Drive backup: backup-1769371202460.zip
🧹 Removed local temporary backup file
✅ Backup process completed!
⏳ Creating backup...
✅ Local backup created: /home/lmnet/server/server/backups/backup-1769464803056.zip
✅ Backup uploaded: backup-1769464803056.zip
🗑️ Deleted oldest Google Drive backup: backup-1769378402268.zip
🧹 Removed local temporary backup file
✅ Backup process completed!
⏳ Creating backup...
✅ Local backup created: /home/lmnet/server/server/backups/backup-1769472002914.zip
✅ Backup uploaded: backup-1769472002914.zip
🗑️ Deleted oldest Google Drive backup: backup-1769385602873.zip
🧹 Removed local temporary backup file
✅ Backup process completed!
⏳ Creating backup...
✅ Local backup created: /home/lmnet/server/server/backups/backup-1769479202907.zip
✅ Backup uploaded: backup-1769479202907.zip
🗑️ Deleted oldest Google Drive backup: backup-1769392803058.zip
🧹 Removed local temporary backup file
✅ Backup process completed!
⏳ Creating backup...
✅ Local backup created: /home/lmnet/server/server/backups/backup-1769486402282.zip
✅ Backup uploaded: backup-1769486402282.zip
🗑️ Deleted oldest Google Drive backup: backup-1769400002900.zip
🧹 Removed local temporary backup file
✅ Backup process completed!
⏳ Creating backup...
✅ Local backup created: /home/lmnet/server/server/backups/backup-1769493603052.zip
✅ Backup uploaded: backup-1769493603052.zip
🗑️ Deleted oldest Google Drive backup: backup-1769407202704.zip
🧹 Removed local temporary backup file
✅ Backup process completed!
⏳ Creating backup...
✅ Local backup created: /home/lmnet/server/server/backups/backup-1769500802680.zip
✅ Backup uploaded: backup-1769500802680.zip
🗑️ Deleted oldest Google Drive backup: backup-1769414402698.zip
🧹 Removed local temporary backup file
✅ Backup process completed!
⏳ Creating backup...
✅ Local backup created: /home/lmnet/server/server/backups/backup-1769508002528.zip
✅ Backup uploaded: backup-1769508002528.zip
🗑️ Deleted oldest Google Drive backup: backup-1769421602397.zip
🧹 Removed local temporary backup file
✅ Backup process completed!
⏳ Creating backup...
✅ Local backup created: /home/lmnet/server/server/backups/backup-1769515202707.zip
✅ Backup uploaded: backup-1769515202707.zip
🗑️ Deleted oldest Google Drive backup: backup-1769428802677.zip
🧹 Removed local temporary backup file
✅ Backup process completed!
⏳ Creating backup...
✅ Local backup created: /home/lmnet/server/server/backups/backup-1769522402834.zip
✅ Backup uploaded: backup-1769522402834.zip
🗑️ Deleted oldest Google Drive backup: backup-1769436002739.zip
🧹 Removed local temporary backup file
✅ Backup process completed!
⏳ Creating backup...
✅ Local backup created: /home/lmnet/server/server/backups/backup-1769529602957.zip
✅ Backup uploaded: backup-1769529602957.zip
🗑️ Deleted oldest Google Drive backup: backup-1769443202588.zip
🧹 Removed local temporary backup file
✅ Backup process completed!
⏳ Creating backup...
⏳ Creating backup...
✅ Local backup created: /home/lmnet/server/server/backups/backup-1769544003090.zip
✅ Backup uploaded: backup-1769544003090.zip
🗑️ Deleted oldest Google Drive backup: backup-1769450403143.zip
🧹 Removed local temporary backup file
✅ Backup process completed!
⏳ Creating backup...
✅ Local backup created: /home/lmnet/server/server/backups/backup-1769551203032.zip
✅ Backup uploaded: backup-1769551203032.zip
🗑️ Deleted oldest Google Drive backup: backup-1769457602723.zip
🧹 Removed local temporary backup file
✅ Backup process completed!
⏳ Creating backup...
✅ Local backup created: /home/lmnet/server/server/backups/backup-1769558402455.zip
✅ Backup uploaded: backup-1769558402455.zip
🗑️ Deleted oldest Google Drive backup: backup-1769464803056.zip
🧹 Removed local temporary backup file
✅ Backup process completed!
⏳ Creating backup...
✅ Local backup created: /home/lmnet/server/server/backups/backup-1769565603012.zip
✅ Backup uploaded: backup-1769565603012.zip
🗑️ Deleted oldest Google Drive backup: backup-1769472002914.zip
🧹 Removed local temporary backup file
✅ Backup process completed!
⏳ Creating backup...
✅ Local backup created: /home/lmnet/server/server/backups/backup-1769572802991.zip
✅ Backup uploaded: backup-1769572802991.zip
🗑️ Deleted oldest Google Drive backup: backup-1769479202907.zip
🧹 Removed local temporary backup file
✅ Backup process completed!
⏳ Creating backup...
⏳ Creating backup...
✅ Local backup created: /home/lmnet/server/server/backups/backup-1769587203088.zip
✅ Backup uploaded: backup-1769587203088.zip
🗑️ Deleted oldest Google Drive backup: backup-1769486402282.zip
🧹 Removed local temporary backup file
✅ Backup process completed!
⏳ Creating backup...
✅ Local backup created: /home/lmnet/server/server/backups/backup-1769594402266.zip
✅ Backup uploaded: backup-1769594402266.zip
🗑️ Deleted oldest Google Drive backup: backup-1769493603052.zip
🧹 Removed local temporary backup file
✅ Backup process completed!
⏳ Creating backup...
✅ Local backup created: /home/lmnet/server/server/backups/backup-1769601602265.zip
✅ Backup uploaded: backup-1769601602265.zip
🗑️ Deleted oldest Google Drive backup: backup-1769500802680.zip
🧹 Removed local temporary backup file
✅ Backup process completed!
⏳ Creating backup...
✅ Local backup created: /home/lmnet/server/server/backups/backup-1769608802531.zip
✅ Backup uploaded: backup-1769608802531.zip
🗑️ Deleted oldest Google Drive backup: backup-1769508002528.zip
🧹 Removed local temporary backup file
✅ Backup process completed!
⏳ Creating backup...
✅ Local backup created: /home/lmnet/server/server/backups/backup-1769616003029.zip
✅ Backup uploaded: backup-1769616003029.zip
🗑️ Deleted oldest Google Drive backup: backup-1769515202707.zip
🧹 Removed local temporary backup file
✅ Backup process completed!
⏳ Creating backup...
✅ Local backup created: /home/lmnet/server/server/backups/backup-1769623202835.zip
✅ Backup uploaded: backup-1769623202835.zip
🗑️ Deleted oldest Google Drive backup: backup-1769522402834.zip
🧹 Removed local temporary backup file
✅ Backup process completed!
⏳ Creating backup...
⏳ Creating backup...
✅ Local backup created: /home/lmnet/server/server/backups/backup-1769637602336.zip
✅ Backup uploaded: backup-1769637602336.zip
🗑️ Deleted oldest Google Drive backup: backup-1769529602957.zip
🧹 Removed local temporary backup file
✅ Backup process completed!
⏳ Creating backup...
✅ Local backup created: /home/lmnet/server/server/backups/backup-1769644802619.zip
✅ Backup uploaded: backup-1769644802619.zip
🗑️ Deleted oldest Google Drive backup: backup-1769544003090.zip
🧹 Removed local temporary backup file
✅ Backup process completed!
⏳ Creating backup...
✅ Local backup created: /home/lmnet/server/server/backups/backup-1769652002533.zip
✅ Backup uploaded: backup-1769652002533.zip
🗑️ Deleted oldest Google Drive backup: backup-1769551203032.zip
🧹 Removed local temporary backup file
✅ Backup process completed!
⏳ Creating backup...
✅ Local backup created: /home/lmnet/server/server/backups/backup-1769659202335.zip
✅ Backup uploaded: backup-1769659202335.zip
🗑️ Deleted oldest Google Drive backup: backup-1769558402455.zip
🧹 Removed local temporary backup file
✅ Backup process completed!
⏳ Creating backup...
✅ Local backup created: /home/lmnet/server/server/backups/backup-1769666403129.zip
✅ Backup uploaded: backup-1769666403129.zip
🗑️ Deleted oldest Google Drive backup: backup-1769565603012.zip
🧹 Removed local temporary backup file
✅ Backup process completed!
⏳ Creating backup...
✅ Local backup created: /home/lmnet/server/server/backups/backup-1769673602562.zip
✅ Backup uploaded: backup-1769673602562.zip
🗑️ Deleted oldest Google Drive backup: backup-1769572802991.zip
🧹 Removed local temporary backup file
✅ Backup process completed!
⏳ Creating backup...
✅ Local backup created: /home/lmnet/server/server/backups/backup-1769680802943.zip
✅ Backup uploaded: backup-1769680802943.zip
🗑️ Deleted oldest Google Drive backup: backup-1769587203088.zip
🧹 Removed local temporary backup file
✅ Backup process completed!
⏳ Creating backup...
✅ Local backup created: /home/lmnet/server/server/backups/backup-1769688002517.zip
✅ Backup uploaded: backup-1769688002517.zip
🗑️ Deleted oldest Google Drive backup: backup-1769594402266.zip
🧹 Removed local temporary backup file
✅ Backup process completed!
⏳ Creating backup...
✅ Local backup created: /home/lmnet/server/server/backups/backup-1769695203137.zip
✅ Backup uploaded: backup-1769695203137.zip
🗑️ Deleted oldest Google Drive backup: backup-1769601602265.zip
🧹 Removed local temporary backup file
✅ Backup process completed!
⏳ Creating backup...
✅ Local backup created: /home/lmnet/server/server/backups/backup-1769702403080.zip
✅ Backup uploaded: backup-1769702403080.zip
🗑️ Deleted oldest Google Drive backup: backup-1769608802531.zip
🧹 Removed local temporary backup file
✅ Backup process completed!
⏳ Creating backup...
✅ Local backup created: /home/lmnet/server/server/backups/backup-1769709602988.zip
✅ Backup uploaded: backup-1769709602988.zip
🗑️ Deleted oldest Google Drive backup: backup-1769616003029.zip
🧹 Removed local temporary backup file
✅ Backup process completed!
⏳ Creating backup...
✅ Local backup created: /home/lmnet/server/server/backups/backup-1769716802979.zip
✅ Backup uploaded: backup-1769716802979.zip
🗑️ Deleted oldest Google Drive backup: backup-1769623202835.zip
🧹 Removed local temporary backup file
✅ Backup process completed!
⏳ Creating backup...
✅ Local backup created: /home/lmnet/server/server/backups/backup-1769724002669.zip
✅ Backup uploaded: backup-1769724002669.zip
🗑️ Deleted oldest Google Drive backup: backup-1769637602336.zip
🧹 Removed local temporary backup file
✅ Backup process completed!
⏳ Creating backup...
✅ Local backup created: /home/lmnet/server/server/backups/backup-1769731203431.zip
✅ Backup uploaded: backup-1769731203431.zip
🗑️ Deleted oldest Google Drive backup: backup-1769644802619.zip
🧹 Removed local temporary backup file
✅ Backup process completed!
⏳ Creating backup...
✅ Local backup created: /home/lmnet/server/server/backups/backup-1769738402489.zip
✅ Backup uploaded: backup-1769738402489.zip
🗑️ Deleted oldest Google Drive backup: backup-1769652002533.zip
🧹 Removed local temporary backup file
✅ Backup process completed!
⏳ Creating backup...
✅ Local backup created: /home/lmnet/server/server/backups/backup-1769745602693.zip
✅ Backup uploaded: backup-1769745602693.zip
🗑️ Deleted oldest Google Drive backup: backup-1769659202335.zip
🧹 Removed local temporary backup file
✅ Backup process completed!
⏳ Creating backup...
✅ Local backup created: /home/lmnet/server/server/backups/backup-1769752802318.zip
✅ Backup uploaded: backup-1769752802318.zip
🗑️ Deleted oldest Google Drive backup: backup-1769666403129.zip
🧹 Removed local temporary backup file
✅ Backup process completed!
⏳ Creating backup...
✅ Local backup created: /home/lmnet/server/server/backups/backup-1769760002459.zip
✅ Backup uploaded: backup-1769760002459.zip
🗑️ Deleted oldest Google Drive backup: backup-1769673602562.zip
🧹 Removed local temporary backup file
✅ Backup process completed!
⏳ Creating backup...
⏳ Creating backup...
✅ Local backup created: /home/lmnet/server/server/backups/backup-1769774402563.zip
✅ Backup uploaded: backup-1769774402563.zip
🗑️ Deleted oldest Google Drive backup: backup-1769680802943.zip
🧹 Removed local temporary backup file
✅ Backup process completed!
⏳ Creating backup...
✅ Local backup created: /home/lmnet/server/server/backups/backup-1769781602673.zip
✅ Backup uploaded: backup-1769781602673.zip
🗑️ Deleted oldest Google Drive backup: backup-1769688002517.zip
🧹 Removed local temporary backup file
✅ Backup process completed!
⏳ Creating backup...
✅ Local backup created: /home/lmnet/server/server/backups/backup-1769788802708.zip
✅ Backup uploaded: backup-1769788802708.zip
🗑️ Deleted oldest Google Drive backup: backup-1769695203137.zip
🧹 Removed local temporary backup file
✅ Backup process completed!
⏳ Creating backup...
✅ Local backup created: /home/lmnet/server/server/backups/backup-1769796002390.zip
✅ Backup uploaded: backup-1769796002390.zip
🗑️ Deleted oldest Google Drive backup: backup-1769702403080.zip
🧹 Removed local temporary backup file
✅ Backup process completed!
⏳ Creating backup...
✅ Local backup created: /home/lmnet/server/server/backups/backup-1769803202415.zip
✅ Backup uploaded: backup-1769803202415.zip
🗑️ Deleted oldest Google Drive backup: backup-1769709602988.zip
🧹 Removed local temporary backup file
✅ Backup process completed!
⏳ Creating backup...
✅ Local backup created: /home/lmnet/server/server/backups/backup-1769810402270.zip
✅ Backup uploaded: backup-1769810402270.zip
🗑️ Deleted oldest Google Drive backup: backup-1769716802979.zip
🧹 Removed local temporary backup file
✅ Backup process completed!
⏳ Creating backup...
✅ Local backup created: /home/lmnet/server/server/backups/backup-1769817602102.zip
✅ Backup uploaded: backup-1769817602102.zip
🗑️ Deleted oldest Google Drive backup: backup-1769724002669.zip
🧹 Removed local temporary backup file
✅ Backup process completed!
⏳ Creating backup...
✅ Local backup created: /home/lmnet/server/server/backups/backup-1769824802523.zip
✅ Backup uploaded: backup-1769824802523.zip
🗑️ Deleted oldest Google Drive backup: backup-1769731203431.zip
🧹 Removed local temporary backup file
✅ Backup process completed!
⏳ Creating backup...
✅ Local backup created: /home/lmnet/server/server/backups/backup-1769832002242.zip
✅ Backup uploaded: backup-1769832002242.zip
🗑️ Deleted oldest Google Drive backup: backup-1769738402489.zip
🧹 Removed local temporary backup file
✅ Backup process completed!
⏳ Creating backup...
✅ Local backup created: /home/lmnet/server/server/backups/backup-1769839202284.zip
✅ Backup uploaded: backup-1769839202284.zip
🗑️ Deleted oldest Google Drive backup: backup-1769745602693.zip
🧹 Removed local temporary backup file
✅ Backup process completed!
⏳ Creating backup...
✅ Local backup created: /home/lmnet/server/server/backups/backup-1769846402643.zip
✅ Backup uploaded: backup-1769846402643.zip
🗑️ Deleted oldest Google Drive backup: backup-1769752802318.zip
🧹 Removed local temporary backup file
✅ Backup process completed!
⏳ Creating backup...
✅ Local backup created: /home/lmnet/server/server/backups/backup-1769853602607.zip
✅ Backup uploaded: backup-1769853602607.zip
🗑️ Deleted oldest Google Drive backup: backup-1769760002459.zip
🧹 Removed local temporary backup file
✅ Backup process completed!
⏳ Creating backup...
✅ Local backup created: /home/lmnet/server/server/backups/backup-1769860801925.zip
✅ Backup uploaded: backup-1769860801925.zip
🗑️ Deleted oldest Google Drive backup: backup-1769774402563.zip
🧹 Removed local temporary backup file
✅ Backup process completed!
⏳ Creating backup...
✅ Local backup created: /home/lmnet/server/server/backups/backup-1769868002487.zip
✅ Backup uploaded: backup-1769868002487.zip
🗑️ Deleted oldest Google Drive backup: backup-1769781602673.zip
🧹 Removed local temporary backup file
✅ Backup process completed!
⏳ Creating backup...
✅ Local backup created: /home/lmnet/server/server/backups/backup-1769875202489.zip
✅ Backup uploaded: backup-1769875202489.zip
🗑️ Deleted oldest Google Drive backup: backup-1769788802708.zip
🧹 Removed local temporary backup file
✅ Backup process completed!
⏳ Creating backup...
✅ Local backup created: /home/lmnet/server/server/backups/backup-1769882402097.zip
✅ Backup uploaded: backup-1769882402097.zip
🗑️ Deleted oldest Google Drive backup: backup-1769796002390.zip
🧹 Removed local temporary backup file
✅ Backup process completed!
⏳ Creating backup...
✅ Local backup created: /home/lmnet/server/server/backups/backup-1769889602658.zip
✅ Backup uploaded: backup-1769889602658.zip
🗑️ Deleted oldest Google Drive backup: backup-1769803202415.zip
🧹 Removed local temporary backup file
✅ Backup process completed!
⏳ Creating backup...
✅ Local backup created: /home/lmnet/server/server/backups/backup-1769896802456.zip
✅ Backup uploaded: backup-1769896802456.zip
🗑️ Deleted oldest Google Drive backup: backup-1769810402270.zip
🧹 Removed local temporary backup file
✅ Backup process completed!
⏳ Creating backup...
✅ Local backup created: /home/lmnet/server/server/backups/backup-1769904002565.zip
✅ Backup uploaded: backup-1769904002565.zip
🗑️ Deleted oldest Google Drive backup: backup-1769817602102.zip
🧹 Removed local temporary backup file
✅ Backup process completed!
⏳ Creating backup...
✅ Local backup created: /home/lmnet/server/server/backups/backup-1769911202553.zip
✅ Backup uploaded: backup-1769911202553.zip
🗑️ Deleted oldest Google Drive backup: backup-1769824802523.zip
🧹 Removed local temporary backup file
✅ Backup process completed!
⏳ Creating backup...
✅ Local backup created: /home/lmnet/server/server/backups/backup-1769918402185.zip
✅ Backup uploaded: backup-1769918402185.zip
🗑️ Deleted oldest Google Drive backup: backup-1769832002242.zip
🧹 Removed local temporary backup file
✅ Backup process completed!
⏳ Creating backup...
✅ Local backup created: /home/lmnet/server/server/backups/backup-1769925602395.zip
✅ Backup uploaded: backup-1769925602395.zip
🗑️ Deleted oldest Google Drive backup: backup-1769839202284.zip
🧹 Removed local temporary backup file
✅ Backup process completed!
⏳ Creating backup...
✅ Local backup created: /home/lmnet/server/server/backups/backup-1769932802693.zip
✅ Backup uploaded: backup-1769932802693.zip
🗑️ Deleted oldest Google Drive backup: backup-1769846402643.zip
🧹 Removed local temporary backup file
✅ Backup process completed!
⏳ Creating backup...
✅ Local backup created: /home/lmnet/server/server/backups/backup-1769940002274.zip
✅ Backup uploaded: backup-1769940002274.zip
🗑️ Deleted oldest Google Drive backup: backup-1769853602607.zip
🧹 Removed local temporary backup file
✅ Backup process completed!
⏳ Creating backup...
✅ Local backup created: /home/lmnet/server/server/backups/backup-1769947202016.zip
✅ Backup uploaded: backup-1769947202016.zip
🗑️ Deleted oldest Google Drive backup: backup-1769860801925.zip
🧹 Removed local temporary backup file
✅ Backup process completed!
⏳ Creating backup...
✅ Local backup created: /home/lmnet/server/server/backups/backup-1769954401980.zip
✅ Backup uploaded: backup-1769954401980.zip
🗑️ Deleted oldest Google Drive backup: backup-1769868002487.zip
🧹 Removed local temporary backup file
✅ Backup process completed!
⏳ Creating backup...
✅ Local backup created: /home/lmnet/server/server/backups/backup-1769961602683.zip
✅ Backup uploaded: backup-1769961602683.zip
🗑️ Deleted oldest Google Drive backup: backup-1769875202489.zip
🧹 Removed local temporary backup file
✅ Backup process completed!
⏳ Creating backup...
✅ Local backup created: /home/lmnet/server/server/backups/backup-1769968802129.zip
✅ Backup uploaded: backup-1769968802129.zip
🗑️ Deleted oldest Google Drive backup: backup-1769882402097.zip
🧹 Removed local temporary backup file
✅ Backup process completed!
⏳ Creating backup...
✅ Local backup created: /home/lmnet/server/server/backups/backup-1769976003009.zip
✅ Backup uploaded: backup-1769976003009.zip
🗑️ Deleted oldest Google Drive backup: backup-1769889602658.zip
🧹 Removed local temporary backup file
✅ Backup process completed!
⏳ Creating backup...
✅ Local backup created: /home/lmnet/server/server/backups/backup-1769983202145.zip
✅ Backup uploaded: backup-1769983202145.zip
🗑️ Deleted oldest Google Drive backup: backup-1769896802456.zip
🧹 Removed local temporary backup file
✅ Backup process completed!
⏳ Creating backup...
✅ Local backup created: /home/lmnet/server/server/backups/backup-1769990402464.zip
✅ Backup uploaded: backup-1769990402464.zip
🗑️ Deleted oldest Google Drive backup: backup-1769904002565.zip
🧹 Removed local temporary backup file
✅ Backup process completed!
⏳ Creating backup...
✅ Local backup created: /home/lmnet/server/server/backups/backup-1769997602714.zip
✅ Backup uploaded: backup-1769997602714.zip
🗑️ Deleted oldest Google Drive backup: backup-1769911202553.zip
🧹 Removed local temporary backup file
✅ Backup process completed!
⏳ Creating backup...
✅ Local backup created: /home/lmnet/server/server/backups/backup-1770004802560.zip
✅ Backup uploaded: backup-1770004802560.zip
🗑️ Deleted oldest Google Drive backup: backup-1769918402185.zip
🧹 Removed local temporary backup file
✅ Backup process completed!
⏳ Creating backup...
✅ Local backup created: /home/lmnet/server/server/backups/backup-1770012002489.zip
✅ Backup uploaded: backup-1770012002489.zip
🗑️ Deleted oldest Google Drive backup: backup-1769925602395.zip
🧹 Removed local temporary backup file
✅ Backup process completed!
⏳ Creating backup...
✅ Local backup created: /home/lmnet/server/server/backups/backup-1770019202313.zip
✅ Backup uploaded: backup-1770019202313.zip
🗑️ Deleted oldest Google Drive backup: backup-1769932802693.zip
🧹 Removed local temporary backup file
✅ Backup process completed!
⏳ Creating backup...
✅ Local backup created: /home/lmnet/server/server/backups/backup-1770026402952.zip
✅ Backup uploaded: backup-1770026402952.zip
🗑️ Deleted oldest Google Drive backup: backup-1769940002274.zip
🧹 Removed local temporary backup file
✅ Backup process completed!
⏳ Creating backup...
✅ Local backup created: /home/lmnet/server/server/backups/backup-1770033602648.zip
✅ Backup uploaded: backup-1770033602648.zip
🗑️ Deleted oldest Google Drive backup: backup-1769947202016.zip
🧹 Removed local temporary backup file
✅ Backup process completed!
⏳ Creating backup...
✅ Local backup created: /home/lmnet/server/server/backups/backup-1770040803081.zip
✅ Backup uploaded: backup-1770040803081.zip
🗑️ Deleted oldest Google Drive backup: backup-1769954401980.zip
🧹 Removed local temporary backup file
✅ Backup process completed!
⏳ Creating backup...
✅ Local backup created: /home/lmnet/server/server/backups/backup-1770048002613.zip
✅ Backup uploaded: backup-1770048002613.zip
🗑️ Deleted oldest Google Drive backup: backup-1769961602683.zip
🧹 Removed local temporary backup file
✅ Backup process completed!
⏳ Creating backup...
✅ Local backup created: /home/lmnet/server/server/backups/backup-1770055202142.zip
✅ Backup uploaded: backup-1770055202142.zip
🗑️ Deleted oldest Google Drive backup: backup-1769968802129.zip
🧹 Removed local temporary backup file
✅ Backup process completed!
⏳ Creating backup...
✅ Local backup created: /home/lmnet/server/server/backups/backup-1770062402298.zip
✅ Backup uploaded: backup-1770062402298.zip
🗑️ Deleted oldest Google Drive backup: backup-1769976003009.zip
🧹 Removed local temporary backup file
✅ Backup process completed!
⏳ Creating backup...
✅ Local backup created: /home/lmnet/server/server/backups/backup-1770069602777.zip
✅ Backup uploaded: backup-1770069602777.zip
🗑️ Deleted oldest Google Drive backup: backup-1769983202145.zip
🧹 Removed local temporary backup file
✅ Backup process completed!
⏳ Creating backup...
✅ Local backup created: /home/lmnet/server/server/backups/backup-1770076802434.zip
✅ Backup uploaded: backup-1770076802434.zip
🗑️ Deleted oldest Google Drive backup: backup-1769990402464.zip
🧹 Removed local temporary backup file
✅ Backup process completed!
⏳ Creating backup...
✅ Local backup created: /home/lmnet/server/server/backups/backup-1770084002380.zip
✅ Backup uploaded: backup-1770084002380.zip
🗑️ Deleted oldest Google Drive backup: backup-1769997602714.zip
🧹 Removed local temporary backup file
✅ Backup process completed!
⏳ Creating backup...
✅ Local backup created: /home/lmnet/server/server/backups/backup-1770091202410.zip
✅ Backup uploaded: backup-1770091202410.zip
🗑️ Deleted oldest Google Drive backup: backup-1770004802560.zip
🧹 Removed local temporary backup file
✅ Backup process completed!
⏳ Creating backup...
✅ Local backup created: /home/lmnet/server/server/backups/backup-1770098402405.zip
✅ Backup uploaded: backup-1770098402405.zip
🗑️ Deleted oldest Google Drive backup: backup-1770012002489.zip
🧹 Removed local temporary backup file
✅ Backup process completed!
⏳ Creating backup...
✅ Local backup created: /home/lmnet/server/server/backups/backup-1770105602478.zip
✅ Backup uploaded: backup-1770105602478.zip
🗑️ Deleted oldest Google Drive backup: backup-1770019202313.zip
🧹 Removed local temporary backup file
✅ Backup process completed!
⏳ Creating backup...
✅ Local backup created: /home/lmnet/server/server/backups/backup-1770112802899.zip
✅ Backup uploaded: backup-1770112802899.zip
🗑️ Deleted oldest Google Drive backup: backup-1770026402952.zip
🧹 Removed local temporary backup file
✅ Backup process completed!
⏳ Creating backup...
✅ Local backup created: /home/lmnet/server/server/backups/backup-1770120002108.zip
✅ Backup uploaded: backup-1770120002108.zip
🗑️ Deleted oldest Google Drive backup: backup-1770033602648.zip
🧹 Removed local temporary backup file
✅ Backup process completed!
⏳ Creating backup...
✅ Local backup created: /home/lmnet/server/server/backups/backup-1770127202079.zip
✅ Backup uploaded: backup-1770127202079.zip
🗑️ Deleted oldest Google Drive backup: backup-1770040803081.zip
🧹 Removed local temporary backup file
✅ Backup process completed!
⏳ Creating backup...
✅ Local backup created: /home/lmnet/server/server/backups/backup-1770134402102.zip
✅ Backup uploaded: backup-1770134402102.zip
🗑️ Deleted oldest Google Drive backup: backup-1770048002613.zip
🧹 Removed local temporary backup file
✅ Backup process completed!
⏳ Creating backup...
✅ Local backup created: /home/lmnet/server/server/backups/backup-1770141602249.zip
✅ Backup uploaded: backup-1770141602249.zip
🗑️ Deleted oldest Google Drive backup: backup-1770055202142.zip
🧹 Removed local temporary backup file
✅ Backup process completed!
⏳ Creating backup...
✅ Local backup created: /home/lmnet/server/server/backups/backup-1770148802878.zip
✅ Backup uploaded: backup-1770148802878.zip
🗑️ Deleted oldest Google Drive backup: backup-1770062402298.zip
🧹 Removed local temporary backup file
✅ Backup process completed!
⏳ Creating backup...
✅ Local backup created: /home/lmnet/server/server/backups/backup-1770156002650.zip
✅ Backup uploaded: backup-1770156002650.zip
🗑️ Deleted oldest Google Drive backup: backup-1770069602777.zip
🧹 Removed local temporary backup file
✅ Backup process completed!
⏳ Creating backup...
✅ Local backup created: /home/lmnet/server/server/backups/backup-1770163202999.zip
✅ Backup uploaded: backup-1770163202999.zip
🗑️ Deleted oldest Google Drive backup: backup-1770076802434.zip
🧹 Removed local temporary backup file
✅ Backup process completed!
⏳ Creating backup...
✅ Local backup created: /home/lmnet/server/server/backups/backup-1770170403020.zip
✅ Backup uploaded: backup-1770170403020.zip
🗑️ Deleted oldest Google Drive backup: backup-1770084002380.zip
🧹 Removed local temporary backup file
✅ Backup process completed!
⏳ Creating backup...
✅ Local backup created: /home/lmnet/server/server/backups/backup-1770177602797.zip
✅ Backup uploaded: backup-1770177602797.zip
🗑️ Deleted oldest Google Drive backup: backup-1770091202410.zip
🧹 Removed local temporary backup file
✅ Backup process completed!
⏳ Creating backup...
✅ Local backup created: /home/lmnet/server/server/backups/backup-1770184801889.zip
✅ Backup uploaded: backup-1770184801889.zip
🗑️ Deleted oldest Google Drive backup: backup-1770098402405.zip
🧹 Removed local temporary backup file
✅ Backup process completed!
⏳ Creating backup...
✅ Local backup created: /home/lmnet/server/server/backups/backup-1770192003164.zip
✅ Backup uploaded: backup-1770192003164.zip
🗑️ Deleted oldest Google Drive backup: backup-1770105602478.zip
🧹 Removed local temporary backup file
✅ Backup process completed!
⏳ Creating backup...
✅ Local backup created: /home/lmnet/server/server/backups/backup-1770199202820.zip
✅ Backup uploaded: backup-1770199202820.zip
🗑️ Deleted oldest Google Drive backup: backup-1770112802899.zip
🧹 Removed local temporary backup file
✅ Backup process completed!
⏳ Creating backup...
✅ Local backup created: /home/lmnet/server/server/backups/backup-1770206402943.zip
✅ Backup uploaded: backup-1770206402943.zip
🗑️ Deleted oldest Google Drive backup: backup-1770120002108.zip
🧹 Removed local temporary backup file
✅ Backup process completed!
⏳ Creating backup...
✅ Local backup created: /home/lmnet/server/server/backups/backup-1770213602494.zip
✅ Backup uploaded: backup-1770213602494.zip
🗑️ Deleted oldest Google Drive backup: backup-1770127202079.zip
🧹 Removed local temporary backup file
✅ Backup process completed!
⏳ Creating backup...
✅ Local backup created: /home/lmnet/server/server/backups/backup-1770220802765.zip
✅ Backup uploaded: backup-1770220802765.zip
🗑️ Deleted oldest Google Drive backup: backup-1770134402102.zip
🧹 Removed local temporary backup file
✅ Backup process completed!
⏳ Creating backup...
✅ Local backup created: /home/lmnet/server/server/backups/backup-1770228002682.zip
✅ Backup uploaded: backup-1770228002682.zip
🗑️ Deleted oldest Google Drive backup: backup-1770141602249.zip
🧹 Removed local temporary backup file
✅ Backup process completed!
⏳ Creating backup...
✅ Local backup created: /home/lmnet/server/server/backups/backup-1770235202194.zip
✅ Backup uploaded: backup-1770235202194.zip
🗑️ Deleted oldest Google Drive backup: backup-1770148802878.zip
🧹 Removed local temporary backup file
✅ Backup process completed!
⏳ Creating backup...
✅ Local backup created: /home/lmnet/server/server/backups/backup-1770242402904.zip
✅ Backup uploaded: backup-1770242402904.zip
🗑️ Deleted oldest Google Drive backup: backup-1770156002650.zip
🧹 Removed local temporary backup file
✅ Backup process completed!
⏳ Creating backup...
✅ Local backup created: /home/lmnet/server/server/backups/backup-1770249602842.zip
✅ Backup uploaded: backup-1770249602842.zip
🗑️ Deleted oldest Google Drive backup: backup-1770163202999.zip
🧹 Removed local temporary backup file
✅ Backup process completed!
⏳ Creating backup...
✅ Local backup created: /home/lmnet/server/server/backups/backup-1770256802590.zip
✅ Backup uploaded: backup-1770256802590.zip
🗑️ Deleted oldest Google Drive backup: backup-1770170403020.zip
🧹 Removed local temporary backup file
✅ Backup process completed!
⏳ Creating backup...
✅ Local backup created: /home/lmnet/server/server/backups/backup-1770264002340.zip
✅ Backup uploaded: backup-1770264002340.zip
🗑️ Deleted oldest Google Drive backup: backup-1770177602797.zip
🧹 Removed local temporary backup file
✅ Backup process completed!
⏳ Creating backup...
✅ Local backup created: /home/lmnet/server/server/backups/backup-1770271202353.zip
✅ Backup uploaded: backup-1770271202353.zip
🗑️ Deleted oldest Google Drive backup: backup-1770184801889.zip
🧹 Removed local temporary backup file
✅ Backup process completed!
⏳ Creating backup...
✅ Local backup created: /home/lmnet/server/server/backups/backup-1770278402740.zip
✅ Backup uploaded: backup-1770278402740.zip
🗑️ Deleted oldest Google Drive backup: backup-1770192003164.zip
🧹 Removed local temporary backup file
✅ Backup process completed!
⏳ Creating backup...
✅ Local backup created: /home/lmnet/server/server/backups/backup-1770285602404.zip
✅ Backup uploaded: backup-1770285602404.zip
🗑️ Deleted oldest Google Drive backup: backup-1770199202820.zip
🧹 Removed local temporary backup file
✅ Backup process completed!
⏳ Creating backup...
✅ Local backup created: /home/lmnet/server/server/backups/backup-1770292802167.zip
✅ Backup uploaded: backup-1770292802167.zip
🗑️ Deleted oldest Google Drive backup: backup-1770206402943.zip
🧹 Removed local temporary backup file
✅ Backup process completed!
⏳ Creating backup...
✅ Local backup created: /home/lmnet/server/server/backups/backup-1770300002705.zip
✅ Backup uploaded: backup-1770300002705.zip
🗑️ Deleted oldest Google Drive backup: backup-1770213602494.zip
🧹 Removed local temporary backup file
✅ Backup process completed!
⏳ Creating backup...
✅ Local backup created: /home/lmnet/server/server/backups/backup-1770307202899.zip
✅ Backup uploaded: backup-1770307202899.zip
🗑️ Deleted oldest Google Drive backup: backup-1770220802765.zip
🧹 Removed local temporary backup file
✅ Backup process completed!
⏳ Creating backup...
✅ Local backup created: /home/lmnet/server/server/backups/backup-1770314402939.zip
✅ Backup uploaded: backup-1770314402939.zip
🗑️ Deleted oldest Google Drive backup: backup-1770228002682.zip
🧹 Removed local temporary backup file
✅ Backup process completed!
⏳ Creating backup...
✅ Local backup created: /home/lmnet/server/server/backups/backup-1770321602437.zip
✅ Backup uploaded: backup-1770321602437.zip
🗑️ Deleted oldest Google Drive backup: backup-1770235202194.zip
🧹 Removed local temporary backup file
✅ Backup process completed!
⏳ Creating backup...
✅ Local backup created: /home/lmnet/server/server/backups/backup-1770328802974.zip
✅ Backup uploaded: backup-1770328802974.zip
🗑️ Deleted oldest Google Drive backup: backup-1770242402904.zip
🧹 Removed local temporary backup file
✅ Backup process completed!
⏳ Creating backup...
✅ Local backup created: /home/lmnet/server/server/backups/backup-1770336002279.zip
✅ Backup uploaded: backup-1770336002279.zip
🗑️ Deleted oldest Google Drive backup: backup-1770249602842.zip
🧹 Removed local temporary backup file
✅ Backup process completed!
⏳ Creating backup...
✅ Local backup created: /home/lmnet/server/server/backups/backup-1770343202303.zip
✅ Backup uploaded: backup-1770343202303.zip
🗑️ Deleted oldest Google Drive backup: backup-1770256802590.zip
🧹 Removed local temporary backup file
✅ Backup process completed!
⏳ Creating backup...
✅ Local backup created: /home/lmnet/server/server/backups/backup-1770350402305.zip
✅ Backup uploaded: backup-1770350402305.zip
🗑️ Deleted oldest Google Drive backup: backup-1770264002340.zip
🧹 Removed local temporary backup file
✅ Backup process completed!
⏳ Creating backup...
✅ Local backup created: /home/lmnet/server/server/backups/backup-1770357602717.zip
✅ Backup uploaded: backup-1770357602717.zip
🗑️ Deleted oldest Google Drive backup: backup-1770271202353.zip
🧹 Removed local temporary backup file
✅ Backup process completed!
⏳ Creating backup...
✅ Local backup created: /home/lmnet/server/server/backups/backup-1770364802715.zip
✅ Backup uploaded: backup-1770364802715.zip
🗑️ Deleted oldest Google Drive backup: backup-1770278402740.zip
🧹 Removed local temporary backup file
✅ Backup process completed!
⏳ Creating backup...
✅ Local backup created: /home/lmnet/server/server/backups/backup-1770372002804.zip
✅ Backup uploaded: backup-1770372002804.zip
🗑️ Deleted oldest Google Drive backup: backup-1770285602404.zip
🧹 Removed local temporary backup file
✅ Backup process completed!
⏳ Creating backup...
✅ Local backup created: /home/lmnet/server/server/backups/backup-1770379202940.zip
✅ Backup uploaded: backup-1770379202940.zip
🗑️ Deleted oldest Google Drive backup: backup-1770292802167.zip
🧹 Removed local temporary backup file
✅ Backup process completed!
⏳ Creating backup...
✅ Local backup created: /home/lmnet/server/server/backups/backup-1770386402538.zip
✅ Backup uploaded: backup-1770386402538.zip
🗑️ Deleted oldest Google Drive backup: backup-1770300002705.zip
🧹 Removed local temporary backup file
✅ Backup process completed!
⏳ Creating backup...
✅ Local backup created: /home/lmnet/server/server/backups/backup-1770393602727.zip
✅ Backup uploaded: backup-1770393602727.zip
🗑️ Deleted oldest Google Drive backup: backup-1770307202899.zip
🧹 Removed local temporary backup file
✅ Backup process completed!
⏳ Creating backup...
✅ Local backup created: /home/lmnet/server/server/backups/backup-1770400802173.zip
✅ Backup uploaded: backup-1770400802173.zip
🗑️ Deleted oldest Google Drive backup: backup-1770314402939.zip
🧹 Removed local temporary backup file
✅ Backup process completed!
⏳ Creating backup...
✅ Local backup created: /home/lmnet/server/server/backups/backup-1770408002202.zip
✅ Backup uploaded: backup-1770408002202.zip
🗑️ Deleted oldest Google Drive backup: backup-1770321602437.zip
🧹 Removed local temporary backup file
✅ Backup process completed!
⏳ Creating backup...
✅ Local backup created: /home/lmnet/server/server/backups/backup-1770415202198.zip
✅ Backup uploaded: backup-1770415202198.zip
🗑️ Deleted oldest Google Drive backup: backup-1770328802974.zip
🧹 Removed local temporary backup file
✅ Backup process completed!
⏳ Creating backup...
✅ Local backup created: /home/lmnet/server/server/backups/backup-1770422402262.zip
✅ Backup uploaded: backup-1770422402262.zip
🗑️ Deleted oldest Google Drive backup: backup-1770336002279.zip
🧹 Removed local temporary backup file
✅ Backup process completed!
⏳ Creating backup...
✅ Local backup created: /home/lmnet/server/server/backups/backup-1770429602745.zip
✅ Backup uploaded: backup-1770429602745.zip
🗑️ Deleted oldest Google Drive backup: backup-1770343202303.zip
🧹 Removed local temporary backup file
✅ Backup process completed!
⏳ Creating backup...
✅ Local backup created: /home/lmnet/server/server/backups/backup-1770436802616.zip
✅ Backup uploaded: backup-1770436802616.zip
🗑️ Deleted oldest Google Drive backup: backup-1770350402305.zip
🧹 Removed local temporary backup file
✅ Backup process completed!
⏳ Creating backup...
✅ Local backup created: /home/lmnet/server/server/backups/backup-1770444003082.zip
✅ Backup uploaded: backup-1770444003082.zip
🗑️ Deleted oldest Google Drive backup: backup-1770357602717.zip
🧹 Removed local temporary backup file
✅ Backup process completed!
⏳ Creating backup...
✅ Local backup created: /home/lmnet/server/server/backups/backup-1770451203044.zip
✅ Backup uploaded: backup-1770451203044.zip
🗑️ Deleted oldest Google Drive backup: backup-1770364802715.zip
🧹 Removed local temporary backup file
✅ Backup process completed!
⏳ Creating backup...
✅ Local backup created: /home/lmnet/server/server/backups/backup-1770458402713.zip
✅ Backup uploaded: backup-1770458402713.zip
🗑️ Deleted oldest Google Drive backup: backup-1770372002804.zip
🧹 Removed local temporary backup file
✅ Backup process completed!
⏳ Creating backup...
✅ Local backup created: /home/lmnet/server/server/backups/backup-1770465601844.zip
✅ Backup uploaded: backup-1770465601844.zip
🗑️ Deleted oldest Google Drive backup: backup-1770379202940.zip
🧹 Removed local temporary backup file
✅ Backup process completed!
⏳ Creating backup...
✅ Local backup created: /home/lmnet/server/server/backups/backup-1770472802318.zip
✅ Backup uploaded: backup-1770472802318.zip
🗑️ Deleted oldest Google Drive backup: backup-1770386402538.zip
🧹 Removed local temporary backup file
✅ Backup process completed!
⏳ Creating backup...
✅ Local backup created: /home/lmnet/server/server/backups/backup-1770480002455.zip
✅ Backup uploaded: backup-1770480002455.zip
🗑️ Deleted oldest Google Drive backup: backup-1770393602727.zip
🧹 Removed local temporary backup file
✅ Backup process completed!
⏳ Creating backup...
✅ Local backup created: /home/lmnet/server/server/backups/backup-1770487202648.zip
✅ Backup uploaded: backup-1770487202648.zip
🗑️ Deleted oldest Google Drive backup: backup-1770400802173.zip
🧹 Removed local temporary backup file
✅ Backup process completed!
⏳ Creating backup...
✅ Local backup created: /home/lmnet/server/server/backups/backup-1770494402826.zip
✅ Backup uploaded: backup-1770494402826.zip
🗑️ Deleted oldest Google Drive backup: backup-1770408002202.zip
🧹 Removed local temporary backup file
✅ Backup process completed!
⏳ Creating backup...
✅ Local backup created: /home/lmnet/server/server/backups/backup-1770501602212.zip
✅ Backup uploaded: backup-1770501602212.zip
🗑️ Deleted oldest Google Drive backup: backup-1770415202198.zip
🧹 Removed local temporary backup file
✅ Backup process completed!
⏳ Creating backup...
✅ Local backup created: /home/lmnet/server/server/backups/backup-1770508803087.zip
✅ Backup uploaded: backup-1770508803087.zip
🗑️ Deleted oldest Google Drive backup: backup-1770422402262.zip
🧹 Removed local temporary backup file
✅ Backup process completed!
⏳ Creating backup...
✅ Local backup created: /home/lmnet/server/server/backups/backup-1770516002838.zip
✅ Backup uploaded: backup-1770516002838.zip
🗑️ Deleted oldest Google Drive backup: backup-1770429602745.zip
🧹 Removed local temporary backup file
✅ Backup process completed!
⏳ Creating backup...
✅ Local backup created: /home/lmnet/server/server/backups/backup-1770523202613.zip
✅ Backup uploaded: backup-1770523202613.zip
🗑️ Deleted oldest Google Drive backup: backup-1770436802616.zip
🧹 Removed local temporary backup file
✅ Backup process completed!
⏳ Creating backup...
✅ Local backup created: /home/lmnet/server/server/backups/backup-1770530402294.zip
✅ Backup uploaded: backup-1770530402294.zip
🗑️ Deleted oldest Google Drive backup: backup-1770444003082.zip
🧹 Removed local temporary backup file
✅ Backup process completed!
⏳ Creating backup...
✅ Local backup created: /home/lmnet/server/server/backups/backup-1770537602797.zip
✅ Backup uploaded: backup-1770537602797.zip
🗑️ Deleted oldest Google Drive backup: backup-1770451203044.zip
🧹 Removed local temporary backup file
✅ Backup process completed!
⏳ Creating backup...
✅ Local backup created: /home/lmnet/server/server/backups/backup-1770544802835.zip
✅ Backup uploaded: backup-1770544802835.zip
🗑️ Deleted oldest Google Drive backup: backup-1770458402713.zip
🧹 Removed local temporary backup file
✅ Backup process completed!
⏳ Creating backup...
✅ Local backup created: /home/lmnet/server/server/backups/backup-1770552002496.zip
✅ Backup uploaded: backup-1770552002496.zip
🗑️ Deleted oldest Google Drive backup: backup-1770465601844.zip
🧹 Removed local temporary backup file
✅ Backup process completed!
⏳ Creating backup...
✅ Local backup created: /home/lmnet/server/server/backups/backup-1770559202601.zip
✅ Backup uploaded: backup-1770559202601.zip
🗑️ Deleted oldest Google Drive backup: backup-1770472802318.zip
🧹 Removed local temporary backup file
✅ Backup process completed!
⏳ Creating backup...
✅ Local backup created: /home/lmnet/server/server/backups/backup-1770566402688.zip
✅ Backup uploaded: backup-1770566402688.zip
🗑️ Deleted oldest Google Drive backup: backup-1770480002455.zip
🧹 Removed local temporary backup file
✅ Backup process completed!
⏳ Creating backup...
✅ Local backup created: /home/lmnet/server/server/backups/backup-1770573602179.zip
✅ Backup uploaded: backup-1770573602179.zip
🗑️ Deleted oldest Google Drive backup: backup-1770487202648.zip
🧹 Removed local temporary backup file
✅ Backup process completed!
⏳ Creating backup...
✅ Local backup created: /home/lmnet/server/server/backups/backup-1770580802638.zip
✅ Backup uploaded: backup-1770580802638.zip
🗑️ Deleted oldest Google Drive backup: backup-1770494402826.zip
🧹 Removed local temporary backup file
✅ Backup process completed!
⏳ Creating backup...
✅ Local backup created: /home/lmnet/server/server/backups/backup-1770588002103.zip
✅ Backup uploaded: backup-1770588002103.zip
🗑️ Deleted oldest Google Drive backup: backup-1770501602212.zip
🧹 Removed local temporary backup file
✅ Backup process completed!
⏳ Creating backup...
✅ Local backup created: /home/lmnet/server/server/backups/backup-1770595203036.zip
✅ Backup uploaded: backup-1770595203036.zip
🗑️ Deleted oldest Google Drive backup: backup-1770508803087.zip
🧹 Removed local temporary backup file
✅ Backup process completed!
⏳ Creating backup...
✅ Local backup created: /home/lmnet/server/server/backups/backup-1770602402795.zip
✅ Backup uploaded: backup-1770602402795.zip
🗑️ Deleted oldest Google Drive backup: backup-1770516002838.zip
🧹 Removed local temporary backup file
✅ Backup process completed!
⏳ Creating backup...
✅ Local backup created: /home/lmnet/server/server/backups/backup-1770609602431.zip
✅ Backup uploaded: backup-1770609602431.zip
🗑️ Deleted oldest Google Drive backup: backup-1770523202613.zip
🧹 Removed local temporary backup file
✅ Backup process completed!
⏳ Creating backup...
✅ Local backup created: /home/lmnet/server/server/backups/backup-1770616802155.zip
✅ Backup uploaded: backup-1770616802155.zip
🗑️ Deleted oldest Google Drive backup: backup-1770530402294.zip
🧹 Removed local temporary backup file
✅ Backup process completed!
⏳ Creating backup...
✅ Local backup created: /home/lmnet/server/server/backups/backup-1770624002650.zip
✅ Backup uploaded: backup-1770624002650.zip
🗑️ Deleted oldest Google Drive backup: backup-1770537602797.zip
🧹 Removed local temporary backup file
✅ Backup process completed!
⏳ Creating backup...
✅ Local backup created: /home/lmnet/server/server/backups/backup-1770631202138.zip
✅ Backup uploaded: backup-1770631202138.zip
🗑️ Deleted oldest Google Drive backup: backup-1770544802835.zip
🧹 Removed local temporary backup file
✅ Backup process completed!
⏳ Creating backup...
✅ Local backup created: /home/lmnet/server/server/backups/backup-1770638402711.zip
✅ Backup uploaded: backup-1770638402711.zip
🗑️ Deleted oldest Google Drive backup: backup-1770552002496.zip
🧹 Removed local temporary backup file
✅ Backup process completed!
⏳ Creating backup...
✅ Local backup created: /home/lmnet/server/server/backups/backup-1770645602831.zip
✅ Backup uploaded: backup-1770645602831.zip
🗑️ Deleted oldest Google Drive backup: backup-1770559202601.zip
🧹 Removed local temporary backup file
✅ Backup process completed!
⏳ Creating backup...
✅ Local backup created: /home/lmnet/server/server/backups/backup-1770652802974.zip
✅ Backup uploaded: backup-1770652802974.zip
🗑️ Deleted oldest Google Drive backup: backup-1770566402688.zip
🧹 Removed local temporary backup file
✅ Backup process completed!
⏳ Creating backup...
✅ Local backup created: /home/lmnet/server/server/backups/backup-1770660002475.zip
✅ Backup uploaded: backup-1770660002475.zip
🗑️ Deleted oldest Google Drive backup: backup-1770573602179.zip
🧹 Removed local temporary backup file
✅ Backup process completed!
⏳ Creating backup...
✅ Local backup created: /home/lmnet/server/server/backups/backup-1770667202706.zip
✅ Backup uploaded: backup-1770667202706.zip
🗑️ Deleted oldest Google Drive backup: backup-1770580802638.zip
🧹 Removed local temporary backup file
✅ Backup process completed!
⏳ Creating backup...
✅ Local backup created: /home/lmnet/server/server/backups/backup-1770674402663.zip
✅ Backup uploaded: backup-1770674402663.zip
🗑️ Deleted oldest Google Drive backup: backup-1770588002103.zip
🧹 Removed local temporary backup file
✅ Backup process completed!
⏳ Creating backup...
✅ Local backup created: /home/lmnet/server/server/backups/backup-1770681602355.zip
✅ Backup uploaded: backup-1770681602355.zip
🗑️ Deleted oldest Google Drive backup: backup-1770595203036.zip
🧹 Removed local temporary backup file
✅ Backup process completed!
⏳ Creating backup...
✅ Local backup created: /home/lmnet/server/server/backups/backup-1770688802804.zip
✅ Backup uploaded: backup-1770688802804.zip
🗑️ Deleted oldest Google Drive backup: backup-1770602402795.zip
🧹 Removed local temporary backup file
✅ Backup process completed!
⏳ Creating backup...
✅ Local backup created: /home/lmnet/server/server/backups/backup-1770696002792.zip
✅ Backup uploaded: backup-1770696002792.zip
🗑️ Deleted oldest Google Drive backup: backup-1770609602431.zip
🧹 Removed local temporary backup file
✅ Backup process completed!
⏳ Creating backup...
✅ Local backup created: /home/lmnet/server/server/backups/backup-1770703202083.zip
✅ Backup uploaded: backup-1770703202083.zip
🗑️ Deleted oldest Google Drive backup: backup-1770616802155.zip
🧹 Removed local temporary backup file
✅ Backup process completed!
⏳ Creating backup...
✅ Local backup created: /home/lmnet/server/server/backups/backup-1770710403095.zip
✅ Backup uploaded: backup-1770710403095.zip
🗑️ Deleted oldest Google Drive backup: backup-1770624002650.zip
🧹 Removed local temporary backup file
✅ Backup process completed!
⏳ Creating backup...
✅ Local backup created: /home/lmnet/server/server/backups/backup-1770717602194.zip
✅ Backup uploaded: backup-1770717602194.zip
🗑️ Deleted oldest Google Drive backup: backup-1770631202138.zip
🧹 Removed local temporary backup file
✅ Backup process completed!
⏳ Creating backup...
✅ Local backup created: /home/lmnet/server/server/backups/backup-1770724802607.zip
✅ Backup uploaded: backup-1770724802607.zip
🗑️ Deleted oldest Google Drive backup: backup-1770638402711.zip
🧹 Removed local temporary backup file
✅ Backup process completed!
⏳ Creating backup...
✅ Local backup created: /home/lmnet/server/server/backups/backup-1770732001781.zip
✅ Backup uploaded: backup-1770732001781.zip
🗑️ Deleted oldest Google Drive backup: backup-1770645602831.zip
🧹 Removed local temporary backup file
✅ Backup process completed!
⏳ Creating backup...
✅ Local backup created: /home/lmnet/server/server/backups/backup-1770739202277.zip
✅ Backup uploaded: backup-1770739202277.zip
🗑️ Deleted oldest Google Drive backup: backup-1770652802974.zip
🧹 Removed local temporary backup file
✅ Backup process completed!
⏳ Creating backup...
✅ Local backup created: /home/lmnet/server/server/backups/backup-1770746402668.zip
✅ Backup uploaded: backup-1770746402668.zip
🗑️ Deleted oldest Google Drive backup: backup-1770660002475.zip
🧹 Removed local temporary backup file
✅ Backup process completed!
⏳ Creating backup...
✅ Local backup created: /home/lmnet/server/server/backups/backup-1770753602777.zip
✅ Backup uploaded: backup-1770753602777.zip
🗑️ Deleted oldest Google Drive backup: backup-1770667202706.zip
🧹 Removed local temporary backup file
✅ Backup process completed!
⏳ Creating backup...
✅ Local backup created: /home/lmnet/server/server/backups/backup-1770760802172.zip
✅ Backup uploaded: backup-1770760802172.zip
🗑️ Deleted oldest Google Drive backup: backup-1770674402663.zip
🧹 Removed local temporary backup file
✅ Backup process completed!
⏳ Creating backup...
✅ Local backup created: /home/lmnet/server/server/backups/backup-1770768002606.zip
✅ Backup uploaded: backup-1770768002606.zip
🗑️ Deleted oldest Google Drive backup: backup-1770681602355.zip
🧹 Removed local temporary backup file
✅ Backup process completed!
⏳ Creating backup...
✅ Local backup created: /home/lmnet/server/server/backups/backup-1770775202161.zip
✅ Backup uploaded: backup-1770775202161.zip
🗑️ Deleted oldest Google Drive backup: backup-1770688802804.zip
🧹 Removed local temporary backup file
✅ Backup process completed!
⏳ Creating backup...
✅ Local backup created: /home/lmnet/server/server/backups/backup-1770782402636.zip
✅ Backup uploaded: backup-1770782402636.zip
🗑️ Deleted oldest Google Drive backup: backup-1770696002792.zip
🧹 Removed local temporary backup file
✅ Backup process completed!
⏳ Creating backup...
✅ Local backup created: /home/lmnet/server/server/backups/backup-1770789602611.zip
✅ Backup uploaded: backup-1770789602611.zip
🗑️ Deleted oldest Google Drive backup: backup-1770703202083.zip
🧹 Removed local temporary backup file
✅ Backup process completed!
⏳ Creating backup...
✅ Local backup created: /home/lmnet/server/server/backups/backup-1770796801979.zip
✅ Backup uploaded: backup-1770796801979.zip
🗑️ Deleted oldest Google Drive backup: backup-1770710403095.zip
🧹 Removed local temporary backup file
✅ Backup process completed!
⏳ Creating backup...
✅ Local backup created: /home/lmnet/server/server/backups/backup-1770804002662.zip
✅ Backup uploaded: backup-1770804002662.zip
🗑️ Deleted oldest Google Drive backup: backup-1770717602194.zip
🧹 Removed local temporary backup file
✅ Backup process completed!
⏳ Creating backup...
✅ Local backup created: /home/lmnet/server/server/backups/backup-1770811202329.zip
✅ Backup uploaded: backup-1770811202329.zip
🗑️ Deleted oldest Google Drive backup: backup-1770724802607.zip
🧹 Removed local temporary backup file
✅ Backup process completed!
⏳ Creating backup...
✅ Local backup created: /home/lmnet/server/server/backups/backup-1770818402032.zip
✅ Backup uploaded: backup-1770818402032.zip
🗑️ Deleted oldest Google Drive backup: backup-1770732001781.zip
🧹 Removed local temporary backup file
✅ Backup process completed!
⏳ Creating backup...
✅ Local backup created: /home/lmnet/server/server/backups/backup-1770825602377.zip
✅ Backup uploaded: backup-1770825602377.zip
🗑️ Deleted oldest Google Drive backup: backup-1770739202277.zip
🧹 Removed local temporary backup file
✅ Backup process completed!
⏳ Creating backup...
✅ Local backup created: /home/lmnet/server/server/backups/backup-1770832802831.zip
✅ Backup uploaded: backup-1770832802831.zip
🗑️ Deleted oldest Google Drive backup: backup-1770746402668.zip
🧹 Removed local temporary backup file
✅ Backup process completed!
⏳ Creating backup...
✅ Local backup created: /home/lmnet/server/server/backups/backup-1770840002246.zip
✅ Backup uploaded: backup-1770840002246.zip
🗑️ Deleted oldest Google Drive backup: backup-1770753602777.zip
🧹 Removed local temporary backup file
✅ Backup process completed!
⏳ Creating backup...
✅ Local backup created: /home/lmnet/server/server/backups/backup-1770847202068.zip
✅ Backup uploaded: backup-1770847202068.zip
🗑️ Deleted oldest Google Drive backup: backup-1770760802172.zip
🧹 Removed local temporary backup file
✅ Backup process completed!
⏳ Creating backup...
✅ Local backup created: /home/lmnet/server/server/backups/backup-1770854402752.zip
✅ Backup uploaded: backup-1770854402752.zip
🗑️ Deleted oldest Google Drive backup: backup-1770768002606.zip
🧹 Removed local temporary backup file
✅ Backup process completed!
⏳ Creating backup...
✅ Local backup created: /home/lmnet/server/server/backups/backup-1770861602656.zip
✅ Backup uploaded: backup-1770861602656.zip
🗑️ Deleted oldest Google Drive backup: backup-1770775202161.zip
🧹 Removed local temporary backup file
✅ Backup process completed!
⏳ Creating backup...
✅ Local backup created: /home/lmnet/server/server/backups/backup-1770868802238.zip
✅ Backup uploaded: backup-1770868802238.zip
🗑️ Deleted oldest Google Drive backup: backup-1770782402636.zip
🧹 Removed local temporary backup file
✅ Backup process completed!
⏳ Creating backup...
✅ Local backup created: /home/lmnet/server/server/backups/backup-1770876003097.zip
✅ Backup uploaded: backup-1770876003097.zip
🗑️ Deleted oldest Google Drive backup: backup-1770789602611.zip
🧹 Removed local temporary backup file
✅ Backup process completed!
⏳ Creating backup...
✅ Local backup created: /home/lmnet/server/server/backups/backup-1770883202775.zip
✅ Backup uploaded: backup-1770883202775.zip
🗑️ Deleted oldest Google Drive backup: backup-1770796801979.zip
🧹 Removed local temporary backup file
✅ Backup process completed!
⏳ Creating backup...
✅ Local backup created: /home/lmnet/server/server/backups/backup-1770890402281.zip
✅ Backup uploaded: backup-1770890402281.zip
🗑️ Deleted oldest Google Drive backup: backup-1770804002662.zip
🧹 Removed local temporary backup file
✅ Backup process completed!
⏳ Creating backup...
✅ Local backup created: /home/lmnet/server/server/backups/backup-1770897602268.zip
✅ Backup uploaded: backup-1770897602268.zip
🗑️ Deleted oldest Google Drive backup: backup-1770811202329.zip
🧹 Removed local temporary backup file
✅ Backup process completed!
⏳ Creating backup...
✅ Local backup created: /home/lmnet/server/server/backups/backup-1770904802689.zip
✅ Backup uploaded: backup-1770904802689.zip
🗑️ Deleted oldest Google Drive backup: backup-1770818402032.zip
🧹 Removed local temporary backup file
✅ Backup process completed!
⏳ Creating backup...
✅ Local backup created: /home/lmnet/server/server/backups/backup-1770912002948.zip
✅ Backup uploaded: backup-1770912002948.zip
🗑️ Deleted oldest Google Drive backup: backup-1770825602377.zip
🧹 Removed local temporary backup file
✅ Backup process completed!
⏳ Creating backup...
✅ Local backup created: /home/lmnet/server/server/backups/backup-1770919202977.zip
✅ Backup uploaded: backup-1770919202977.zip
🗑️ Deleted oldest Google Drive backup: backup-1770832802831.zip
🧹 Removed local temporary backup file
✅ Backup process completed!
⏳ Creating backup...
✅ Local backup created: /home/lmnet/server/server/backups/backup-1770926402460.zip
✅ Backup uploaded: backup-1770926402460.zip
🗑️ Deleted oldest Google Drive backup: backup-1770840002246.zip
🧹 Removed local temporary backup file
✅ Backup process completed!
⏳ Creating backup...
✅ Local backup created: /home/lmnet/server/server/backups/backup-1770933602289.zip
✅ Backup uploaded: backup-1770933602289.zip
🗑️ Deleted oldest Google Drive backup: backup-1770847202068.zip
🧹 Removed local temporary backup file
✅ Backup process completed!
⏳ Creating backup...
✅ Local backup created: /home/lmnet/server/server/backups/backup-1770940803080.zip
✅ Backup uploaded: backup-1770940803080.zip
🗑️ Deleted oldest Google Drive backup: backup-1770854402752.zip
🧹 Removed local temporary backup file
✅ Backup process completed!
⏳ Creating backup...
✅ Local backup created: /home/lmnet/server/server/backups/backup-1770948002274.zip
✅ Backup uploaded: backup-1770948002274.zip
🗑️ Deleted oldest Google Drive backup: backup-1770861602656.zip
🧹 Removed local temporary backup file
✅ Backup process completed!
⏳ Creating backup...
✅ Local backup created: /home/lmnet/server/server/backups/backup-1770955202272.zip
✅ Backup uploaded: backup-1770955202272.zip
🗑️ Deleted oldest Google Drive backup: backup-1770868802238.zip
🧹 Removed local temporary backup file
✅ Backup process completed!
⏳ Creating backup...
✅ Local backup created: /home/lmnet/server/server/backups/backup-1770962403055.zip
✅ Backup uploaded: backup-1770962403055.zip
🗑️ Deleted oldest Google Drive backup: backup-1770876003097.zip
🧹 Removed local temporary backup file
✅ Backup process completed!
⏳ Creating backup...
✅ Local backup created: /home/lmnet/server/server/backups/backup-1770969602986.zip
✅ Backup uploaded: backup-1770969602986.zip
🗑️ Deleted oldest Google Drive backup: backup-1770883202775.zip
🧹 Removed local temporary backup file
✅ Backup process completed!
⏳ Creating backup...
✅ Local backup created: /home/lmnet/server/server/backups/backup-1770976801902.zip
✅ Backup uploaded: backup-1770976801902.zip
🗑️ Deleted oldest Google Drive backup: backup-1770890402281.zip
🧹 Removed local temporary backup file
✅ Backup process completed!
⏳ Creating backup...
✅ Local backup created: /home/lmnet/server/server/backups/backup-1770984002336.zip
✅ Backup uploaded: backup-1770984002336.zip
🗑️ Deleted oldest Google Drive backup: backup-1770897602268.zip
🧹 Removed local temporary backup file
✅ Backup process completed!
⏳ Creating backup...
✅ Local backup created: /home/lmnet/server/server/backups/backup-1770991202034.zip
✅ Backup uploaded: backup-1770991202034.zip
🗑️ Deleted oldest Google Drive backup: backup-1770904802689.zip
🧹 Removed local temporary backup file
✅ Backup process completed!
⏳ Creating backup...
✅ Local backup created: /home/lmnet/server/server/backups/backup-1770998401984.zip
✅ Backup uploaded: backup-1770998401984.zip
🗑️ Deleted oldest Google Drive backup: backup-1770912002948.zip
🧹 Removed local temporary backup file
✅ Backup process completed!
⏳ Creating backup...
✅ Local backup created: /home/lmnet/server/server/backups/backup-1771005602146.zip
✅ Backup uploaded: backup-1771005602146.zip
🗑️ Deleted oldest Google Drive backup: backup-1770919202977.zip
🧹 Removed local temporary backup file
✅ Backup process completed!
⏳ Creating backup...
✅ Local backup created: /home/lmnet/server/server/backups/backup-1771012802578.zip
✅ Backup uploaded: backup-1771012802578.zip
🗑️ Deleted oldest Google Drive backup: backup-1770926402460.zip
🧹 Removed local temporary backup file
✅ Backup process completed!
⏳ Creating backup...
✅ Local backup created: /home/lmnet/server/server/backups/backup-1771020002367.zip
✅ Backup uploaded: backup-1771020002367.zip
🗑️ Deleted oldest Google Drive backup: backup-1770933602289.zip
🧹 Removed local temporary backup file
✅ Backup process completed!
⏳ Creating backup...
✅ Local backup created: /home/lmnet/server/server/backups/backup-1771027202974.zip
✅ Backup uploaded: backup-1771027202974.zip
🗑️ Deleted oldest Google Drive backup: backup-1770940803080.zip
🧹 Removed local temporary backup file
✅ Backup process completed!
⏳ Creating backup...
✅ Local backup created: /home/lmnet/server/server/backups/backup-1771034401962.zip
✅ Backup uploaded: backup-1771034401962.zip
🗑️ Deleted oldest Google Drive backup: backup-1770948002274.zip
🧹 Removed local temporary backup file
✅ Backup process completed!
⏳ Creating backup...
✅ Local backup created: /home/lmnet/server/server/backups/backup-1771041602782.zip
✅ Backup uploaded: backup-1771041602782.zip
🗑️ Deleted oldest Google Drive backup: backup-1770955202272.zip
🧹 Removed local temporary backup file
✅ Backup process completed!
⏳ Creating backup...
✅ Local backup created: /home/lmnet/server/server/backups/backup-1771048802340.zip
✅ Backup uploaded: backup-1771048802340.zip
🗑️ Deleted oldest Google Drive backup: backup-1770962403055.zip
🧹 Removed local temporary backup file
✅ Backup process completed!
⏳ Creating backup...
✅ Local backup created: /home/lmnet/server/server/backups/backup-1771056003052.zip
✅ Backup uploaded: backup-1771056003052.zip
🗑️ Deleted oldest Google Drive backup: backup-1770969602986.zip
🧹 Removed local temporary backup file
✅ Backup process completed!
⏳ Creating backup...
✅ Local backup created: /home/lmnet/server/server/backups/backup-1771063202693.zip
✅ Backup uploaded: backup-1771063202693.zip
🗑️ Deleted oldest Google Drive backup: backup-1770976801902.zip
🧹 Removed local temporary backup file
✅ Backup process completed!
⏳ Creating backup...
✅ Local backup created: /home/lmnet/server/server/backups/backup-1771070402672.zip
✅ Backup uploaded: backup-1771070402672.zip
🗑️ Deleted oldest Google Drive backup: backup-1770984002336.zip
🧹 Removed local temporary backup file
✅ Backup process completed!
⏳ Creating backup...
✅ Local backup created: /home/lmnet/server/server/backups/backup-1771077601930.zip
✅ Backup uploaded: backup-1771077601930.zip
🗑️ Deleted oldest Google Drive backup: backup-1770991202034.zip
🧹 Removed local temporary backup file
✅ Backup process completed!
⏳ Creating backup...
✅ Local backup created: /home/lmnet/server/server/backups/backup-1771084803063.zip
✅ Backup uploaded: backup-1771084803063.zip
🗑️ Deleted oldest Google Drive backup: backup-1770998401984.zip
🧹 Removed local temporary backup file
✅ Backup process completed!
⏳ Creating backup...
✅ Local backup created: /home/lmnet/server/server/backups/backup-1771092002463.zip
✅ Backup uploaded: backup-1771092002463.zip
🗑️ Deleted oldest Google Drive backup: backup-1771005602146.zip
🧹 Removed local temporary backup file
✅ Backup process completed!
⏳ Creating backup...
✅ Local backup created: /home/lmnet/server/server/backups/backup-1771099203033.zip
✅ Backup uploaded: backup-1771099203033.zip
🗑️ Deleted oldest Google Drive backup: backup-1771012802578.zip
🧹 Removed local temporary backup file
✅ Backup process completed!
⏳ Creating backup...
✅ Local backup created: /home/lmnet/server/server/backups/backup-1771106402635.zip
✅ Backup uploaded: backup-1771106402635.zip
🗑️ Deleted oldest Google Drive backup: backup-1771020002367.zip
🧹 Removed local temporary backup file
✅ Backup process completed!
⏳ Creating backup...
✅ Local backup created: /home/lmnet/server/server/backups/backup-1771113602851.zip
✅ Backup uploaded: backup-1771113602851.zip
🗑️ Deleted oldest Google Drive backup: backup-1771027202974.zip
🧹 Removed local temporary backup file
✅ Backup process completed!
⏳ Creating backup...
✅ Local backup created: /home/lmnet/server/server/backups/backup-1771120802310.zip
✅ Backup uploaded: backup-1771120802310.zip
🗑️ Deleted oldest Google Drive backup: backup-1771034401962.zip
🧹 Removed local temporary backup file
✅ Backup process completed!
⏳ Creating backup...
✅ Local backup created: /home/lmnet/server/server/backups/backup-1771128002889.zip
✅ Backup uploaded: backup-1771128002889.zip
🗑️ Deleted oldest Google Drive backup: backup-1771041602782.zip
🧹 Removed local temporary backup file
✅ Backup process completed!
⏳ Creating backup...
✅ Local backup created: /home/lmnet/server/server/backups/backup-1771135202625.zip
✅ Backup uploaded: backup-1771135202625.zip
🗑️ Deleted oldest Google Drive backup: backup-1771048802340.zip
🧹 Removed local temporary backup file
✅ Backup process completed!
⏳ Creating backup...
✅ Local backup created: /home/lmnet/server/server/backups/backup-1771142402583.zip
✅ Backup uploaded: backup-1771142402583.zip
🗑️ Deleted oldest Google Drive backup: backup-1771056003052.zip
🧹 Removed local temporary backup file
✅ Backup process completed!
⏳ Creating backup...
✅ Local backup created: /home/lmnet/server/server/backups/backup-1771149602654.zip
✅ Backup uploaded: backup-1771149602654.zip
🗑️ Deleted oldest Google Drive backup: backup-1771063202693.zip
🧹 Removed local temporary backup file
✅ Backup process completed!
⏳ Creating backup...
✅ Local backup created: /home/lmnet/server/server/backups/backup-1771156802866.zip
✅ Backup uploaded: backup-1771156802866.zip
🗑️ Deleted oldest Google Drive backup: backup-1771070402672.zip
🧹 Removed local temporary backup file
✅ Backup process completed!
⏳ Creating backup...
✅ Local backup created: /home/lmnet/server/server/backups/backup-1771164002095.zip
✅ Backup uploaded: backup-1771164002095.zip
🗑️ Deleted oldest Google Drive backup: backup-1771077601930.zip
🧹 Removed local temporary backup file
✅ Backup process completed!
⏳ Creating backup...
✅ Local backup created: /home/lmnet/server/server/backups/backup-1771171202571.zip
✅ Backup uploaded: backup-1771171202571.zip
🗑️ Deleted oldest Google Drive backup: backup-1771084803063.zip
🧹 Removed local temporary backup file
✅ Backup process completed!
⏳ Creating backup...
✅ Local backup created: /home/lmnet/server/server/backups/backup-1771178402513.zip
✅ Backup uploaded: backup-1771178402513.zip
🗑️ Deleted oldest Google Drive backup: backup-1771092002463.zip
🧹 Removed local temporary backup file
✅ Backup process completed!
⏳ Creating backup...
✅ Local backup created: /home/lmnet/server/server/backups/backup-1771185602114.zip
✅ Backup uploaded: backup-1771185602114.zip
🗑️ Deleted oldest Google Drive backup: backup-1771099203033.zip
🧹 Removed local temporary backup file
✅ Backup process completed!
⏳ Creating backup...
✅ Local backup created: /home/lmnet/server/server/backups/backup-1771192802701.zip
✅ Backup uploaded: backup-1771192802701.zip
🗑️ Deleted oldest Google Drive backup: backup-1771106402635.zip
🧹 Removed local temporary backup file
✅ Backup process completed!
⏳ Creating backup...
✅ Local backup created: /home/lmnet/server/server/backups/backup-1771200002888.zip
✅ Backup uploaded: backup-1771200002888.zip
🗑️ Deleted oldest Google Drive backup: backup-1771113602851.zip
🧹 Removed local temporary backup file
✅ Backup process completed!
⏳ Creating backup...
✅ Local backup created: /home/lmnet/server/server/backups/backup-1771207202443.zip
✅ Backup uploaded: backup-1771207202443.zip
🗑️ Deleted oldest Google Drive backup: backup-1771120802310.zip
🧹 Removed local temporary backup file
✅ Backup process completed!
⏳ Creating backup...
✅ Local backup created: /home/lmnet/server/server/backups/backup-1771214402910.zip
✅ Backup uploaded: backup-1771214402910.zip
🗑️ Deleted oldest Google Drive backup: backup-1771128002889.zip
🧹 Removed local temporary backup file
✅ Backup process completed!
⏳ Creating backup...
✅ Local backup created: /home/lmnet/server/server/backups/backup-1771221602395.zip
✅ Backup uploaded: backup-1771221602395.zip
🗑️ Deleted oldest Google Drive backup: backup-1771135202625.zip
🧹 Removed local temporary backup file
✅ Backup process completed!
⏳ Creating backup...
✅ Local backup created: /home/lmnet/server/server/backups/backup-1771228801986.zip
✅ Backup uploaded: backup-1771228801986.zip
🗑️ Deleted oldest Google Drive backup: backup-1771142402583.zip
🧹 Removed local temporary backup file
✅ Backup process completed!
⏳ Creating backup...
✅ Local backup created: /home/lmnet/server/server/backups/backup-1771236002076.zip
✅ Backup uploaded: backup-1771236002076.zip
🗑️ Deleted oldest Google Drive backup: backup-1771149602654.zip
🧹 Removed local temporary backup file
✅ Backup process completed!
⏳ Creating backup...
✅ Local backup created: /home/lmnet/server/server/backups/backup-1771243201846.zip
✅ Backup uploaded: backup-1771243201846.zip
🗑️ Deleted oldest Google Drive backup: backup-1771156802866.zip
🧹 Removed local temporary backup file
✅ Backup process completed!
⏳ Creating backup...
✅ Local backup created: /home/lmnet/server/server/backups/backup-1771250402835.zip
✅ Backup uploaded: backup-1771250402835.zip
🗑️ Deleted oldest Google Drive backup: backup-1771164002095.zip
🧹 Removed local temporary backup file
✅ Backup process completed!
⏳ Creating backup...
✅ Local backup created: /home/lmnet/server/server/backups/backup-1771257602468.zip
✅ Backup uploaded: backup-1771257602468.zip
🗑️ Deleted oldest Google Drive backup: backup-1771171202571.zip
🧹 Removed local temporary backup file
✅ Backup process completed!
⏳ Creating backup...
✅ Local backup created: /home/lmnet/server/server/backups/backup-1771264802476.zip
✅ Backup uploaded: backup-1771264802476.zip
🗑️ Deleted oldest Google Drive backup: backup-1771178402513.zip
🧹 Removed local temporary backup file
✅ Backup process completed!
⏳ Creating backup...
✅ Local backup created: /home/lmnet/server/server/backups/backup-1771272002689.zip
✅ Backup uploaded: backup-1771272002689.zip
🗑️ Deleted oldest Google Drive backup: backup-1771185602114.zip
🧹 Removed local temporary backup file
✅ Backup process completed!
⏳ Creating backup...
✅ Local backup created: /home/lmnet/server/server/backups/backup-1771279202128.zip
✅ Backup uploaded: backup-1771279202128.zip
🗑️ Deleted oldest Google Drive backup: backup-1771192802701.zip
🧹 Removed local temporary backup file
✅ Backup process completed!
⏳ Creating backup...
✅ Local backup created: /home/lmnet/server/server/backups/backup-1771286402459.zip
✅ Backup uploaded: backup-1771286402459.zip
🗑️ Deleted oldest Google Drive backup: backup-1771200002888.zip
🧹 Removed local temporary backup file
✅ Backup process completed!
⏳ Creating backup...
✅ Local backup created: /home/lmnet/server/server/backups/backup-1771293602627.zip
✅ Backup uploaded: backup-1771293602627.zip
🗑️ Deleted oldest Google Drive backup: backup-1771207202443.zip
🧹 Removed local temporary backup file
✅ Backup process completed!
⏳ Creating backup...
✅ Local backup created: /home/lmnet/server/server/backups/backup-1771300802132.zip
✅ Backup uploaded: backup-1771300802132.zip
🗑️ Deleted oldest Google Drive backup: backup-1771214402910.zip
🧹 Removed local temporary backup file
✅ Backup process completed!
⏳ Creating backup...
✅ Local backup created: /home/lmnet/server/server/backups/backup-1771308002801.zip
✅ Backup uploaded: backup-1771308002801.zip
🗑️ Deleted oldest Google Drive backup: backup-1771221602395.zip
🧹 Removed local temporary backup file
✅ Backup process completed!
⏳ Creating backup...
✅ Local backup created: /home/lmnet/server/server/backups/backup-1771315202819.zip
✅ Backup uploaded: backup-1771315202819.zip
🗑️ Deleted oldest Google Drive backup: backup-1771228801986.zip
🧹 Removed local temporary backup file
✅ Backup process completed!
⏳ Creating backup...
✅ Local backup created: /home/lmnet/server/server/backups/backup-1771322402531.zip
✅ Backup uploaded: backup-1771322402531.zip
🗑️ Deleted oldest Google Drive backup: backup-1771236002076.zip
🧹 Removed local temporary backup file
✅ Backup process completed!
⏳ Creating backup...
✅ Local backup created: /home/lmnet/server/server/backups/backup-1771329602804.zip
✅ Backup uploaded: backup-1771329602804.zip
🗑️ Deleted oldest Google Drive backup: backup-1771243201846.zip
🧹 Removed local temporary backup file
✅ Backup process completed!
⏳ Creating backup...
✅ Local backup created: /home/lmnet/server/server/backups/backup-1771336802386.zip
✅ Backup uploaded: backup-1771336802386.zip
🗑️ Deleted oldest Google Drive backup: backup-1771250402835.zip
🧹 Removed local temporary backup file
✅ Backup process completed!
⏳ Creating backup...
✅ Local backup created: /home/lmnet/server/server/backups/backup-1771344002877.zip
✅ Backup uploaded: backup-1771344002877.zip
🗑️ Deleted oldest Google Drive backup: backup-1771257602468.zip
🧹 Removed local temporary backup file
✅ Backup process completed!
⏳ Creating backup...
✅ Local backup created: /home/lmnet/server/server/backups/backup-1771351202350.zip
✅ Backup uploaded: backup-1771351202350.zip
🗑️ Deleted oldest Google Drive backup: backup-1771264802476.zip
🧹 Removed local temporary backup file
✅ Backup process completed!
⏳ Creating backup...
✅ Local backup created: /home/lmnet/server/server/backups/backup-1771358402173.zip
✅ Backup uploaded: backup-1771358402173.zip
🗑️ Deleted oldest Google Drive backup: backup-1771272002689.zip
🧹 Removed local temporary backup file
✅ Backup process completed!
⏳ Creating backup...
✅ Local backup created: /home/lmnet/server/server/backups/backup-1771365602236.zip
✅ Backup uploaded: backup-1771365602236.zip
🗑️ Deleted oldest Google Drive backup: backup-1771279202128.zip
🧹 Removed local temporary backup file
✅ Backup process completed!
⏳ Creating backup...
✅ Local backup created: /home/lmnet/server/server/backups/backup-1771372802562.zip
✅ Backup uploaded: backup-1771372802562.zip
🗑️ Deleted oldest Google Drive backup: backup-1771286402459.zip
🧹 Removed local temporary backup file
✅ Backup process completed!
⏳ Creating backup...
✅ Local backup created: /home/lmnet/server/server/backups/backup-1771380002693.zip
✅ Backup uploaded: backup-1771380002693.zip
🗑️ Deleted oldest Google Drive backup: backup-1771293602627.zip
🧹 Removed local temporary backup file
✅ Backup process completed!
⏳ Creating backup...
✅ Local backup created: /home/lmnet/server/server/backups/backup-1771387202571.zip
✅ Backup uploaded: backup-1771387202571.zip
🗑️ Deleted oldest Google Drive backup: backup-1771300802132.zip
🧹 Removed local temporary backup file
✅ Backup process completed!
⏳ Creating backup...
✅ Local backup created: /home/lmnet/server/server/backups/backup-1771394402098.zip
✅ Backup uploaded: backup-1771394402098.zip
🗑️ Deleted oldest Google Drive backup: backup-1771308002801.zip
🧹 Removed local temporary backup file
✅ Backup process completed!
⏳ Creating backup...
✅ Local backup created: /home/lmnet/server/server/backups/backup-1771401602775.zip
✅ Backup uploaded: backup-1771401602775.zip
🗑️ Deleted oldest Google Drive backup: backup-1771315202819.zip
🧹 Removed local temporary backup file
✅ Backup process completed!
⏳ Creating backup...
✅ Local backup created: /home/lmnet/server/server/backups/backup-1771408802902.zip
✅ Backup uploaded: backup-1771408802902.zip
🗑️ Deleted oldest Google Drive backup: backup-1771322402531.zip
🧹 Removed local temporary backup file
✅ Backup process completed!
⏳ Creating backup...
✅ Local backup created: /home/lmnet/server/server/backups/backup-1771416002414.zip
✅ Backup uploaded: backup-1771416002414.zip
🗑️ Deleted oldest Google Drive backup: backup-1771329602804.zip
🧹 Removed local temporary backup file
✅ Backup process completed!
⏳ Creating backup...
✅ Local backup created: /home/lmnet/server/server/backups/backup-1771423202129.zip
✅ Backup uploaded: backup-1771423202129.zip
🗑️ Deleted oldest Google Drive backup: backup-1771336802386.zip
🧹 Removed local temporary backup file
✅ Backup process completed!
⏳ Creating backup...
✅ Local backup created: /home/lmnet/server/server/backups/backup-1771430402672.zip
✅ Backup uploaded: backup-1771430402672.zip
🗑️ Deleted oldest Google Drive backup: backup-1771344002877.zip
🧹 Removed local temporary backup file
✅ Backup process completed!
⏳ Creating backup...
✅ Local backup created: /home/lmnet/server/server/backups/backup-1771437602698.zip
✅ Backup uploaded: backup-1771437602698.zip
🗑️ Deleted oldest Google Drive backup: backup-1771351202350.zip
🧹 Removed local temporary backup file
✅ Backup process completed!
⏳ Creating backup...
✅ Local backup created: /home/lmnet/server/server/backups/backup-1771444802002.zip
✅ Backup uploaded: backup-1771444802002.zip
🗑️ Deleted oldest Google Drive backup: backup-1771358402173.zip
🧹 Removed local temporary backup file
✅ Backup process completed!
⏳ Creating backup...
✅ Local backup created: /home/lmnet/server/server/backups/backup-1771452002632.zip
✅ Backup uploaded: backup-1771452002632.zip
🗑️ Deleted oldest Google Drive backup: backup-1771365602236.zip
🧹 Removed local temporary backup file
✅ Backup process completed!
⏳ Creating backup...
✅ Local backup created: /home/lmnet/server/server/backups/backup-1771459202410.zip
✅ Backup uploaded: backup-1771459202410.zip
🗑️ Deleted oldest Google Drive backup: backup-1771372802562.zip
🧹 Removed local temporary backup file
✅ Backup process completed!
⏳ Creating backup...
✅ Local backup created: /home/lmnet/server/server/backups/backup-1771466402670.zip
✅ Backup uploaded: backup-1771466402670.zip
🗑️ Deleted oldest Google Drive backup: backup-1771380002693.zip
🧹 Removed local temporary backup file
✅ Backup process completed!
⏳ Creating backup...
✅ Local backup created: /home/lmnet/server/server/backups/backup-1771473602234.zip
✅ Backup uploaded: backup-1771473602234.zip
🗑️ Deleted oldest Google Drive backup: backup-1771387202571.zip
🧹 Removed local temporary backup file
✅ Backup process completed!
⏳ Creating backup...
✅ Local backup created: /home/lmnet/server/server/backups/backup-1771480803047.zip
✅ Backup uploaded: backup-1771480803047.zip
🗑️ Deleted oldest Google Drive backup: backup-1771394402098.zip
🧹 Removed local temporary backup file
✅ Backup process completed!
⏳ Creating backup...
✅ Local backup created: /home/lmnet/server/server/backups/backup-1771488002549.zip
✅ Backup uploaded: backup-1771488002549.zip
🗑️ Deleted oldest Google Drive backup: backup-1771401602775.zip
🧹 Removed local temporary backup file
✅ Backup process completed!
⏳ Creating backup...
✅ Local backup created: /home/lmnet/server/server/backups/backup-1771495202802.zip
✅ Backup uploaded: backup-1771495202802.zip
🗑️ Deleted oldest Google Drive backup: backup-1771408802902.zip
🧹 Removed local temporary backup file
✅ Backup process completed!
⏳ Creating backup...
✅ Local backup created: /home/lmnet/server/server/backups/backup-1771502402514.zip
✅ Backup uploaded: backup-1771502402514.zip
🗑️ Deleted oldest Google Drive backup: backup-1771416002414.zip
🧹 Removed local temporary backup file
✅ Backup process completed!
⏳ Creating backup...
✅ Local backup created: /home/lmnet/server/server/backups/backup-1771509602562.zip
✅ Backup uploaded: backup-1771509602562.zip
🗑️ Deleted oldest Google Drive backup: backup-1771423202129.zip
🧹 Removed local temporary backup file
✅ Backup process completed!
⏳ Creating backup...
✅ Local backup created: /home/lmnet/server/server/backups/backup-1771516802785.zip
✅ Backup uploaded: backup-1771516802785.zip
🗑️ Deleted oldest Google Drive backup: backup-1771430402672.zip
🧹 Removed local temporary backup file
✅ Backup process completed!
⏳ Creating backup...
✅ Local backup created: /home/lmnet/server/server/backups/backup-1771524002481.zip
✅ Backup uploaded: backup-1771524002481.zip
🗑️ Deleted oldest Google Drive backup: backup-1771437602698.zip
🧹 Removed local temporary backup file
✅ Backup process completed!
⏳ Creating backup...
✅ Local backup created: /home/lmnet/server/server/backups/backup-1771531202456.zip
✅ Backup uploaded: backup-1771531202456.zip
🗑️ Deleted oldest Google Drive backup: backup-1771444802002.zip
🧹 Removed local temporary backup file
✅ Backup process completed!
⏳ Creating backup...
✅ Local backup created: /home/lmnet/server/server/backups/backup-1771538402776.zip
✅ Backup uploaded: backup-1771538402776.zip
🗑️ Deleted oldest Google Drive backup: backup-1771452002632.zip
🧹 Removed local temporary backup file
✅ Backup process completed!
⏳ Creating backup...
✅ Local backup created: /home/lmnet/server/server/backups/backup-1771545602268.zip
✅ Backup uploaded: backup-1771545602268.zip
🗑️ Deleted oldest Google Drive backup: backup-1771459202410.zip
🧹 Removed local temporary backup file
✅ Backup process completed!
⏳ Creating backup...
✅ Local backup created: /home/lmnet/server/server/backups/backup-1771552802575.zip
✅ Backup uploaded: backup-1771552802575.zip
🗑️ Deleted oldest Google Drive backup: backup-1771466402670.zip
🧹 Removed local temporary backup file
✅ Backup process completed!
⏳ Creating backup...
✅ Local backup created: /home/lmnet/server/server/backups/backup-1771560002035.zip
✅ Backup uploaded: backup-1771560002035.zip
🗑️ Deleted oldest Google Drive backup: backup-1771473602234.zip
🧹 Removed local temporary backup file
✅ Backup process completed!
⏳ Creating backup...
✅ Local backup created: /home/lmnet/server/server/backups/backup-1771567201992.zip
✅ Backup uploaded: backup-1771567201992.zip
🗑️ Deleted oldest Google Drive backup: backup-1771480803047.zip
🧹 Removed local temporary backup file
✅ Backup process completed!
⏳ Creating backup...
✅ Local backup created: /home/lmnet/server/server/backups/backup-1771574402033.zip
✅ Backup uploaded: backup-1771574402033.zip
🗑️ Deleted oldest Google Drive backup: backup-1771488002549.zip
🧹 Removed local temporary backup file
✅ Backup process completed!
⏳ Creating backup...
✅ Local backup created: /home/lmnet/server/server/backups/backup-1771581602200.zip
✅ Backup uploaded: backup-1771581602200.zip
🗑️ Deleted oldest Google Drive backup: backup-1771495202802.zip
🧹 Removed local temporary backup file
✅ Backup process completed!
⏳ Creating backup...
✅ Local backup created: /home/lmnet/server/server/backups/backup-1771588802047.zip
✅ Backup uploaded: backup-1771588802047.zip
🗑️ Deleted oldest Google Drive backup: backup-1771502402514.zip
🧹 Removed local temporary backup file
✅ Backup process completed!
⏳ Creating backup...
✅ Local backup created: /home/lmnet/server/server/backups/backup-1771596002476.zip
✅ Backup uploaded: backup-1771596002476.zip
🗑️ Deleted oldest Google Drive backup: backup-1771509602562.zip
🧹 Removed local temporary backup file
✅ Backup process completed!
⏳ Creating backup...
✅ Local backup created: /home/lmnet/server/server/backups/backup-1771603202329.zip
✅ Backup uploaded: backup-1771603202329.zip
🗑️ Deleted oldest Google Drive backup: backup-1771516802785.zip
🧹 Removed local temporary backup file
✅ Backup process completed!
⏳ Creating backup...
✅ Local backup created: /home/lmnet/server/server/backups/backup-1771610402203.zip
✅ Backup uploaded: backup-1771610402203.zip
🗑️ Deleted oldest Google Drive backup: backup-1771524002481.zip
🧹 Removed local temporary backup file
✅ Backup process completed!
⏳ Creating backup...
✅ Local backup created: /home/lmnet/server/server/backups/backup-1771617602052.zip
✅ Backup uploaded: backup-1771617602052.zip
🗑️ Deleted oldest Google Drive backup: backup-1771531202456.zip
🧹 Removed local temporary backup file
✅ Backup process completed!
⏳ Creating backup...
✅ Local backup created: /home/lmnet/server/server/backups/backup-1771624802755.zip
✅ Backup uploaded: backup-1771624802755.zip
🗑️ Deleted oldest Google Drive backup: backup-1771538402776.zip
🧹 Removed local temporary backup file
✅ Backup process completed!
⏳ Creating backup...
✅ Local backup created: /home/lmnet/server/server/backups/backup-1771632003118.zip
✅ Backup uploaded: backup-1771632003118.zip
🗑️ Deleted oldest Google Drive backup: backup-1771545602268.zip
🧹 Removed local temporary backup file
✅ Backup process completed!
⏳ Creating backup...
✅ Local backup created: /home/lmnet/server/server/backups/backup-1771639202718.zip
✅ Backup uploaded: backup-1771639202718.zip
🗑️ Deleted oldest Google Drive backup: backup-1771552802575.zip
🧹 Removed local temporary backup file
✅ Backup process completed!
⏳ Creating backup...
✅ Local backup created: /home/lmnet/server/server/backups/backup-1771646402669.zip
✅ Backup uploaded: backup-1771646402669.zip
🗑️ Deleted oldest Google Drive backup: backup-1771560002035.zip
🧹 Removed local temporary backup file
✅ Backup process completed!
⏳ Creating backup...
✅ Local backup created: /home/lmnet/server/server/backups/backup-1771653602146.zip
✅ Backup uploaded: backup-1771653602146.zip
🗑️ Deleted oldest Google Drive backup: backup-1771567201992.zip
🧹 Removed local temporary backup file
✅ Backup process completed!
⏳ Creating backup...
✅ Local backup created: /home/lmnet/server/server/backups/backup-1771660802098.zip
✅ Backup uploaded: backup-1771660802098.zip
🗑️ Deleted oldest Google Drive backup: backup-1771574402033.zip
🧹 Removed local temporary backup file
✅ Backup process completed!
⏳ Creating backup...
✅ Local backup created: /home/lmnet/server/server/backups/backup-1771668002755.zip
✅ Backup uploaded: backup-1771668002755.zip
🗑️ Deleted oldest Google Drive backup: backup-1771581602200.zip
🧹 Removed local temporary backup file
✅ Backup process completed!
⏳ Creating backup...
✅ Local backup created: /home/lmnet/server/server/backups/backup-1771675202517.zip
✅ Backup uploaded: backup-1771675202517.zip
🗑️ Deleted oldest Google Drive backup: backup-1771588802047.zip
🧹 Removed local temporary backup file
✅ Backup process completed!
⏳ Creating backup...
✅ Local backup created: /home/lmnet/server/server/backups/backup-1771682402352.zip
✅ Backup uploaded: backup-1771682402352.zip
🗑️ Deleted oldest Google Drive backup: backup-1771596002476.zip
🧹 Removed local temporary backup file
✅ Backup process completed!
⏳ Creating backup...
✅ Local backup created: /home/lmnet/server/server/backups/backup-1771689603071.zip
✅ Backup uploaded: backup-1771689603071.zip
🗑️ Deleted oldest Google Drive backup: backup-1771603202329.zip
🧹 Removed local temporary backup file
✅ Backup process completed!
⏳ Creating backup...
✅ Local backup created: /home/lmnet/server/server/backups/backup-1771696802373.zip
✅ Backup uploaded: backup-1771696802373.zip
🗑️ Deleted oldest Google Drive backup: backup-1771610402203.zip
🧹 Removed local temporary backup file
✅ Backup process completed!
⏳ Creating backup...
✅ Local backup created: /home/lmnet/server/server/backups/backup-1771704002238.zip
✅ Backup uploaded: backup-1771704002238.zip
🗑️ Deleted oldest Google Drive backup: backup-1771617602052.zip
🧹 Removed local temporary backup file
✅ Backup process completed!
⏳ Creating backup...
✅ Local backup created: /home/lmnet/server/server/backups/backup-1771711203025.zip
✅ Backup uploaded: backup-1771711203025.zip
🗑️ Deleted oldest Google Drive backup: backup-1771624802755.zip
🧹 Removed local temporary backup file
✅ Backup process completed!
⏳ Creating backup...
✅ Local backup created: /home/lmnet/server/server/backups/backup-1771718402878.zip
✅ Backup uploaded: backup-1771718402878.zip
🗑️ Deleted oldest Google Drive backup: backup-1771632003118.zip
🧹 Removed local temporary backup file
✅ Backup process completed!
⏳ Creating backup...
✅ Local backup created: /home/lmnet/server/server/backups/backup-1771725603063.zip
✅ Backup uploaded: backup-1771725603063.zip
🗑️ Deleted oldest Google Drive backup: backup-1771639202718.zip
🧹 Removed local temporary backup file
✅ Backup process completed!
⏳ Creating backup...
✅ Local backup created: /home/lmnet/server/server/backups/backup-1771732802230.zip
✅ Backup uploaded: backup-1771732802230.zip
🗑️ Deleted oldest Google Drive backup: backup-1771646402669.zip
🧹 Removed local temporary backup file
✅ Backup process completed!
⏳ Creating backup...
✅ Local backup created: /home/lmnet/server/server/backups/backup-1771740002214.zip
✅ Backup uploaded: backup-1771740002214.zip
🗑️ Deleted oldest Google Drive backup: backup-1771653602146.zip
🧹 Removed local temporary backup file
✅ Backup process completed!
⏳ Creating backup...
✅ Local backup created: /home/lmnet/server/server/backups/backup-1771747202634.zip
✅ Backup uploaded: backup-1771747202634.zip
🗑️ Deleted oldest Google Drive backup: backup-1771660802098.zip
🧹 Removed local temporary backup file
✅ Backup process completed!
⏳ Creating backup...
✅ Local backup created: /home/lmnet/server/server/backups/backup-1771754402785.zip
✅ Backup uploaded: backup-1771754402785.zip
🗑️ Deleted oldest Google Drive backup: backup-1771668002755.zip
🧹 Removed local temporary backup file
✅ Backup process completed!
⏳ Creating backup...
✅ Local backup created: /home/lmnet/server/server/backups/backup-1771761602959.zip
✅ Backup uploaded: backup-1771761602959.zip
🗑️ Deleted oldest Google Drive backup: backup-1771675202517.zip
🧹 Removed local temporary backup file
✅ Backup process completed!
⏳ Creating backup...
✅ Local backup created: /home/lmnet/server/server/backups/backup-1771768802121.zip
✅ Backup uploaded: backup-1771768802121.zip
🗑️ Deleted oldest Google Drive backup: backup-1771682402352.zip
🧹 Removed local temporary backup file
✅ Backup process completed!
⏳ Creating backup...
✅ Local backup created: /home/lmnet/server/server/backups/backup-1771776002868.zip
✅ Backup uploaded: backup-1771776002868.zip
🗑️ Deleted oldest Google Drive backup: backup-1771689603071.zip
🧹 Removed local temporary backup file
✅ Backup process completed!
⏳ Creating backup...
✅ Local backup created: /home/lmnet/server/server/backups/backup-1771783202108.zip
✅ Backup uploaded: backup-1771783202108.zip
🗑️ Deleted oldest Google Drive backup: backup-1771696802373.zip
🧹 Removed local temporary backup file
✅ Backup process completed!
⏳ Creating backup...
✅ Local backup created: /home/lmnet/server/server/backups/backup-1771790402993.zip
✅ Backup uploaded: backup-1771790402993.zip
🗑️ Deleted oldest Google Drive backup: backup-1771704002238.zip
🧹 Removed local temporary backup file
✅ Backup process completed!
⏳ Creating backup...
✅ Local backup created: /home/lmnet/server/server/backups/backup-1771797602384.zip
✅ Backup uploaded: backup-1771797602384.zip
🗑️ Deleted oldest Google Drive backup: backup-1771711203025.zip
🧹 Removed local temporary backup file
✅ Backup process completed!
⏳ Creating backup...
✅ Local backup created: /home/lmnet/server/server/backups/backup-1771804802480.zip
✅ Backup uploaded: backup-1771804802480.zip
🗑️ Deleted oldest Google Drive backup: backup-1771718402878.zip
🧹 Removed local temporary backup file
✅ Backup process completed!
⏳ Creating backup...
✅ Local backup created: /home/lmnet/server/server/backups/backup-1771812002421.zip
✅ Backup uploaded: backup-1771812002421.zip
🗑️ Deleted oldest Google Drive backup: backup-1771725603063.zip
🧹 Removed local temporary backup file
✅ Backup process completed!
⏳ Creating backup...
✅ Local backup created: /home/lmnet/server/server/backups/backup-1771819202657.zip
✅ Backup uploaded: backup-1771819202657.zip
🗑️ Deleted oldest Google Drive backup: backup-1771732802230.zip
🧹 Removed local temporary backup file
✅ Backup process completed!
⏳ Creating backup...
✅ Local backup created: /home/lmnet/server/server/backups/backup-1771826403061.zip
✅ Backup uploaded: backup-1771826403061.zip
🗑️ Deleted oldest Google Drive backup: backup-1771740002214.zip
🧹 Removed local temporary backup file
✅ Backup process completed!
⏳ Creating backup...
✅ Local backup created: /home/lmnet/server/server/backups/backup-1771833602585.zip
✅ Backup uploaded: backup-1771833602585.zip
🗑️ Deleted oldest Google Drive backup: backup-1771747202634.zip
🧹 Removed local temporary backup file
✅ Backup process completed!
⏳ Creating backup...
✅ Local backup created: /home/lmnet/server/server/backups/backup-1771840802579.zip
✅ Backup uploaded: backup-1771840802579.zip
🗑️ Deleted oldest Google Drive backup: backup-1771754402785.zip
🧹 Removed local temporary backup file
✅ Backup process completed!
⏳ Creating backup...
✅ Local backup created: /home/lmnet/server/server/backups/backup-1771848002084.zip
✅ Backup uploaded: backup-1771848002084.zip
🗑️ Deleted oldest Google Drive backup: backup-1771761602959.zip
🧹 Removed local temporary backup file
✅ Backup process completed!
⏳ Creating backup...
✅ Local backup created: /home/lmnet/server/server/backups/backup-1771855202585.zip
✅ Backup uploaded: backup-1771855202585.zip
🗑️ Deleted oldest Google Drive backup: backup-1771768802121.zip
🧹 Removed local temporary backup file
✅ Backup process completed!
⏳ Creating backup...
✅ Local backup created: /home/lmnet/server/server/backups/backup-1771862402556.zip
✅ Backup uploaded: backup-1771862402556.zip
🗑️ Deleted oldest Google Drive backup: backup-1771776002868.zip
🧹 Removed local temporary backup file
✅ Backup process completed!
⏳ Creating backup...
✅ Local backup created: /home/lmnet/server/server/backups/backup-1771869602156.zip
✅ Backup uploaded: backup-1771869602156.zip
🗑️ Deleted oldest Google Drive backup: backup-1771783202108.zip
🧹 Removed local temporary backup file
✅ Backup process completed!
⏳ Creating backup...
✅ Local backup created: /home/lmnet/server/server/backups/backup-1771876802303.zip
✅ Backup uploaded: backup-1771876802303.zip
🗑️ Deleted oldest Google Drive backup: backup-1771790402993.zip
🧹 Removed local temporary backup file
✅ Backup process completed!
⏳ Creating backup...
✅ Local backup created: /home/lmnet/server/server/backups/backup-1771884002359.zip
✅ Backup uploaded: backup-1771884002359.zip
🗑️ Deleted oldest Google Drive backup: backup-1771797602384.zip
🧹 Removed local temporary backup file
✅ Backup process completed!
⏳ Creating backup...
✅ Local backup created: /home/lmnet/server/server/backups/backup-1771891202606.zip
✅ Backup uploaded: backup-1771891202606.zip
🗑️ Deleted oldest Google Drive backup: backup-1771804802480.zip
🧹 Removed local temporary backup file
✅ Backup process completed!
⏳ Creating backup...
✅ Local backup created: /home/lmnet/server/server/backups/backup-1771898401971.zip
✅ Backup uploaded: backup-1771898401971.zip
🗑️ Deleted oldest Google Drive backup: backup-1771812002421.zip
🧹 Removed local temporary backup file
✅ Backup process completed!
⏳ Creating backup...
✅ Local backup created: /home/lmnet/server/server/backups/backup-1771905602742.zip
✅ Backup uploaded: backup-1771905602742.zip
🗑️ Deleted oldest Google Drive backup: backup-1771819202657.zip
🧹 Removed local temporary backup file
✅ Backup process completed!
⏳ Creating backup...
✅ Local backup created: /home/lmnet/server/server/backups/backup-1771912802465.zip
✅ Backup uploaded: backup-1771912802465.zip
🗑️ Deleted oldest Google Drive backup: backup-1771826403061.zip
🧹 Removed local temporary backup file
✅ Backup process completed!
⏳ Creating backup...
✅ Local backup created: /home/lmnet/server/server/backups/backup-1771920003302.zip
✅ Backup uploaded: backup-1771920003302.zip
🗑️ Deleted oldest Google Drive backup: backup-1771833602585.zip
🧹 Removed local temporary backup file
✅ Backup process completed!
⏳ Creating backup...
✅ Local backup created: /home/lmnet/server/server/backups/backup-1771927202629.zip
✅ Backup uploaded: backup-1771927202629.zip
🗑️ Deleted oldest Google Drive backup: backup-1771840802579.zip
🧹 Removed local temporary backup file
✅ Backup process completed!
⏳ Creating backup...
✅ Local backup created: /home/lmnet/server/server/backups/backup-1771934402684.zip
✅ Backup uploaded: backup-1771934402684.zip
🗑️ Deleted oldest Google Drive backup: backup-1771848002084.zip
🧹 Removed local temporary backup file
✅ Backup process completed!
⏳ Creating backup...
✅ Local backup created: /home/lmnet/server/server/backups/backup-1771941602782.zip
✅ Backup uploaded: backup-1771941602782.zip
🗑️ Deleted oldest Google Drive backup: backup-1771855202585.zip
🧹 Removed local temporary backup file
✅ Backup process completed!
⏳ Creating backup...
✅ Local backup created: /home/lmnet/server/server/backups/backup-1771948802747.zip
✅ Backup uploaded: backup-1771948802747.zip
🗑️ Deleted oldest Google Drive backup: backup-1771862402556.zip
🧹 Removed local temporary backup file
✅ Backup process completed!
⏳ Creating backup...
✅ Local backup created: /home/lmnet/server/server/backups/backup-1771956002373.zip
✅ Backup uploaded: backup-1771956002373.zip
🗑️ Deleted oldest Google Drive backup: backup-1771869602156.zip
🧹 Removed local temporary backup file
✅ Backup process completed!
⏳ Creating backup...
✅ Local backup created: /home/lmnet/server/server/backups/backup-1771963202226.zip
✅ Backup uploaded: backup-1771963202226.zip
🗑️ Deleted oldest Google Drive backup: backup-1771876802303.zip
🧹 Removed local temporary backup file
✅ Backup process completed!
⏳ Creating backup...
✅ Local backup created: /home/lmnet/server/server/backups/backup-1771970402232.zip
✅ Backup uploaded: backup-1771970402232.zip
🗑️ Deleted oldest Google Drive backup: backup-1771884002359.zip
🧹 Removed local temporary backup file
✅ Backup process completed!
⏳ Creating backup...
✅ Local backup created: /home/lmnet/server/server/backups/backup-1771977602127.zip
✅ Backup uploaded: backup-1771977602127.zip
🗑️ Deleted oldest Google Drive backup: backup-1771891202606.zip
🧹 Removed local temporary backup file
✅ Backup process completed!
⏳ Creating backup...
✅ Local backup created: /home/lmnet/server/server/backups/backup-1771984802947.zip
✅ Backup uploaded: backup-1771984802947.zip
🗑️ Deleted oldest Google Drive backup: backup-1771898401971.zip
🧹 Removed local temporary backup file
✅ Backup process completed!
⏳ Creating backup...
✅ Local backup created: /home/lmnet/server/server/backups/backup-1771992002919.zip
✅ Backup uploaded: backup-1771992002919.zip
🗑️ Deleted oldest Google Drive backup: backup-1771905602742.zip
🧹 Removed local temporary backup file
✅ Backup process completed!
⏳ Creating backup...
✅ Local backup created: /home/lmnet/server/server/backups/backup-1771999202984.zip
✅ Backup uploaded: backup-1771999202984.zip
🗑️ Deleted oldest Google Drive backup: backup-1771912802465.zip
🧹 Removed local temporary backup file
✅ Backup process completed!
⏳ Creating backup...
✅ Local backup created: /home/lmnet/server/server/backups/backup-1772006402650.zip
✅ Backup uploaded: backup-1772006402650.zip
🗑️ Deleted oldest Google Drive backup: backup-1771920003302.zip
🧹 Removed local temporary backup file
✅ Backup process completed!
⏳ Creating backup...
✅ Local backup created: /home/lmnet/server/server/backups/backup-1772013602236.zip
✅ Backup uploaded: backup-1772013602236.zip
🗑️ Deleted oldest Google Drive backup: backup-1771927202629.zip
🧹 Removed local temporary backup file
✅ Backup process completed!
⏳ Creating backup...
✅ Local backup created: /home/lmnet/server/server/backups/backup-1772020802680.zip
✅ Backup uploaded: backup-1772020802680.zip
🗑️ Deleted oldest Google Drive backup: backup-1771934402684.zip
🧹 Removed local temporary backup file
✅ Backup process completed!
⏳ Creating backup...
✅ Local backup created: /home/lmnet/server/server/backups/backup-1772028002982.zip
✅ Backup uploaded: backup-1772028002982.zip
🗑️ Deleted oldest Google Drive backup: backup-1771941602782.zip
🧹 Removed local temporary backup file
✅ Backup process completed!
⏳ Creating backup...
✅ Local backup created: /home/lmnet/server/server/backups/backup-1772035202210.zip
✅ Backup uploaded: backup-1772035202210.zip
🗑️ Deleted oldest Google Drive backup: backup-1771948802747.zip
🧹 Removed local temporary backup file
✅ Backup process completed!
⏳ Creating backup...
✅ Local backup created: /home/lmnet/server/server/backups/backup-1772042402513.zip
✅ Backup uploaded: backup-1772042402513.zip
🗑️ Deleted oldest Google Drive backup: backup-1771956002373.zip
🧹 Removed local temporary backup file
✅ Backup process completed!
⏳ Creating backup...
✅ Local backup created: /home/lmnet/server/server/backups/backup-1772049602878.zip
✅ Backup uploaded: backup-1772049602878.zip
🗑️ Deleted oldest Google Drive backup: backup-1771963202226.zip
🧹 Removed local temporary backup file
✅ Backup process completed!
⏳ Creating backup...
✅ Local backup created: /home/lmnet/server/server/backups/backup-1772056803053.zip
✅ Backup uploaded: backup-1772056803053.zip
🗑️ Deleted oldest Google Drive backup: backup-1771970402232.zip
🧹 Removed local temporary backup file
✅ Backup process completed!
⏳ Creating backup...
✅ Local backup created: /home/lmnet/server/server/backups/backup-1772064002712.zip
✅ Backup uploaded: backup-1772064002712.zip
🗑️ Deleted oldest Google Drive backup: backup-1771977602127.zip
🧹 Removed local temporary backup file
✅ Backup process completed!
⏳ Creating backup...
✅ Local backup created: /home/lmnet/server/server/backups/backup-1772071202593.zip
✅ Backup uploaded: backup-1772071202593.zip
🗑️ Deleted oldest Google Drive backup: backup-1771984802947.zip
🧹 Removed local temporary backup file
✅ Backup process completed!
⏳ Creating backup...
✅ Local backup created: /home/lmnet/server/server/backups/backup-1772078402412.zip
✅ Backup uploaded: backup-1772078402412.zip
🗑️ Deleted oldest Google Drive backup: backup-1771992002919.zip
🧹 Removed local temporary backup file
✅ Backup process completed!
⏳ Creating backup...
✅ Local backup created: /home/lmnet/server/server/backups/backup-1772085602572.zip
✅ Backup uploaded: backup-1772085602572.zip
🗑️ Deleted oldest Google Drive backup: backup-1771999202984.zip
🧹 Removed local temporary backup file
✅ Backup process completed!
⏳ Creating backup...
✅ Local backup created: /home/lmnet/server/server/backups/backup-1772092802566.zip
✅ Backup uploaded: backup-1772092802566.zip
🗑️ Deleted oldest Google Drive backup: backup-1772006402650.zip
🧹 Removed local temporary backup file
✅ Backup process completed!
⏳ Creating backup...
✅ Local backup created: /home/lmnet/server/server/backups/backup-1772100002592.zip
✅ Backup uploaded: backup-1772100002592.zip
🗑️ Deleted oldest Google Drive backup: backup-1772013602236.zip
🧹 Removed local temporary backup file
✅ Backup process completed!
⏳ Creating backup...
✅ Local backup created: /home/lmnet/server/server/backups/backup-1772107202004.zip
✅ Backup uploaded: backup-1772107202004.zip
🗑️ Deleted oldest Google Drive backup: backup-1772020802680.zip
🧹 Removed local temporary backup file
✅ Backup process completed!
⏳ Creating backup...
✅ Local backup created: /home/lmnet/server/server/backups/backup-1772114401797.zip
✅ Backup uploaded: backup-1772114401797.zip
🗑️ Deleted oldest Google Drive backup: backup-1772028002982.zip
🧹 Removed local temporary backup file
✅ Backup process completed!
⏳ Creating backup...
✅ Local backup created: /home/lmnet/server/server/backups/backup-1772121602970.zip
✅ Backup uploaded: backup-1772121602970.zip
🗑️ Deleted oldest Google Drive backup: backup-1772035202210.zip
🧹 Removed local temporary backup file
✅ Backup process completed!
⏳ Creating backup...
✅ Local backup created: /home/lmnet/server/server/backups/backup-1772128802416.zip
✅ Backup uploaded: backup-1772128802416.zip
🗑️ Deleted oldest Google Drive backup: backup-1772042402513.zip
🧹 Removed local temporary backup file
✅ Backup process completed!
⏳ Creating backup...
✅ Local backup created: /home/lmnet/server/server/backups/backup-1772136002953.zip
✅ Backup uploaded: backup-1772136002953.zip
🗑️ Deleted oldest Google Drive backup: backup-1772049602878.zip
🧹 Removed local temporary backup file
✅ Backup process completed!
⏳ Creating backup...
✅ Local backup created: /home/lmnet/server/server/backups/backup-1772143202333.zip
✅ Backup uploaded: backup-1772143202333.zip
🗑️ Deleted oldest Google Drive backup: backup-1772056803053.zip
🧹 Removed local temporary backup file
✅ Backup process completed!
⏳ Creating backup...
✅ Local backup created: /home/lmnet/server/server/backups/backup-1772150402953.zip
✅ Backup uploaded: backup-1772150402953.zip
🗑️ Deleted oldest Google Drive backup: backup-1772064002712.zip
🧹 Removed local temporary backup file
✅ Backup process completed!
⏳ Creating backup...
✅ Local backup created: /home/lmnet/server/server/backups/backup-1772157602957.zip
✅ Backup uploaded: backup-1772157602957.zip
🗑️ Deleted oldest Google Drive backup: backup-1772071202593.zip
🧹 Removed local temporary backup file
✅ Backup process completed!
⏳ Creating backup...
✅ Local backup created: /home/lmnet/server/server/backups/backup-1772164802705.zip
✅ Backup uploaded: backup-1772164802705.zip
🗑️ Deleted oldest Google Drive backup: backup-1772078402412.zip
🧹 Removed local temporary backup file
✅ Backup process completed!
⏳ Creating backup...
✅ Local backup created: /home/lmnet/server/server/backups/backup-1772172003068.zip
✅ Backup uploaded: backup-1772172003068.zip
🗑️ Deleted oldest Google Drive backup: backup-1772085602572.zip
🧹 Removed local temporary backup file
✅ Backup process completed!
⏳ Creating backup...
✅ Local backup created: /home/lmnet/server/server/backups/backup-1772179202554.zip
✅ Backup uploaded: backup-1772179202554.zip
🗑️ Deleted oldest Google Drive backup: backup-1772092802566.zip
🧹 Removed local temporary backup file
✅ Backup process completed!
⏳ Creating backup...
✅ Local backup created: /home/lmnet/server/server/backups/backup-1772186403101.zip
✅ Backup uploaded: backup-1772186403101.zip
🗑️ Deleted oldest Google Drive backup: backup-1772100002592.zip
🧹 Removed local temporary backup file
✅ Backup process completed!
⏳ Creating backup...
✅ Local backup created: /home/lmnet/server/server/backups/backup-1772193602179.zip
✅ Backup uploaded: backup-1772193602179.zip
🗑️ Deleted oldest Google Drive backup: backup-1772107202004.zip
🧹 Removed local temporary backup file
✅ Backup process completed!
⏳ Creating backup...
✅ Local backup created: /home/lmnet/server/server/backups/backup-1772200802306.zip
✅ Backup uploaded: backup-1772200802306.zip
🗑️ Deleted oldest Google Drive backup: backup-1772114401797.zip
🧹 Removed local temporary backup file
✅ Backup process completed!
⏳ Creating backup...
✅ Local backup created: /home/lmnet/server/server/backups/backup-1772208001886.zip
✅ Backup uploaded: backup-1772208001886.zip
🗑️ Deleted oldest Google Drive backup: backup-1772121602970.zip
🧹 Removed local temporary backup file
✅ Backup process completed!
⏳ Creating backup...
✅ Local backup created: /home/lmnet/server/server/backups/backup-1772215201865.zip
✅ Backup uploaded: backup-1772215201865.zip
🗑️ Deleted oldest Google Drive backup: backup-1772128802416.zip
🧹 Removed local temporary backup file
✅ Backup process completed!
⏳ Creating backup...
✅ Local backup created: /home/lmnet/server/server/backups/backup-1772222402566.zip
✅ Backup uploaded: backup-1772222402566.zip
🗑️ Deleted oldest Google Drive backup: backup-1772136002953.zip
🧹 Removed local temporary backup file
✅ Backup process completed!
⏳ Creating backup...
✅ Local backup created: /home/lmnet/server/server/backups/backup-1772229602227.zip
✅ Backup uploaded: backup-1772229602227.zip
🗑️ Deleted oldest Google Drive backup: backup-1772143202333.zip
🧹 Removed local temporary backup file
✅ Backup process completed!
⏳ Creating backup...
✅ Local backup created: /home/lmnet/server/server/backups/backup-1772236802667.zip
✅ Backup uploaded: backup-1772236802667.zip
🗑️ Deleted oldest Google Drive backup: backup-1772150402953.zip
🧹 Removed local temporary backup file
✅ Backup process completed!
⏳ Creating backup...
✅ Local backup created: /home/lmnet/server/server/backups/backup-1772244002210.zip
✅ Backup uploaded: backup-1772244002210.zip
🗑️ Deleted oldest Google Drive backup: backup-1772157602957.zip
🧹 Removed local temporary backup file
✅ Backup process completed!
⏳ Creating backup...
✅ Local backup created: /home/lmnet/server/server/backups/backup-1772251203018.zip
✅ Backup uploaded: backup-1772251203018.zip
🗑️ Deleted oldest Google Drive backup: backup-1772164802705.zip
🧹 Removed local temporary backup file
✅ Backup process completed!
⏳ Creating backup...
✅ Local backup created: /home/lmnet/server/server/backups/backup-1772258402812.zip
✅ Backup uploaded: backup-1772258402812.zip
🗑️ Deleted oldest Google Drive backup: backup-1772172003068.zip
🧹 Removed local temporary backup file
✅ Backup process completed!
⏳ Creating backup...
✅ Local backup created: /home/lmnet/server/server/backups/backup-1772265602572.zip
✅ Backup uploaded: backup-1772265602572.zip
🗑️ Deleted oldest Google Drive backup: backup-1772179202554.zip
🧹 Removed local temporary backup file
✅ Backup process completed!
⏳ Creating backup...
✅ Local backup created: /home/lmnet/server/server/backups/backup-1772272802650.zip
✅ Backup uploaded: backup-1772272802650.zip
🗑️ Deleted oldest Google Drive backup: backup-1772186403101.zip
🧹 Removed local temporary backup file
✅ Backup process completed!
⏳ Creating backup...
✅ Local backup created: /home/lmnet/server/server/backups/backup-1772280002759.zip
✅ Backup uploaded: backup-1772280002759.zip
🗑️ Deleted oldest Google Drive backup: backup-1772193602179.zip
🧹 Removed local temporary backup file
✅ Backup process completed!
⏳ Creating backup...
✅ Local backup created: /home/lmnet/server/server/backups/backup-1772287203000.zip
✅ Backup uploaded: backup-1772287203000.zip
🗑️ Deleted oldest Google Drive backup: backup-1772200802306.zip
🧹 Removed local temporary backup file
✅ Backup process completed!
⏳ Creating backup...
✅ Local backup created: /home/lmnet/server/server/backups/backup-1772294402181.zip
✅ Backup uploaded: backup-1772294402181.zip
🗑️ Deleted oldest Google Drive backup: backup-1772208001886.zip
🧹 Removed local temporary backup file
✅ Backup process completed!
⏳ Creating backup...
✅ Local backup created: /home/lmnet/server/server/backups/backup-1772301603014.zip
✅ Backup uploaded: backup-1772301603014.zip
🗑️ Deleted oldest Google Drive backup: backup-1772215201865.zip
🧹 Removed local temporary backup file
✅ Backup process completed!
⏳ Creating backup...
✅ Local backup created: /home/lmnet/server/server/backups/backup-1772308802915.zip
✅ Backup uploaded: backup-1772308802915.zip
🗑️ Deleted oldest Google Drive backup: backup-1772222402566.zip
🧹 Removed local temporary backup file
✅ Backup process completed!
⏳ Creating backup...
✅ Local backup created: /home/lmnet/server/server/backups/backup-1772316002333.zip
✅ Backup uploaded: backup-1772316002333.zip
🗑️ Deleted oldest Google Drive backup: backup-1772229602227.zip
🧹 Removed local temporary backup file
✅ Backup process completed!
⏳ Creating backup...
✅ Local backup created: /home/lmnet/server/server/backups/backup-1772323202761.zip
✅ Backup uploaded: backup-1772323202761.zip
🗑️ Deleted oldest Google Drive backup: backup-1772236802667.zip
🧹 Removed local temporary backup file
✅ Backup process completed!
⏳ Creating backup...
✅ Local backup created: /home/lmnet/server/server/backups/backup-1772330402454.zip
✅ Backup uploaded: backup-1772330402454.zip
🗑️ Deleted oldest Google Drive backup: backup-1772244002210.zip
🧹 Removed local temporary backup file
✅ Backup process completed!
⏳ Creating backup...
✅ Local backup created: /home/lmnet/server/server/backups/backup-1772337602099.zip
✅ Backup uploaded: backup-1772337602099.zip
🗑️ Deleted oldest Google Drive backup: backup-1772251203018.zip
🧹 Removed local temporary backup file
✅ Backup process completed!
⏳ Creating backup...
✅ Local backup created: /home/lmnet/server/server/backups/backup-1772344802336.zip
✅ Backup uploaded: backup-1772344802336.zip
🗑️ Deleted oldest Google Drive backup: backup-1772258402812.zip
🧹 Removed local temporary backup file
✅ Backup process completed!
⏳ Creating backup...
✅ Local backup created: /home/lmnet/server/server/backups/backup-1772352002417.zip
✅ Backup uploaded: backup-1772352002417.zip
🗑️ Deleted oldest Google Drive backup: backup-1772265602572.zip
🧹 Removed local temporary backup file
✅ Backup process completed!
⏳ Creating backup...
✅ Local backup created: /home/lmnet/server/server/backups/backup-1772359201937.zip
✅ Backup uploaded: backup-1772359201937.zip
🗑️ Deleted oldest Google Drive backup: backup-1772272802650.zip
🧹 Removed local temporary backup file
✅ Backup process completed!
⏳ Creating backup...
✅ Local backup created: /home/lmnet/server/server/backups/backup-1772366402265.zip
✅ Backup uploaded: backup-1772366402265.zip
🗑️ Deleted oldest Google Drive backup: backup-1772280002759.zip
🧹 Removed local temporary backup file
✅ Backup process completed!
⏳ Creating backup...
✅ Local backup created: /home/lmnet/server/server/backups/backup-1772373602135.zip
✅ Backup uploaded: backup-1772373602135.zip
🗑️ Deleted oldest Google Drive backup: backup-1772287203000.zip
🧹 Removed local temporary backup file
✅ Backup process completed!
⏳ Creating backup...
✅ Local backup created: /home/lmnet/server/server/backups/backup-1772380802655.zip
✅ Backup uploaded: backup-1772380802655.zip
🗑️ Deleted oldest Google Drive backup: backup-1772294402181.zip
🧹 Removed local temporary backup file
✅ Backup process completed!
⏳ Creating backup...
✅ Local backup created: /home/lmnet/server/server/backups/backup-1772388002215.zip
✅ Backup uploaded: backup-1772388002215.zip
🗑️ Deleted oldest Google Drive backup: backup-1772301603014.zip
🧹 Removed local temporary backup file
✅ Backup process completed!
⏳ Creating backup...
✅ Local backup created: /home/lmnet/server/server/backups/backup-1772395202549.zip
✅ Backup uploaded: backup-1772395202549.zip
🗑️ Deleted oldest Google Drive backup: backup-1772308802915.zip
🧹 Removed local temporary backup file
✅ Backup process completed!
⏳ Creating backup...
✅ Local backup created: /home/lmnet/server/server/backups/backup-1772402402947.zip
✅ Backup uploaded: backup-1772402402947.zip
🗑️ Deleted oldest Google Drive backup: backup-1772316002333.zip
🧹 Removed local temporary backup file
✅ Backup process completed!
⏳ Creating backup...
✅ Local backup created: /home/lmnet/server/server/backups/backup-1772409602250.zip
✅ Backup uploaded: backup-1772409602250.zip
🗑️ Deleted oldest Google Drive backup: backup-1772323202761.zip
🧹 Removed local temporary backup file
✅ Backup process completed!
⏳ Creating backup...
✅ Local backup created: /home/lmnet/server/server/backups/backup-1772416802188.zip
✅ Backup uploaded: backup-1772416802188.zip
🗑️ Deleted oldest Google Drive backup: backup-1772330402454.zip
🧹 Removed local temporary backup file
✅ Backup process completed!
⏳ Creating backup...
✅ Local backup created: /home/lmnet/server/server/backups/backup-1772424002787.zip
✅ Backup uploaded: backup-1772424002787.zip
🗑️ Deleted oldest Google Drive backup: backup-1772337602099.zip
🧹 Removed local temporary backup file
✅ Backup process completed!
⏳ Creating backup...
✅ Local backup created: /home/lmnet/server/server/backups/backup-1772431203028.zip
✅ Backup uploaded: backup-1772431203028.zip
🗑️ Deleted oldest Google Drive backup: backup-1772344802336.zip
🧹 Removed local temporary backup file
✅ Backup process completed!
⏳ Creating backup...
✅ Local backup created: /home/lmnet/server/server/backups/backup-1772438402604.zip
✅ Backup uploaded: backup-1772438402604.zip
🗑️ Deleted oldest Google Drive backup: backup-1772352002417.zip
🧹 Removed local temporary backup file
✅ Backup process completed!
⏳ Creating backup...
✅ Local backup created: /home/lmnet/server/server/backups/backup-1772445602448.zip
✅ Backup uploaded: backup-1772445602448.zip
🗑️ Deleted oldest Google Drive backup: backup-1772359201937.zip
🧹 Removed local temporary backup file
✅ Backup process completed!
⏳ Creating backup...
✅ Local backup created: /home/lmnet/server/server/backups/backup-1772452802164.zip
✅ Backup uploaded: backup-1772452802164.zip
🗑️ Deleted oldest Google Drive backup: backup-1772366402265.zip
🧹 Removed local temporary backup file
✅ Backup process completed!
⏳ Creating backup...
✅ Local backup created: /home/lmnet/server/server/backups/backup-1772460002292.zip
✅ Backup uploaded: backup-1772460002292.zip
🗑️ Deleted oldest Google Drive backup: backup-1772373602135.zip
🧹 Removed local temporary backup file
✅ Backup process completed!
⏳ Creating backup...
✅ Local backup created: /home/lmnet/server/server/backups/backup-1772467202707.zip
✅ Backup uploaded: backup-1772467202707.zip
🗑️ Deleted oldest Google Drive backup: backup-1772380802655.zip
🧹 Removed local temporary backup file
✅ Backup process completed!
⏳ Creating backup...
✅ Local backup created: /home/lmnet/server/server/backups/backup-1772474402335.zip
✅ Backup uploaded: backup-1772474402335.zip
🗑️ Deleted oldest Google Drive backup: backup-1772388002215.zip
🧹 Removed local temporary backup file
✅ Backup process completed!
⏳ Creating backup...
✅ Local backup created: /home/lmnet/server/server/backups/backup-1772481602804.zip
✅ Backup uploaded: backup-1772481602804.zip
🗑️ Deleted oldest Google Drive backup: backup-1772395202549.zip
🧹 Removed local temporary backup file
✅ Backup process completed!
⏳ Creating backup...
✅ Local backup created: /home/lmnet/server/server/backups/backup-1772488802783.zip
✅ Backup uploaded: backup-1772488802783.zip
🗑️ Deleted oldest Google Drive backup: backup-1772402402947.zip
🧹 Removed local temporary backup file
✅ Backup process completed!
⏳ Creating backup...
✅ Local backup created: /home/lmnet/server/server/backups/backup-1772496002442.zip
✅ Backup uploaded: backup-1772496002442.zip
🗑️ Deleted oldest Google Drive backup: backup-1772409602250.zip
🧹 Removed local temporary backup file
✅ Backup process completed!
⏳ Creating backup...
✅ Local backup created: /home/lmnet/server/server/backups/backup-1772503202826.zip
✅ Backup uploaded: backup-1772503202826.zip
🗑️ Deleted oldest Google Drive backup: backup-1772416802188.zip
🧹 Removed local temporary backup file
✅ Backup process completed!
⏳ Creating backup...
✅ Local backup created: /home/lmnet/server/server/backups/backup-1772510402834.zip
✅ Backup uploaded: backup-1772510402834.zip
🗑️ Deleted oldest Google Drive backup: backup-1772424002787.zip
🧹 Removed local temporary backup file
✅ Backup process completed!
⏳ Creating backup...
✅ Local backup created: /home/lmnet/server/server/backups/backup-1772517602182.zip
✅ Backup uploaded: backup-1772517602182.zip
🗑️ Deleted oldest Google Drive backup: backup-1772431203028.zip
🧹 Removed local temporary backup file
✅ Backup process completed!
⏳ Creating backup...
✅ Local backup created: /home/lmnet/server/server/backups/backup-1772524802083.zip
✅ Backup uploaded: backup-1772524802083.zip
🗑️ Deleted oldest Google Drive backup: backup-1772438402604.zip
🧹 Removed local temporary backup file
✅ Backup process completed!
⏳ Creating backup...
✅ Local backup created: /home/lmnet/server/server/backups/backup-1772532002678.zip
✅ Backup uploaded: backup-1772532002678.zip
🗑️ Deleted oldest Google Drive backup: backup-1772445602448.zip
🧹 Removed local temporary backup file
✅ Backup process completed!
⏳ Creating backup...
✅ Local backup created: /home/lmnet/server/server/backups/backup-1772539201922.zip
✅ Backup uploaded: backup-1772539201922.zip
🗑️ Deleted oldest Google Drive backup: backup-1772452802164.zip
🧹 Removed local temporary backup file
✅ Backup process completed!
⏳ Creating backup...
✅ Local backup created: /home/lmnet/server/server/backups/backup-1772546401884.zip
✅ Backup uploaded: backup-1772546401884.zip
🗑️ Deleted oldest Google Drive backup: backup-1772460002292.zip
🧹 Removed local temporary backup file
✅ Backup process completed!
⏳ Creating backup...
✅ Local backup created: /home/lmnet/server/server/backups/backup-1772553601905.zip
✅ Backup uploaded: backup-1772553601905.zip
🗑️ Deleted oldest Google Drive backup: backup-1772467202707.zip
🧹 Removed local temporary backup file
✅ Backup process completed!
⏳ Creating backup...
✅ Local backup created: /home/lmnet/server/server/backups/backup-1772560802608.zip
✅ Backup uploaded: backup-1772560802608.zip
🗑️ Deleted oldest Google Drive backup: backup-1772474402335.zip
🧹 Removed local temporary backup file
✅ Backup process completed!
⏳ Creating backup...
✅ Local backup created: /home/lmnet/server/server/backups/backup-1772568002901.zip
✅ Backup uploaded: backup-1772568002901.zip
🗑️ Deleted oldest Google Drive backup: backup-1772481602804.zip
🧹 Removed local temporary backup file
✅ Backup process completed!
⏳ Creating backup...
✅ Local backup created: /home/lmnet/server/server/backups/backup-1772575202234.zip
✅ Backup uploaded: backup-1772575202234.zip
🗑️ Deleted oldest Google Drive backup: backup-1772488802783.zip
🧹 Removed local temporary backup file
✅ Backup process completed!
⏳ Creating backup...
✅ Local backup created: /home/lmnet/server/server/backups/backup-1772582402689.zip
✅ Backup uploaded: backup-1772582402689.zip
🗑️ Deleted oldest Google Drive backup: backup-1772496002442.zip
🧹 Removed local temporary backup file
✅ Backup process completed!
⏳ Creating backup...
✅ Local backup created: /home/lmnet/server/server/backups/backup-1772589602900.zip
✅ Backup uploaded: backup-1772589602900.zip
🗑️ Deleted oldest Google Drive backup: backup-1772503202826.zip
🧹 Removed local temporary backup file
✅ Backup process completed!
⏳ Creating backup...
✅ Local backup created: /home/lmnet/server/server/backups/backup-1772596802564.zip
✅ Backup uploaded: backup-1772596802564.zip
🗑️ Deleted oldest Google Drive backup: backup-1772510402834.zip
🧹 Removed local temporary backup file
✅ Backup process completed!
⏳ Creating backup...
✅ Local backup created: /home/lmnet/server/server/backups/backup-1772604002239.zip
✅ Backup uploaded: backup-1772604002239.zip
🗑️ Deleted oldest Google Drive backup: backup-1772517602182.zip
🧹 Removed local temporary backup file
✅ Backup process completed!
⏳ Creating backup...
✅ Local backup created: /home/lmnet/server/server/backups/backup-1772611202613.zip
✅ Backup uploaded: backup-1772611202613.zip
🗑️ Deleted oldest Google Drive backup: backup-1772524802083.zip
🧹 Removed local temporary backup file
✅ Backup process completed!
⏳ Creating backup...
✅ Local backup created: /home/lmnet/server/server/backups/backup-1772618402591.zip
✅ Backup uploaded: backup-1772618402591.zip
🗑️ Deleted oldest Google Drive backup: backup-1772532002678.zip
🧹 Removed local temporary backup file
✅ Backup process completed!
⏳ Creating backup...
✅ Local backup created: /home/lmnet/server/server/backups/backup-1772625603158.zip
✅ Backup uploaded: backup-1772625603158.zip
🗑️ Deleted oldest Google Drive backup: backup-1772539201922.zip
🧹 Removed local temporary backup file
✅ Backup process completed!
⏳ Creating backup...
✅ Local backup created: /home/lmnet/server/server/backups/backup-1772632802692.zip
✅ Backup uploaded: backup-1772632802692.zip
🗑️ Deleted oldest Google Drive backup: backup-1772546401884.zip
🧹 Removed local temporary backup file
✅ Backup process completed!
⏳ Creating backup...
✅ Local backup created: /home/lmnet/server/server/backups/backup-1772640002814.zip
✅ Backup uploaded: backup-1772640002814.zip
🗑️ Deleted oldest Google Drive backup: backup-1772553601905.zip
🧹 Removed local temporary backup file
✅ Backup process completed!
⏳ Creating backup...
✅ Local backup created: /home/lmnet/server/server/backups/backup-1772647202291.zip
✅ Backup uploaded: backup-1772647202291.zip
🗑️ Deleted oldest Google Drive backup: backup-1772560802608.zip
🧹 Removed local temporary backup file
✅ Backup process completed!
⏳ Creating backup...
✅ Local backup created: /home/lmnet/server/server/backups/backup-1772654402188.zip
✅ Backup uploaded: backup-1772654402188.zip
🗑️ Deleted oldest Google Drive backup: backup-1772568002901.zip
🧹 Removed local temporary backup file
✅ Backup process completed!
⏳ Creating backup...
✅ Local backup created: /home/lmnet/server/server/backups/backup-1772661602740.zip
✅ Backup uploaded: backup-1772661602740.zip
🗑️ Deleted oldest Google Drive backup: backup-1772575202234.zip
🧹 Removed local temporary backup file
✅ Backup process completed!
⏳ Creating backup...
✅ Local backup created: /home/lmnet/server/server/backups/backup-1772668802860.zip
✅ Backup uploaded: backup-1772668802860.zip
🗑️ Deleted oldest Google Drive backup: backup-1772582402689.zip
🧹 Removed local temporary backup file
✅ Backup process completed!
⏳ Creating backup...
✅ Local backup created: /home/lmnet/server/server/backups/backup-1772676002462.zip
✅ Backup uploaded: backup-1772676002462.zip
🗑️ Deleted oldest Google Drive backup: backup-1772589602900.zip
🧹 Removed local temporary backup file
✅ Backup process completed!
⏳ Creating backup...
✅ Local backup created: /home/lmnet/server/server/backups/backup-1772683202810.zip
✅ Backup uploaded: backup-1772683202810.zip
🗑️ Deleted oldest Google Drive backup: backup-1772596802564.zip
🧹 Removed local temporary backup file
✅ Backup process completed!
⏳ Creating backup...
✅ Local backup created: /home/lmnet/server/server/backups/backup-1772690402471.zip
✅ Backup uploaded: backup-1772690402471.zip
🗑️ Deleted oldest Google Drive backup: backup-1772604002239.zip
🧹 Removed local temporary backup file
✅ Backup process completed!
⏳ Creating backup...
✅ Local backup created: /home/lmnet/server/server/backups/backup-1772697602317.zip
✅ Backup uploaded: backup-1772697602317.zip
🗑️ Deleted oldest Google Drive backup: backup-1772611202613.zip
🧹 Removed local temporary backup file
✅ Backup process completed!
⏳ Creating backup...
✅ Local backup created: /home/lmnet/server/server/backups/backup-1772704803017.zip
✅ Backup uploaded: backup-1772704803017.zip
🗑️ Deleted oldest Google Drive backup: backup-1772618402591.zip
🧹 Removed local temporary backup file
✅ Backup process completed!
⏳ Creating backup...
✅ Local backup created: /home/lmnet/server/server/backups/backup-1772712002328.zip
✅ Backup uploaded: backup-1772712002328.zip
🗑️ Deleted oldest Google Drive backup: backup-1772625603158.zip
🧹 Removed local temporary backup file
✅ Backup process completed!
⏳ Creating backup...
✅ Local backup created: /home/lmnet/server/server/backups/backup-1772719202247.zip
✅ Backup uploaded: backup-1772719202247.zip
🗑️ Deleted oldest Google Drive backup: backup-1772632802692.zip
🧹 Removed local temporary backup file
✅ Backup process completed!
⏳ Creating backup...
✅ Local backup created: /home/lmnet/server/server/backups/backup-1772726402049.zip
✅ Backup uploaded: backup-1772726402049.zip
🗑️ Deleted oldest Google Drive backup: backup-1772640002814.zip
🧹 Removed local temporary backup file
✅ Backup process completed!
⏳ Creating backup...
✅ Local backup created: /home/lmnet/server/server/backups/backup-1772733602215.zip
✅ Backup uploaded: backup-1772733602215.zip
🗑️ Deleted oldest Google Drive backup: backup-1772647202291.zip
🧹 Removed local temporary backup file
✅ Backup process completed!
⏳ Creating backup...
✅ Local backup created: /home/lmnet/server/server/backups/backup-1772740802297.zip
✅ Backup uploaded: backup-1772740802297.zip
🗑️ Deleted oldest Google Drive backup: backup-1772654402188.zip
🧹 Removed local temporary backup file
✅ Backup process completed!
⏳ Creating backup...
✅ Local backup created: /home/lmnet/server/server/backups/backup-1772748002212.zip
✅ Backup uploaded: backup-1772748002212.zip
🗑️ Deleted oldest Google Drive backup: backup-1772661602740.zip
🧹 Removed local temporary backup file
✅ Backup process completed!
⏳ Creating backup...
✅ Local backup created: /home/lmnet/server/server/backups/backup-1772755202833.zip
✅ Backup uploaded: backup-1772755202833.zip
🗑️ Deleted oldest Google Drive backup: backup-1772668802860.zip
🧹 Removed local temporary backup file
✅ Backup process completed!
⏳ Creating backup...
✅ Local backup created: /home/lmnet/server/server/backups/backup-1772762402267.zip
✅ Backup uploaded: backup-1772762402267.zip
🗑️ Deleted oldest Google Drive backup: backup-1772676002462.zip
🧹 Removed local temporary backup file
✅ Backup process completed!
⏳ Creating backup...
✅ Local backup created: /home/lmnet/server/server/backups/backup-1772769602467.zip
✅ Backup uploaded: backup-1772769602467.zip
🗑️ Deleted oldest Google Drive backup: backup-1772683202810.zip
🧹 Removed local temporary backup file
✅ Backup process completed!
⏳ Creating backup...
✅ Local backup created: /home/lmnet/server/server/backups/backup-1772776802777.zip
✅ Backup uploaded: backup-1772776802777.zip
🗑️ Deleted oldest Google Drive backup: backup-1772690402471.zip
🧹 Removed local temporary backup file
✅ Backup process completed!
⏳ Creating backup...
✅ Local backup created: /home/lmnet/server/server/backups/backup-1772784002227.zip
✅ Backup uploaded: backup-1772784002227.zip
🗑️ Deleted oldest Google Drive backup: backup-1772697602317.zip
🧹 Removed local temporary backup file
✅ Backup process completed!
⏳ Creating backup...
✅ Local backup created: /home/lmnet/server/server/backups/backup-1772791202586.zip
✅ Backup uploaded: backup-1772791202586.zip
🗑️ Deleted oldest Google Drive backup: backup-1772704803017.zip
🧹 Removed local temporary backup file
✅ Backup process completed!
⏳ Creating backup...
✅ Local backup created: /home/lmnet/server/server/backups/backup-1772798402322.zip
✅ Backup uploaded: backup-1772798402322.zip
🗑️ Deleted oldest Google Drive backup: backup-1772712002328.zip
🧹 Removed local temporary backup file
✅ Backup process completed!
⏳ Creating backup...
✅ Local backup created: /home/lmnet/server/server/backups/backup-1772805602373.zip
✅ Backup uploaded: backup-1772805602373.zip
🗑️ Deleted oldest Google Drive backup: backup-1772719202247.zip
🧹 Removed local temporary backup file
✅ Backup process completed!
⏳ Creating backup...
✅ Local backup created: /home/lmnet/server/server/backups/backup-1772812802713.zip
✅ Backup uploaded: backup-1772812802713.zip
🗑️ Deleted oldest Google Drive backup: backup-1772726402049.zip
🧹 Removed local temporary backup file
✅ Backup process completed!
⏳ Creating backup...
✅ Local backup created: /home/lmnet/server/server/backups/backup-1772820003008.zip
✅ Backup uploaded: backup-1772820003008.zip
🗑️ Deleted oldest Google Drive backup: backup-1772733602215.zip
🧹 Removed local temporary backup file
✅ Backup process completed!
⏳ Creating backup...
✅ Local backup created: /home/lmnet/server/server/backups/backup-1772827202205.zip
✅ Backup uploaded: backup-1772827202205.zip
🗑️ Deleted oldest Google Drive backup: backup-1772740802297.zip
🧹 Removed local temporary backup file
✅ Backup process completed!
⏳ Creating backup...
✅ Local backup created: /home/lmnet/server/server/backups/backup-1772834402537.zip
✅ Backup uploaded: backup-1772834402537.zip
🗑️ Deleted oldest Google Drive backup: backup-1772748002212.zip
🧹 Removed local temporary backup file
✅ Backup process completed!
⏳ Creating backup...
✅ Local backup created: /home/lmnet/server/server/backups/backup-1772841603127.zip
✅ Backup uploaded: backup-1772841603127.zip
🗑️ Deleted oldest Google Drive backup: backup-1772755202833.zip
🧹 Removed local temporary backup file
✅ Backup process completed!
⏳ Creating backup...
✅ Local backup created: /home/lmnet/server/server/backups/backup-1772848802726.zip
✅ Backup uploaded: backup-1772848802726.zip
🗑️ Deleted oldest Google Drive backup: backup-1772762402267.zip
🧹 Removed local temporary backup file
✅ Backup process completed!
⏳ Creating backup...
✅ Local backup created: /home/lmnet/server/server/backups/backup-1772856002869.zip
✅ Backup uploaded: backup-1772856002869.zip
🗑️ Deleted oldest Google Drive backup: backup-1772769602467.zip
🧹 Removed local temporary backup file
✅ Backup process completed!
⏳ Creating backup...
✅ Local backup created: /home/lmnet/server/server/backups/backup-1772863202431.zip
✅ Backup uploaded: backup-1772863202431.zip
🗑️ Deleted oldest Google Drive backup: backup-1772776802777.zip
🧹 Removed local temporary backup file
✅ Backup process completed!
⏳ Creating backup...
✅ Local backup created: /home/lmnet/server/server/backups/backup-1772870403071.zip
✅ Backup uploaded: backup-1772870403071.zip
🗑️ Deleted oldest Google Drive backup: backup-1772784002227.zip
🧹 Removed local temporary backup file
✅ Backup process completed!
⏳ Creating backup...
✅ Local backup created: /home/lmnet/server/server/backups/backup-1772877602919.zip
✅ Backup uploaded: backup-1772877602919.zip
🗑️ Deleted oldest Google Drive backup: backup-1772791202586.zip
🧹 Removed local temporary backup file
✅ Backup process completed!
⏳ Creating backup...
✅ Local backup created: /home/lmnet/server/server/backups/backup-1772884802548.zip
✅ Backup uploaded: backup-1772884802548.zip
🗑️ Deleted oldest Google Drive backup: backup-1772798402322.zip
🧹 Removed local temporary backup file
✅ Backup process completed!
⏳ Creating backup...
✅ Local backup created: /home/lmnet/server/server/backups/backup-1772892002464.zip
✅ Backup uploaded: backup-1772892002464.zip
🗑️ Deleted oldest Google Drive backup: backup-1772805602373.zip
🧹 Removed local temporary backup file
✅ Backup process completed!
⏳ Creating backup...
✅ Local backup created: /home/lmnet/server/server/backups/backup-1772899202558.zip
✅ Backup uploaded: backup-1772899202558.zip
🗑️ Deleted oldest Google Drive backup: backup-1772812802713.zip
🧹 Removed local temporary backup file
✅ Backup process completed!
⏳ Creating backup...
✅ Local backup created: /home/lmnet/server/server/backups/backup-1772906402316.zip
✅ Backup uploaded: backup-1772906402316.zip
🗑️ Deleted oldest Google Drive backup: backup-1772820003008.zip
🧹 Removed local temporary backup file
✅ Backup process completed!
⏳ Creating backup...
✅ Local backup created: /home/lmnet/server/server/backups/backup-1772913602605.zip
✅ Backup uploaded: backup-1772913602605.zip
🗑️ Deleted oldest Google Drive backup: backup-1772827202205.zip
🧹 Removed local temporary backup file
✅ Backup process completed!
⏳ Creating backup...
✅ Local backup created: /home/lmnet/server/server/backups/backup-1772920802844.zip
✅ Backup uploaded: backup-1772920802844.zip
🗑️ Deleted oldest Google Drive backup: backup-1772834402537.zip
🧹 Removed local temporary backup file
✅ Backup process completed!
⏳ Creating backup...
✅ Local backup created: /home/lmnet/server/server/backups/backup-1772928003032.zip
✅ Backup uploaded: backup-1772928003032.zip
🗑️ Deleted oldest Google Drive backup: backup-1772841603127.zip
🧹 Removed local temporary backup file
✅ Backup process completed!
⏳ Creating backup...
✅ Local backup created: /home/lmnet/server/server/backups/backup-1772935202383.zip
✅ Backup uploaded: backup-1772935202383.zip
🗑️ Deleted oldest Google Drive backup: backup-1772848802726.zip
🧹 Removed local temporary backup file
✅ Backup process completed!
⏳ Creating backup...
✅ Local backup created: /home/lmnet/server/server/backups/backup-1772942402694.zip
✅ Backup uploaded: backup-1772942402694.zip
🗑️ Deleted oldest Google Drive backup: backup-1772856002869.zip
🧹 Removed local temporary backup file
✅ Backup process completed!
⏳ Creating backup...
✅ Local backup created: /home/lmnet/server/server/backups/backup-1772949602327.zip
✅ Backup uploaded: backup-1772949602327.zip
🗑️ Deleted oldest Google Drive backup: backup-1772863202431.zip
🧹 Removed local temporary backup file
✅ Backup process completed!
⏳ Creating backup...
✅ Local backup created: /home/lmnet/server/server/backups/backup-1772956802483.zip
✅ Backup uploaded: backup-1772956802483.zip
🗑️ Deleted oldest Google Drive backup: backup-1772870403071.zip
🧹 Removed local temporary backup file
✅ Backup process completed!
⏳ Creating backup...
✅ Local backup created: /home/lmnet/server/server/backups/backup-1772964002475.zip
✅ Backup uploaded: backup-1772964002475.zip
🗑️ Deleted oldest Google Drive backup: backup-1772877602919.zip
🧹 Removed local temporary backup file
✅ Backup process completed!
⏳ Creating backup...
✅ Local backup created: /home/lmnet/server/server/backups/backup-1772971202136.zip
✅ Backup uploaded: backup-1772971202136.zip
🗑️ Deleted oldest Google Drive backup: backup-1772884802548.zip
🧹 Removed local temporary backup file
✅ Backup process completed!
⏳ Creating backup...
✅ Local backup created: /home/lmnet/server/server/backups/backup-1772978401994.zip
✅ Backup uploaded: backup-1772978401994.zip
🗑️ Deleted oldest Google Drive backup: backup-1772892002464.zip
🧹 Removed local temporary backup file
✅ Backup process completed!
⏳ Creating backup...
✅ Local backup created: /home/lmnet/server/server/backups/backup-1772985602593.zip
✅ Backup uploaded: backup-1772985602593.zip
🗑️ Deleted oldest Google Drive backup: backup-1772899202558.zip
🧹 Removed local temporary backup file
✅ Backup process completed!
⏳ Creating backup...
✅ Local backup created: /home/lmnet/server/server/backups/backup-1772992802115.zip
✅ Backup uploaded: backup-1772992802115.zip
🗑️ Deleted oldest Google Drive backup: backup-1772906402316.zip
🧹 Removed local temporary backup file
✅ Backup process completed!
⏳ Creating backup...
✅ Local backup created: /home/lmnet/server/server/backups/backup-1773000002390.zip
✅ Backup uploaded: backup-1773000002390.zip
🗑️ Deleted oldest Google Drive backup: backup-1772913602605.zip
🧹 Removed local temporary backup file
✅ Backup process completed!
⏳ Creating backup...
✅ Local backup created: /home/lmnet/server/server/backups/backup-1773007202441.zip
✅ Backup uploaded: backup-1773007202441.zip
🗑️ Deleted oldest Google Drive backup: backup-1772920802844.zip
🧹 Removed local temporary backup file
✅ Backup process completed!
⏳ Creating backup...
✅ Local backup created: /home/lmnet/server/server/backups/backup-1773014402781.zip
✅ Backup uploaded: backup-1773014402781.zip
🗑️ Deleted oldest Google Drive backup: backup-1772928003032.zip
🧹 Removed local temporary backup file
✅ Backup process completed!
⏳ Creating backup...
✅ Local backup created: /home/lmnet/server/server/backups/backup-1773021602359.zip
✅ Backup uploaded: backup-1773021602359.zip
🗑️ Deleted oldest Google Drive backup: backup-1772935202383.zip
🧹 Removed local temporary backup file
✅ Backup process completed!
⏳ Creating backup...
✅ Local backup created: /home/lmnet/server/server/backups/backup-1773028802441.zip
✅ Backup uploaded: backup-1773028802441.zip
🗑️ Deleted oldest Google Drive backup: backup-1772942402694.zip
🧹 Removed local temporary backup file
✅ Backup process completed!
⏳ Creating backup...
✅ Local backup created: /home/lmnet/server/server/backups/backup-1773036002266.zip
✅ Backup uploaded: backup-1773036002266.zip
🗑️ Deleted oldest Google Drive backup: backup-1772949602327.zip
🧹 Removed local temporary backup file
✅ Backup process completed!
⏳ Creating backup...
✅ Local backup created: /home/lmnet/server/server/backups/backup-1773043202640.zip
✅ Backup uploaded: backup-1773043202640.zip
🗑️ Deleted oldest Google Drive backup: backup-1772956802483.zip
🧹 Removed local temporary backup file
✅ Backup process completed!
⏳ Creating backup...
✅ Local backup created: /home/lmnet/server/server/backups/backup-1773050402593.zip
✅ Backup uploaded: backup-1773050402593.zip
🗑️ Deleted oldest Google Drive backup: backup-1772964002475.zip
🧹 Removed local temporary backup file
✅ Backup process completed!
⏳ Creating backup...
✅ Local backup created: /home/lmnet/server/server/backups/backup-1773057602950.zip
✅ Backup uploaded: backup-1773057602950.zip
🗑️ Deleted oldest Google Drive backup: backup-1772971202136.zip
🧹 Removed local temporary backup file
✅ Backup process completed!
⏳ Creating backup...
✅ Local backup created: /home/lmnet/server/server/backups/backup-1773064802074.zip
✅ Backup uploaded: backup-1773064802074.zip
🗑️ Deleted oldest Google Drive backup: backup-1772978401994.zip
🧹 Removed local temporary backup file
✅ Backup process completed!
⏳ Creating backup...
✅ Local backup created: /home/lmnet/server/server/backups/backup-1773072002112.zip
✅ Backup uploaded: backup-1773072002112.zip
🗑️ Deleted oldest Google Drive backup: backup-1772985602593.zip
🧹 Removed local temporary backup file
✅ Backup process completed!
⏳ Creating backup...
✅ Local backup created: /home/lmnet/server/server/backups/backup-1773079202342.zip
✅ Backup uploaded: backup-1773079202342.zip
🗑️ Deleted oldest Google Drive backup: backup-1772992802115.zip
🧹 Removed local temporary backup file
✅ Backup process completed!
⏳ Creating backup...
✅ Local backup created: /home/lmnet/server/server/backups/backup-1773086402080.zip
✅ Backup uploaded: backup-1773086402080.zip
🗑️ Deleted oldest Google Drive backup: backup-1773000002390.zip
🧹 Removed local temporary backup file
✅ Backup process completed!
⏳ Creating backup...
✅ Local backup created: /home/lmnet/server/server/backups/backup-1773093602784.zip
✅ Backup uploaded: backup-1773093602784.zip
🗑️ Deleted oldest Google Drive backup: backup-1773007202441.zip
🧹 Removed local temporary backup file
✅ Backup process completed!
⏳ Creating backup...
✅ Local backup created: /home/lmnet/server/server/backups/backup-1773100802757.zip
✅ Backup uploaded: backup-1773100802757.zip
🗑️ Deleted oldest Google Drive backup: backup-1773014402781.zip
🧹 Removed local temporary backup file
✅ Backup process completed!
⏳ Creating backup...
✅ Local backup created: /home/lmnet/server/server/backups/backup-1773108002958.zip
✅ Backup uploaded: backup-1773108002958.zip
🗑️ Deleted oldest Google Drive backup: backup-1773021602359.zip
🧹 Removed local temporary backup file
✅ Backup process completed!
⏳ Creating backup...
✅ Local backup created: /home/lmnet/server/server/backups/backup-1773115202487.zip
✅ Backup uploaded: backup-1773115202487.zip
🗑️ Deleted oldest Google Drive backup: backup-1773028802441.zip
🧹 Removed local temporary backup file
✅ Backup process completed!
⏳ Creating backup...
✅ Local backup created: /home/lmnet/server/server/backups/backup-1773122402566.zip
✅ Backup uploaded: backup-1773122402566.zip
🗑️ Deleted oldest Google Drive backup: backup-1773036002266.zip
🧹 Removed local temporary backup file
✅ Backup process completed!
⏳ Creating backup...
✅ Local backup created: /home/lmnet/server/server/backups/backup-1773129602851.zip
✅ Backup uploaded: backup-1773129602851.zip
🗑️ Deleted oldest Google Drive backup: backup-1773043202640.zip
🧹 Removed local temporary backup file
✅ Backup process completed!
⏳ Creating backup...
✅ Local backup created: /home/lmnet/server/server/backups/backup-1773136802746.zip
✅ Backup uploaded: backup-1773136802746.zip
🗑️ Deleted oldest Google Drive backup: backup-1773050402593.zip
🧹 Removed local temporary backup file
✅ Backup process completed!
⏳ Creating backup...
✅ Local backup created: /home/lmnet/server/server/backups/backup-1773144002501.zip
✅ Backup uploaded: backup-1773144002501.zip
🗑️ Deleted oldest Google Drive backup: backup-1773057602950.zip
🧹 Removed local temporary backup file
✅ Backup process completed!
⏳ Creating backup...
✅ Local backup created: /home/lmnet/server/server/backups/backup-1773151202323.zip
✅ Backup uploaded: backup-1773151202323.zip
🗑️ Deleted oldest Google Drive backup: backup-1773064802074.zip
🧹 Removed local temporary backup file
✅ Backup process completed!
⏳ Creating backup...
✅ Local backup created: /home/lmnet/server/server/backups/backup-1773158402206.zip
✅ Backup uploaded: backup-1773158402206.zip
🗑️ Deleted oldest Google Drive backup: backup-1773072002112.zip
🧹 Removed local temporary backup file
✅ Backup process completed!
⏳ Creating backup...
✅ Local backup created: /home/lmnet/server/server/backups/backup-1773165602648.zip
✅ Backup uploaded: backup-1773165602648.zip
🗑️ Deleted oldest Google Drive backup: backup-1773079202342.zip
🧹 Removed local temporary backup file
✅ Backup process completed!
⏳ Creating backup...
✅ Local backup created: /home/lmnet/server/server/backups/backup-1773172802989.zip
✅ Backup uploaded: backup-1773172802989.zip
🗑️ Deleted oldest Google Drive backup: backup-1773086402080.zip
🧹 Removed local temporary backup file
✅ Backup process completed!
⏳ Creating backup...
✅ Local backup created: /home/lmnet/server/server/backups/backup-1773180001972.zip
✅ Backup uploaded: backup-1773180001972.zip
🗑️ Deleted oldest Google Drive backup: backup-1773093602784.zip
🧹 Removed local temporary backup file
✅ Backup process completed!
⏳ Creating backup...
✅ Local backup created: /home/lmnet/server/server/backups/backup-1773187202845.zip
✅ Backup uploaded: backup-1773187202845.zip
🗑️ Deleted oldest Google Drive backup: backup-1773100802757.zip
🧹 Removed local temporary backup file
✅ Backup process completed!
⏳ Creating backup...
✅ Local backup created: /home/lmnet/server/server/backups/backup-1773194402227.zip
✅ Backup uploaded: backup-1773194402227.zip
🗑️ Deleted oldest Google Drive backup: backup-1773108002958.zip
🧹 Removed local temporary backup file
✅ Backup process completed!
⏳ Creating backup...
✅ Local backup created: /home/lmnet/server/server/backups/backup-1773201601977.zip
✅ Backup uploaded: backup-1773201601977.zip
🗑️ Deleted oldest Google Drive backup: backup-1773115202487.zip
🧹 Removed local temporary backup file
✅ Backup process completed!
⏳ Creating backup...
✅ Local backup created: /home/lmnet/server/server/backups/backup-1773208803022.zip
✅ Backup uploaded: backup-1773208803022.zip
🗑️ Deleted oldest Google Drive backup: backup-1773122402566.zip
🧹 Removed local temporary backup file
✅ Backup process completed!
⏳ Creating backup...
✅ Local backup created: /home/lmnet/server/server/backups/backup-1773216002669.zip
✅ Backup uploaded: backup-1773216002669.zip
🗑️ Deleted oldest Google Drive backup: backup-1773129602851.zip
🧹 Removed local temporary backup file
✅ Backup process completed!
⏳ Creating backup...
✅ Local backup created: /home/lmnet/server/server/backups/backup-1773223202715.zip
✅ Backup uploaded: backup-1773223202715.zip
🗑️ Deleted oldest Google Drive backup: backup-1773136802746.zip
🧹 Removed local temporary backup file
✅ Backup process completed!
⏳ Creating backup...
✅ Local backup created: /home/lmnet/server/server/backups/backup-1773230402590.zip
✅ Backup uploaded: backup-1773230402590.zip
🗑️ Deleted oldest Google Drive backup: backup-1773144002501.zip
🧹 Removed local temporary backup file
✅ Backup process completed!
⏳ Creating backup...
✅ Local backup created: /home/lmnet/server/server/backups/backup-1773237603123.zip
✅ Backup uploaded: backup-1773237603123.zip
🗑️ Deleted oldest Google Drive backup: backup-1773151202323.zip
🧹 Removed local temporary backup file
✅ Backup process completed!
⏳ Creating backup...
✅ Local backup created: /home/lmnet/server/server/backups/backup-1773244802309.zip
✅ Backup uploaded: backup-1773244802309.zip
🗑️ Deleted oldest Google Drive backup: backup-1773158402206.zip
🧹 Removed local temporary backup file
✅ Backup process completed!
⏳ Creating backup...
✅ Local backup created: /home/lmnet/server/server/backups/backup-1773252001919.zip
✅ Backup uploaded: backup-1773252001919.zip
🗑️ Deleted oldest Google Drive backup: backup-1773165602648.zip
🧹 Removed local temporary backup file
✅ Backup process completed!
⏳ Creating backup...
✅ Local backup created: /home/lmnet/server/server/backups/backup-1773259202250.zip
✅ Backup uploaded: backup-1773259202250.zip
🗑️ Deleted oldest Google Drive backup: backup-1773172802989.zip
🧹 Removed local temporary backup file
✅ Backup process completed!
⏳ Creating backup...
✅ Local backup created: /home/lmnet/server/server/backups/backup-1773266402629.zip
✅ Backup uploaded: backup-1773266402629.zip
🗑️ Deleted oldest Google Drive backup: backup-1773180001972.zip
🧹 Removed local temporary backup file
✅ Backup process completed!
⏳ Creating backup...
✅ Local backup created: /home/lmnet/server/server/backups/backup-1773273602785.zip
✅ Backup uploaded: backup-1773273602785.zip
🗑️ Deleted oldest Google Drive backup: backup-1773187202845.zip
🧹 Removed local temporary backup file
✅ Backup process completed!
⏳ Creating backup...
✅ Local backup created: /home/lmnet/server/server/backups/backup-1773280802331.zip
✅ Backup uploaded: backup-1773280802331.zip
🗑️ Deleted oldest Google Drive backup: backup-1773194402227.zip
🧹 Removed local temporary backup file
✅ Backup process completed!
⏳ Creating backup...
✅ Local backup created: /home/lmnet/server/server/backups/backup-1773288002736.zip
✅ Backup uploaded: backup-1773288002736.zip
🗑️ Deleted oldest Google Drive backup: backup-1773201601977.zip
🧹 Removed local temporary backup file
✅ Backup process completed!
⏳ Creating backup...
✅ Local backup created: /home/lmnet/server/server/backups/backup-1773295202744.zip
✅ Backup uploaded: backup-1773295202744.zip
🗑️ Deleted oldest Google Drive backup: backup-1773208803022.zip
🧹 Removed local temporary backup file
✅ Backup process completed!
⏳ Creating backup...
✅ Local backup created: /home/lmnet/server/server/backups/backup-1773302402303.zip
✅ Backup uploaded: backup-1773302402303.zip
🗑️ Deleted oldest Google Drive backup: backup-1773216002669.zip
🧹 Removed local temporary backup file
✅ Backup process completed!
⏳ Creating backup...
✅ Local backup created: /home/lmnet/server/server/backups/backup-1773309602309.zip
✅ Backup uploaded: backup-1773309602309.zip
🗑️ Deleted oldest Google Drive backup: backup-1773223202715.zip
🧹 Removed local temporary backup file
✅ Backup process completed!
⏳ Creating backup...
✅ Local backup created: /home/lmnet/server/server/backups/backup-1773316802361.zip
✅ Backup uploaded: backup-1773316802361.zip
🗑️ Deleted oldest Google Drive backup: backup-1773230402590.zip
🧹 Removed local temporary backup file
✅ Backup process completed!
⏳ Creating backup...
✅ Local backup created: /home/lmnet/server/server/backups/backup-1773324002647.zip
✅ Backup uploaded: backup-1773324002647.zip
🗑️ Deleted oldest Google Drive backup: backup-1773237603123.zip
🧹 Removed local temporary backup file
✅ Backup process completed!
⏳ Creating backup...
✅ Local backup created: /home/lmnet/server/server/backups/backup-1773331202869.zip
✅ Backup uploaded: backup-1773331202869.zip
🗑️ Deleted oldest Google Drive backup: backup-1773244802309.zip
🧹 Removed local temporary backup file
✅ Backup process completed!
⏳ Creating backup...
✅ Local backup created: /home/lmnet/server/server/backups/backup-1773338402971.zip
✅ Backup uploaded: backup-1773338402971.zip
🗑️ Deleted oldest Google Drive backup: backup-1773252001919.zip
🧹 Removed local temporary backup file
✅ Backup process completed!
⏳ Creating backup...
✅ Local backup created: /home/lmnet/server/server/backups/backup-1773345602589.zip
✅ Backup uploaded: backup-1773345602589.zip
🗑️ Deleted oldest Google Drive backup: backup-1773259202250.zip
🧹 Removed local temporary backup file
✅ Backup process completed!
⏳ Creating backup...
✅ Local backup created: /home/lmnet/server/server/backups/backup-1773352802302.zip
✅ Backup uploaded: backup-1773352802302.zip
🗑️ Deleted oldest Google Drive backup: backup-1773266402629.zip
🧹 Removed local temporary backup file
✅ Backup process completed!
⏳ Creating backup...
✅ Local backup created: /home/lmnet/server/server/backups/backup-1773360002281.zip
✅ Backup uploaded: backup-1773360002281.zip
🗑️ Deleted oldest Google Drive backup: backup-1773273602785.zip
🧹 Removed local temporary backup file
✅ Backup process completed!
⏳ Creating backup...
✅ Local backup created: /home/lmnet/server/server/backups/backup-1773367202107.zip
✅ Backup uploaded: backup-1773367202107.zip
🗑️ Deleted oldest Google Drive backup: backup-1773280802331.zip
🧹 Removed local temporary backup file
✅ Backup process completed!
⏳ Creating backup...
✅ Local backup created: /home/lmnet/server/server/backups/backup-1773374402547.zip
✅ Backup uploaded: backup-1773374402547.zip
🗑️ Deleted oldest Google Drive backup: backup-1773288002736.zip
🧹 Removed local temporary backup file
✅ Backup process completed!
⏳ Creating backup...
✅ Local backup created: /home/lmnet/server/server/backups/backup-1773381602624.zip
✅ Backup uploaded: backup-1773381602624.zip
🗑️ Deleted oldest Google Drive backup: backup-1773295202744.zip
🧹 Removed local temporary backup file
✅ Backup process completed!
⏳ Creating backup...
✅ Local backup created: /home/lmnet/server/server/backups/backup-1773388802372.zip
✅ Backup uploaded: backup-1773388802372.zip
🗑️ Deleted oldest Google Drive backup: backup-1773302402303.zip
🧹 Removed local temporary backup file
✅ Backup process completed!
⏳ Creating backup...
✅ Local backup created: /home/lmnet/server/server/backups/backup-1773396002772.zip
✅ Backup uploaded: backup-1773396002772.zip
🗑️ Deleted oldest Google Drive backup: backup-1773309602309.zip
🧹 Removed local temporary backup file
✅ Backup process completed!
⏳ Creating backup...
✅ Local backup created: /home/lmnet/server/server/backups/backup-1773403202073.zip
✅ Backup uploaded: backup-1773403202073.zip
🗑️ Deleted oldest Google Drive backup: backup-1773316802361.zip
🧹 Removed local temporary backup file
✅ Backup process completed!
⏳ Creating backup...
✅ Local backup created: /home/lmnet/server/server/backups/backup-1773410402238.zip
✅ Backup uploaded: backup-1773410402238.zip
🗑️ Deleted oldest Google Drive backup: backup-1773324002647.zip
🧹 Removed local temporary backup file
✅ Backup process completed!
⏳ Creating backup...
✅ Local backup created: /home/lmnet/server/server/backups/backup-1773417601986.zip
✅ Backup uploaded: backup-1773417601986.zip
🗑️ Deleted oldest Google Drive backup: backup-1773331202869.zip
🧹 Removed local temporary backup file
✅ Backup process completed!
⏳ Creating backup...
✅ Local backup created: /home/lmnet/server/server/backups/backup-1773424802517.zip
✅ Backup uploaded: backup-1773424802517.zip
🗑️ Deleted oldest Google Drive backup: backup-1773338402971.zip
🧹 Removed local temporary backup file
✅ Backup process completed!
⏳ Creating backup...
✅ Local backup created: /home/lmnet/server/server/backups/backup-1773432002274.zip
✅ Backup uploaded: backup-1773432002274.zip
🗑️ Deleted oldest Google Drive backup: backup-1773345602589.zip
🧹 Removed local temporary backup file
✅ Backup process completed!
⏳ Creating backup...
✅ Local backup created: /home/lmnet/server/server/backups/backup-1773439202032.zip
✅ Backup uploaded: backup-1773439202032.zip
🗑️ Deleted oldest Google Drive backup: backup-1773352802302.zip
🧹 Removed local temporary backup file
✅ Backup process completed!
⏳ Creating backup...
✅ Local backup created: /home/lmnet/server/server/backups/backup-1773446403095.zip
✅ Backup uploaded: backup-1773446403095.zip
🗑️ Deleted oldest Google Drive backup: backup-1773360002281.zip
🧹 Removed local temporary backup file
✅ Backup process completed!
⏳ Creating backup...
✅ Local backup created: /home/lmnet/server/server/backups/backup-1773453602600.zip
✅ Backup uploaded: backup-1773453602600.zip
🗑️ Deleted oldest Google Drive backup: backup-1773367202107.zip
🧹 Removed local temporary backup file
✅ Backup process completed!
⏳ Creating backup...
✅ Local backup created: /home/lmnet/server/server/backups/backup-1773460802327.zip
✅ Backup uploaded: backup-1773460802327.zip
🗑️ Deleted oldest Google Drive backup: backup-1773374402547.zip
🧹 Removed local temporary backup file
✅ Backup process completed!
⏳ Creating backup...
✅ Local backup created: /home/lmnet/server/server/backups/backup-1773468001831.zip
✅ Backup uploaded: backup-1773468001831.zip
🗑️ Deleted oldest Google Drive backup: backup-1773381602624.zip
🧹 Removed local temporary backup file
✅ Backup process completed!
⏳ Creating backup...
✅ Local backup created: /home/lmnet/server/server/backups/backup-1773475202836.zip
✅ Backup uploaded: backup-1773475202836.zip
🗑️ Deleted oldest Google Drive backup: backup-1773388802372.zip
🧹 Removed local temporary backup file
✅ Backup process completed!
⏳ Creating backup...
✅ Local backup created: /home/lmnet/server/server/backups/backup-1773482402168.zip
✅ Backup uploaded: backup-1773482402168.zip
🗑️ Deleted oldest Google Drive backup: backup-1773396002772.zip
🧹 Removed local temporary backup file
✅ Backup process completed!
⏳ Creating backup...
✅ Local backup created: /home/lmnet/server/server/backups/backup-1773489602486.zip
✅ Backup uploaded: backup-1773489602486.zip
🗑️ Deleted oldest Google Drive backup: backup-1773403202073.zip
🧹 Removed local temporary backup file
✅ Backup process completed!
⏳ Creating backup...
✅ Local backup created: /home/lmnet/server/server/backups/backup-1773496802847.zip
✅ Backup uploaded: backup-1773496802847.zip
🗑️ Deleted oldest Google Drive backup: backup-1773410402238.zip
🧹 Removed local temporary backup file
✅ Backup process completed!
⏳ Creating backup...
✅ Local backup created: /home/lmnet/server/server/backups/backup-1773504002466.zip
✅ Backup uploaded: backup-1773504002466.zip
🗑️ Deleted oldest Google Drive backup: backup-1773417601986.zip
🧹 Removed local temporary backup file
✅ Backup process completed!
⏳ Creating backup...
✅ Local backup created: /home/lmnet/server/server/backups/backup-1773511202493.zip
✅ Backup uploaded: backup-1773511202493.zip
🗑️ Deleted oldest Google Drive backup: backup-1773424802517.zip
🧹 Removed local temporary backup file
✅ Backup process completed!
⏳ Creating backup...
✅ Local backup created: /home/lmnet/server/server/backups/backup-1773518402255.zip
✅ Backup uploaded: backup-1773518402255.zip
🗑️ Deleted oldest Google Drive backup: backup-1773432002274.zip
🧹 Removed local temporary backup file
✅ Backup process completed!
⏳ Creating backup...
✅ Local backup created: /home/lmnet/server/server/backups/backup-1773525602021.zip
✅ Backup uploaded: backup-1773525602021.zip
🗑️ Deleted oldest Google Drive backup: backup-1773439202032.zip
🧹 Removed local temporary backup file
✅ Backup process completed!
⏳ Creating backup...
✅ Local backup created: /home/lmnet/server/server/backups/backup-1773532803431.zip
✅ Backup uploaded: backup-1773532803431.zip
🗑️ Deleted oldest Google Drive backup: backup-1773446403095.zip
🧹 Removed local temporary backup file
✅ Backup process completed!
⏳ Creating backup...
✅ Local backup created: /home/lmnet/server/server/backups/backup-1773540002667.zip
✅ Backup uploaded: backup-1773540002667.zip
🗑️ Deleted oldest Google Drive backup: backup-1773453602600.zip
🧹 Removed local temporary backup file
✅ Backup process completed!
⏳ Creating backup...
✅ Local backup created: /home/lmnet/server/server/backups/backup-1773547202474.zip
✅ Backup uploaded: backup-1773547202474.zip
🗑️ Deleted oldest Google Drive backup: backup-1773460802327.zip
🧹 Removed local temporary backup file
✅ Backup process completed!
⏳ Creating backup...
✅ Local backup created: /home/lmnet/server/server/backups/backup-1773554402132.zip
✅ Backup uploaded: backup-1773554402132.zip
🗑️ Deleted oldest Google Drive backup: backup-1773468001831.zip
🧹 Removed local temporary backup file
✅ Backup process completed!
⏳ Creating backup...
✅ Local backup created: /home/lmnet/server/server/backups/backup-1773561602674.zip
✅ Backup uploaded: backup-1773561602674.zip
🗑️ Deleted oldest Google Drive backup: backup-1773475202836.zip
🧹 Removed local temporary backup file
✅ Backup process completed!
⏳ Creating backup...
✅ Local backup created: /home/lmnet/server/server/backups/backup-1773568801925.zip
✅ Backup uploaded: backup-1773568801925.zip
🗑️ Deleted oldest Google Drive backup: backup-1773482402168.zip
🧹 Removed local temporary backup file
✅ Backup process completed!
⏳ Creating backup...
✅ Local backup created: /home/lmnet/server/server/backups/backup-1773576002487.zip
✅ Backup uploaded: backup-1773576002487.zip
🗑️ Deleted oldest Google Drive backup: backup-1773489602486.zip
🧹 Removed local temporary backup file
✅ Backup process completed!
⏳ Creating backup...
✅ Local backup created: /home/lmnet/server/server/backups/backup-1773583202405.zip
✅ Backup uploaded: backup-1773583202405.zip
🗑️ Deleted oldest Google Drive backup: backup-1773496802847.zip
🧹 Removed local temporary backup file
✅ Backup process completed!
⏳ Creating backup...
✅ Local backup created: /home/lmnet/server/server/backups/backup-1773590402005.zip
✅ Backup uploaded: backup-1773590402005.zip
🗑️ Deleted oldest Google Drive backup: backup-1773504002466.zip
🧹 Removed local temporary backup file
✅ Backup process completed!
⏳ Creating backup...
✅ Local backup created: /home/lmnet/server/server/backups/backup-1773597602046.zip
✅ Backup uploaded: backup-1773597602046.zip
🗑️ Deleted oldest Google Drive backup: backup-1773511202493.zip
🧹 Removed local temporary backup file
✅ Backup process completed!
⏳ Creating backup...
✅ Local backup created: /home/lmnet/server/server/backups/backup-1773604802594.zip
✅ Backup uploaded: backup-1773604802594.zip
🗑️ Deleted oldest Google Drive backup: backup-1773518402255.zip
🧹 Removed local temporary backup file
✅ Backup process completed!
⏳ Creating backup...
✅ Local backup created: /home/lmnet/server/server/backups/backup-1773612002143.zip
✅ Backup uploaded: backup-1773612002143.zip
🗑️ Deleted oldest Google Drive backup: backup-1773525602021.zip
🧹 Removed local temporary backup file
✅ Backup process completed!
⏳ Creating backup...
✅ Local backup created: /home/lmnet/server/server/backups/backup-1773619202175.zip
✅ Backup uploaded: backup-1773619202175.zip
🗑️ Deleted oldest Google Drive backup: backup-1773532803431.zip
🧹 Removed local temporary backup file
✅ Backup process completed!
⏳ Creating backup...
✅ Local backup created: /home/lmnet/server/server/backups/backup-1773626402434.zip
✅ Backup uploaded: backup-1773626402434.zip
🗑️ Deleted oldest Google Drive backup: backup-1773540002667.zip
🧹 Removed local temporary backup file
✅ Backup process completed!
⏳ Creating backup...
✅ Local backup created: /home/lmnet/server/server/backups/backup-1773633602142.zip
✅ Backup uploaded: backup-1773633602142.zip
🗑️ Deleted oldest Google Drive backup: backup-1773547202474.zip
🧹 Removed local temporary backup file
✅ Backup process completed!
⏳ Creating backup...
✅ Local backup created: /home/lmnet/server/server/backups/backup-1773640802729.zip
✅ Backup uploaded: backup-1773640802729.zip
🗑️ Deleted oldest Google Drive backup: backup-1773554402132.zip
🧹 Removed local temporary backup file
✅ Backup process completed!
⏳ Creating backup...
✅ Local backup created: /home/lmnet/server/server/backups/backup-1773648002446.zip
✅ Backup uploaded: backup-1773648002446.zip
🗑️ Deleted oldest Google Drive backup: backup-1773561602674.zip
🧹 Removed local temporary backup file
✅ Backup process completed!
⏳ Creating backup...
✅ Local backup created: /home/lmnet/server/server/backups/backup-1773655202169.zip
✅ Backup uploaded: backup-1773655202169.zip
🗑️ Deleted oldest Google Drive backup: backup-1773568801925.zip
🧹 Removed local temporary backup file
✅ Backup process completed!
⏳ Creating backup...
✅ Local backup created: /home/lmnet/server/server/backups/backup-1773662402131.zip
✅ Backup uploaded: backup-1773662402131.zip
🗑️ Deleted oldest Google Drive backup: backup-1773576002487.zip
🧹 Removed local temporary backup file
✅ Backup process completed!
⏳ Creating backup...
✅ Local backup created: /home/lmnet/server/server/backups/backup-1773669602655.zip
✅ Backup uploaded: backup-1773669602655.zip
🗑️ Deleted oldest Google Drive backup: backup-1773583202405.zip
🧹 Removed local temporary backup file
✅ Backup process completed!
⏳ Creating backup...
✅ Local backup created: /home/lmnet/server/server/backups/backup-1773676802236.zip
✅ Backup uploaded: backup-1773676802236.zip
🗑️ Deleted oldest Google Drive backup: backup-1773590402005.zip
🧹 Removed local temporary backup file
✅ Backup process completed!
⏳ Creating backup...
✅ Local backup created: /home/lmnet/server/server/backups/backup-1773684002673.zip
✅ Backup uploaded: backup-1773684002673.zip
🗑️ Deleted oldest Google Drive backup: backup-1773597602046.zip
🧹 Removed local temporary backup file
✅ Backup process completed!
⏳ Creating backup...
✅ Local backup created: /home/lmnet/server/server/backups/backup-1773691202339.zip
✅ Backup uploaded: backup-1773691202339.zip
🗑️ Deleted oldest Google Drive backup: backup-1773604802594.zip
🧹 Removed local temporary backup file
✅ Backup process completed!
⏳ Creating backup...
✅ Local backup created: /home/lmnet/server/server/backups/backup-1773698402592.zip
✅ Backup uploaded: backup-1773698402592.zip
🗑️ Deleted oldest Google Drive backup: backup-1773612002143.zip
🧹 Removed local temporary backup file
✅ Backup process completed!
⏳ Creating backup...
✅ Local backup created: /home/lmnet/server/server/backups/backup-1773705602660.zip
✅ Backup uploaded: backup-1773705602660.zip
🗑️ Deleted oldest Google Drive backup: backup-1773619202175.zip
🧹 Removed local temporary backup file
✅ Backup process completed!
⏳ Creating backup...
✅ Local backup created: /home/lmnet/server/server/backups/backup-1773712802157.zip
✅ Backup uploaded: backup-1773712802157.zip
🗑️ Deleted oldest Google Drive backup: backup-1773626402434.zip
🧹 Removed local temporary backup file
✅ Backup process completed!
⏳ Creating backup...
✅ Local backup created: /home/lmnet/server/server/backups/backup-1773720002737.zip
✅ Backup uploaded: backup-1773720002737.zip
🗑️ Deleted oldest Google Drive backup: backup-1773633602142.zip
🧹 Removed local temporary backup file
✅ Backup process completed!
⏳ Creating backup...
✅ Local backup created: /home/lmnet/server/server/backups/backup-1773727202625.zip
✅ Backup uploaded: backup-1773727202625.zip
🗑️ Deleted oldest Google Drive backup: backup-1773640802729.zip
🧹 Removed local temporary backup file
✅ Backup process completed!
⏳ Creating backup...
✅ Local backup created: /home/lmnet/server/server/backups/backup-1773734403303.zip
✅ Backup uploaded: backup-1773734403303.zip
🗑️ Deleted oldest Google Drive backup: backup-1773648002446.zip
🧹 Removed local temporary backup file
✅ Backup process completed!
⏳ Creating backup...
✅ Local backup created: /home/lmnet/server/server/backups/backup-1773741602794.zip
✅ Backup uploaded: backup-1773741602794.zip
🗑️ Deleted oldest Google Drive backup: backup-1773655202169.zip
🧹 Removed local temporary backup file
✅ Backup process completed!
⏳ Creating backup...
✅ Local backup created: /home/lmnet/server/server/backups/backup-1773748802487.zip
✅ Backup uploaded: backup-1773748802487.zip
🗑️ Deleted oldest Google Drive backup: backup-1773662402131.zip
🧹 Removed local temporary backup file
✅ Backup process completed!
⏳ Creating backup...
✅ Local backup created: /home/lmnet/server/server/backups/backup-1773756002627.zip
✅ Backup uploaded: backup-1773756002627.zip
🗑️ Deleted oldest Google Drive backup: backup-1773669602655.zip
🧹 Removed local temporary backup file
✅ Backup process completed!
⏳ Creating backup...
✅ Local backup created: /home/lmnet/server/server/backups/backup-1773763202658.zip
✅ Backup uploaded: backup-1773763202658.zip
🗑️ Deleted oldest Google Drive backup: backup-1773676802236.zip
🧹 Removed local temporary backup file
✅ Backup process completed!
⏳ Creating backup...
✅ Local backup created: /home/lmnet/server/server/backups/backup-1773770402308.zip
✅ Backup uploaded: backup-1773770402308.zip
🗑️ Deleted oldest Google Drive backup: backup-1773684002673.zip
🧹 Removed local temporary backup file
✅ Backup process completed!
⏳ Creating backup...
✅ Local backup created: /home/lmnet/server/server/backups/backup-1773777601963.zip
✅ Backup uploaded: backup-1773777601963.zip
🗑️ Deleted oldest Google Drive backup: backup-1773691202339.zip
🧹 Removed local temporary backup file
✅ Backup process completed!
⏳ Creating backup...
✅ Local backup created: /home/lmnet/server/server/backups/backup-1773784802484.zip
✅ Backup uploaded: backup-1773784802484.zip
🗑️ Deleted oldest Google Drive backup: backup-1773698402592.zip
🧹 Removed local temporary backup file
✅ Backup process completed!
⏳ Creating backup...
✅ Local backup created: /home/lmnet/server/server/backups/backup-1773792002947.zip
✅ Backup uploaded: backup-1773792002947.zip
🗑️ Deleted oldest Google Drive backup: backup-1773705602660.zip
🧹 Removed local temporary backup file
✅ Backup process completed!
⏳ Creating backup...
✅ Local backup created: /home/lmnet/server/server/backups/backup-1773799202938.zip
✅ Backup uploaded: backup-1773799202938.zip
🗑️ Deleted oldest Google Drive backup: backup-1773712802157.zip
🧹 Removed local temporary backup file
✅ Backup process completed!
⏳ Creating backup...
✅ Local backup created: /home/lmnet/server/server/backups/backup-1773806401902.zip
✅ Backup uploaded: backup-1773806401902.zip
🗑️ Deleted oldest Google Drive backup: backup-1773720002737.zip
🧹 Removed local temporary backup file
✅ Backup process completed!
⏳ Creating backup...
✅ Local backup created: /home/lmnet/server/server/backups/backup-1773813602124.zip
✅ Backup uploaded: backup-1773813602124.zip
🗑️ Deleted oldest Google Drive backup: backup-1773727202625.zip
🧹 Removed local temporary backup file
✅ Backup process completed!
⏳ Creating backup...
✅ Local backup created: /home/lmnet/server/server/backups/backup-1773820802725.zip
✅ Backup uploaded: backup-1773820802725.zip
🗑️ Deleted oldest Google Drive backup: backup-1773734403303.zip
🧹 Removed local temporary backup file
✅ Backup process completed!
⏳ Creating backup...
✅ Local backup created: /home/lmnet/server/server/backups/backup-1773828002646.zip
✅ Backup uploaded: backup-1773828002646.zip
🗑️ Deleted oldest Google Drive backup: backup-1773741602794.zip
🧹 Removed local temporary backup file
✅ Backup process completed!
⏳ Creating backup...
✅ Local backup created: /home/lmnet/server/server/backups/backup-1773835202634.zip
✅ Backup uploaded: backup-1773835202634.zip
🗑️ Deleted oldest Google Drive backup: backup-1773748802487.zip
🧹 Removed local temporary backup file
✅ Backup process completed!
⏳ Creating backup...
✅ Local backup created: /home/lmnet/server/server/backups/backup-1773842402708.zip
✅ Backup uploaded: backup-1773842402708.zip
🗑️ Deleted oldest Google Drive backup: backup-1773756002627.zip
🧹 Removed local temporary backup file
✅ Backup process completed!
⏳ Creating backup...
✅ Local backup created: /home/lmnet/server/server/backups/backup-1773849602954.zip
✅ Backup uploaded: backup-1773849602954.zip
🗑️ Deleted oldest Google Drive backup: backup-1773763202658.zip
🧹 Removed local temporary backup file
✅ Backup process completed!
⏳ Creating backup...
✅ Local backup created: /home/lmnet/server/server/backups/backup-1773856802380.zip
✅ Backup uploaded: backup-1773856802380.zip
🗑️ Deleted oldest Google Drive backup: backup-1773770402308.zip
🧹 Removed local temporary backup file
✅ Backup process completed!
⏳ Creating backup...
✅ Local backup created: /home/lmnet/server/server/backups/backup-1773864002485.zip
✅ Backup uploaded: backup-1773864002485.zip
🗑️ Deleted oldest Google Drive backup: backup-1773777601963.zip
🧹 Removed local temporary backup file
✅ Backup process completed!
⏳ Creating backup...
✅ Local backup created: /home/lmnet/server/server/backups/backup-1773871202523.zip
✅ Backup uploaded: backup-1773871202523.zip
🗑️ Deleted oldest Google Drive backup: backup-1773784802484.zip
🧹 Removed local temporary backup file
✅ Backup process completed!
⏳ Creating backup...
✅ Local backup created: /home/lmnet/server/server/backups/backup-1773878402887.zip
✅ Backup uploaded: backup-1773878402887.zip
🗑️ Deleted oldest Google Drive backup: backup-1773792002947.zip
🧹 Removed local temporary backup file
✅ Backup process completed!
⏳ Creating backup...
✅ Local backup created: /home/lmnet/server/server/backups/backup-1773885602064.zip
✅ Backup uploaded: backup-1773885602064.zip
🗑️ Deleted oldest Google Drive backup: backup-1773799202938.zip
🧹 Removed local temporary backup file
✅ Backup process completed!
⏳ Creating backup...
✅ Local backup created: /home/lmnet/server/server/backups/backup-1773892802855.zip
✅ Backup uploaded: backup-1773892802855.zip
🗑️ Deleted oldest Google Drive backup: backup-1773806401902.zip
🧹 Removed local temporary backup file
✅ Backup process completed!
⏳ Creating backup...
✅ Local backup created: /home/lmnet/server/server/backups/backup-1773900002173.zip
✅ Backup uploaded: backup-1773900002173.zip
🗑️ Deleted oldest Google Drive backup: backup-1773813602124.zip
🧹 Removed local temporary backup file
✅ Backup process completed!
⏳ Creating backup...
✅ Local backup created: /home/lmnet/server/server/backups/backup-1773907202331.zip
✅ Backup uploaded: backup-1773907202331.zip
🗑️ Deleted oldest Google Drive backup: backup-1773820802725.zip
🧹 Removed local temporary backup file
✅ Backup process completed!
⏳ Creating backup...
✅ Local backup created: /home/lmnet/server/server/backups/backup-1773914402933.zip
✅ Backup uploaded: backup-1773914402933.zip
🗑️ Deleted oldest Google Drive backup: backup-1773828002646.zip
🧹 Removed local temporary backup file
✅ Backup process completed!
⏳ Creating backup...
✅ Local backup created: /home/lmnet/server/server/backups/backup-1773921602677.zip
✅ Backup uploaded: backup-1773921602677.zip
🗑️ Deleted oldest Google Drive backup: backup-1773835202634.zip
🧹 Removed local temporary backup file
✅ Backup process completed!
⏳ Creating backup...
✅ Local backup created: /home/lmnet/server/server/backups/backup-1773928802712.zip
✅ Backup uploaded: backup-1773928802712.zip
🗑️ Deleted oldest Google Drive backup: backup-1773842402708.zip
🧹 Removed local temporary backup file
✅ Backup process completed!
⏳ Creating backup...
✅ Local backup created: /home/lmnet/server/server/backups/backup-1773936002344.zip
✅ Backup uploaded: backup-1773936002344.zip
🗑️ Deleted oldest Google Drive backup: backup-1773849602954.zip
🧹 Removed local temporary backup file
✅ Backup process completed!
⏳ Creating backup...
✅ Local backup created: /home/lmnet/server/server/backups/backup-1773943202170.zip
✅ Backup uploaded: backup-1773943202170.zip
🗑️ Deleted oldest Google Drive backup: backup-1773856802380.zip
🧹 Removed local temporary backup file
✅ Backup process completed!
⏳ Creating backup...
✅ Local backup created: /home/lmnet/server/server/backups/backup-1773950402450.zip
✅ Backup uploaded: backup-1773950402450.zip
🗑️ Deleted oldest Google Drive backup: backup-1773864002485.zip
🧹 Removed local temporary backup file
✅ Backup process completed!
⏳ Creating backup...
✅ Local backup created: /home/lmnet/server/server/backups/backup-1773957602400.zip
✅ Backup uploaded: backup-1773957602400.zip
🗑️ Deleted oldest Google Drive backup: backup-1773871202523.zip
🧹 Removed local temporary backup file
✅ Backup process completed!
⏳ Creating backup...
✅ Local backup created: /home/lmnet/server/server/backups/backup-1773964802870.zip
✅ Backup uploaded: backup-1773964802870.zip
🗑️ Deleted oldest Google Drive backup: backup-1773878402887.zip
🧹 Removed local temporary backup file
✅ Backup process completed!
⏳ Creating backup...
✅ Local backup created: /home/lmnet/server/server/backups/backup-1773972002121.zip
✅ Backup uploaded: backup-1773972002121.zip
🗑️ Deleted oldest Google Drive backup: backup-1773885602064.zip
🧹 Removed local temporary backup file
✅ Backup process completed!
⏳ Creating backup...
✅ Local backup created: /home/lmnet/server/server/backups/backup-1773979202714.zip
✅ Backup uploaded: backup-1773979202714.zip
🗑️ Deleted oldest Google Drive backup: backup-1773892802855.zip
🧹 Removed local temporary backup file
✅ Backup process completed!
⏳ Creating backup...
✅ Local backup created: /home/lmnet/server/server/backups/backup-1773986402313.zip
✅ Backup uploaded: backup-1773986402313.zip
🗑️ Deleted oldest Google Drive backup: backup-1773900002173.zip
🧹 Removed local temporary backup file
✅ Backup process completed!
⏳ Creating backup...
✅ Local backup created: /home/lmnet/server/server/backups/backup-1773993602319.zip
✅ Backup uploaded: backup-1773993602319.zip
🗑️ Deleted oldest Google Drive backup: backup-1773907202331.zip
🧹 Removed local temporary backup file
✅ Backup process completed!
⏳ Creating backup...
✅ Local backup created: /home/lmnet/server/server/backups/backup-1774000802125.zip
✅ Backup uploaded: backup-1774000802125.zip
🗑️ Deleted oldest Google Drive backup: backup-1773914402933.zip
🧹 Removed local temporary backup file
✅ Backup process completed!
⏳ Creating backup...
✅ Local backup created: /home/lmnet/server/server/backups/backup-1774008002166.zip
✅ Backup uploaded: backup-1774008002166.zip
🗑️ Deleted oldest Google Drive backup: backup-1773921602677.zip
🧹 Removed local temporary backup file
✅ Backup process completed!
⏳ Creating backup...
✅ Local backup created: /home/lmnet/server/server/backups/backup-1774015202720.zip
✅ Backup uploaded: backup-1774015202720.zip
🗑️ Deleted oldest Google Drive backup: backup-1773928802712.zip
🧹 Removed local temporary backup file
✅ Backup process completed!
⏳ Creating backup...
✅ Local backup created: /home/lmnet/server/server/backups/backup-1774022401941.zip
✅ Backup uploaded: backup-1774022401941.zip
🗑️ Deleted oldest Google Drive backup: backup-1773936002344.zip
🧹 Removed local temporary backup file
✅ Backup process completed!
⏳ Creating backup...
✅ Local backup created: /home/lmnet/server/server/backups/backup-1774029602103.zip
✅ Backup uploaded: backup-1774029602103.zip
🗑️ Deleted oldest Google Drive backup: backup-1773943202170.zip
🧹 Removed local temporary backup file
✅ Backup process completed!
⏳ Creating backup...
✅ Local backup created: /home/lmnet/server/server/backups/backup-1774036802217.zip
✅ Backup uploaded: backup-1774036802217.zip
🗑️ Deleted oldest Google Drive backup: backup-1773950402450.zip
🧹 Removed local temporary backup file
✅ Backup process completed!
⏳ Creating backup...
✅ Local backup created: /home/lmnet/server/server/backups/backup-1774044002752.zip
✅ Backup uploaded: backup-1774044002752.zip
🗑️ Deleted oldest Google Drive backup: backup-1773957602400.zip
🧹 Removed local temporary backup file
✅ Backup process completed!
⏳ Creating backup...
✅ Local backup created: /home/lmnet/server/server/backups/backup-1774051202696.zip
✅ Backup uploaded: backup-1774051202696.zip
🗑️ Deleted oldest Google Drive backup: backup-1773964802870.zip
🧹 Removed local temporary backup file
✅ Backup process completed!
⏳ Creating backup...
✅ Local backup created: /home/lmnet/server/server/backups/backup-1774058402680.zip
✅ Backup uploaded: backup-1774058402680.zip
🗑️ Deleted oldest Google Drive backup: backup-1773972002121.zip
🧹 Removed local temporary backup file
✅ Backup process completed!
⏳ Creating backup...
✅ Local backup created: /home/lmnet/server/server/backups/backup-1774065602915.zip
✅ Backup uploaded: backup-1774065602915.zip
🗑️ Deleted oldest Google Drive backup: backup-1773979202714.zip
🧹 Removed local temporary backup file
✅ Backup process completed!
⏳ Creating backup...
✅ Local backup created: /home/lmnet/server/server/backups/backup-1774072802584.zip
✅ Backup uploaded: backup-1774072802584.zip
🗑️ Deleted oldest Google Drive backup: backup-1773986402313.zip
🧹 Removed local temporary backup file
✅ Backup process completed!
⏳ Creating backup...
✅ Local backup created: /home/lmnet/server/server/backups/backup-1774080002546.zip
✅ Backup uploaded: backup-1774080002546.zip
🗑️ Deleted oldest Google Drive backup: backup-1773993602319.zip
🧹 Removed local temporary backup file
✅ Backup process completed!
⏳ Creating backup...
✅ Local backup created: /home/lmnet/server/server/backups/backup-1774087202691.zip
✅ Backup uploaded: backup-1774087202691.zip
🗑️ Deleted oldest Google Drive backup: backup-1774000802125.zip
🧹 Removed local temporary backup file
✅ Backup process completed!
⏳ Creating backup...
✅ Local backup created: /home/lmnet/server/server/backups/backup-1774094402722.zip
✅ Backup uploaded: backup-1774094402722.zip
🗑️ Deleted oldest Google Drive backup: backup-1774008002166.zip
🧹 Removed local temporary backup file
✅ Backup process completed!
⏳ Creating backup...
✅ Local backup created: /home/lmnet/server/server/backups/backup-1774101602090.zip
✅ Backup uploaded: backup-1774101602090.zip
🗑️ Deleted oldest Google Drive backup: backup-1774015202720.zip
🧹 Removed local temporary backup file
✅ Backup process completed!
⏳ Creating backup...
✅ Local backup created: /home/lmnet/server/server/backups/backup-1774108802489.zip
✅ Backup uploaded: backup-1774108802489.zip
🗑️ Deleted oldest Google Drive backup: backup-1774022401941.zip
🧹 Removed local temporary backup file
✅ Backup process completed!
⏳ Creating backup...
✅ Local backup created: /home/lmnet/server/server/backups/backup-1774116002656.zip
✅ Backup uploaded: backup-1774116002656.zip
🗑️ Deleted oldest Google Drive backup: backup-1774029602103.zip
🧹 Removed local temporary backup file
✅ Backup process completed!
⏳ Creating backup...
✅ Local backup created: /home/lmnet/server/server/backups/backup-1774123202529.zip
✅ Backup uploaded: backup-1774123202529.zip
🗑️ Deleted oldest Google Drive backup: backup-1774036802217.zip
🧹 Removed local temporary backup file
✅ Backup process completed!
⏳ Creating backup...
✅ Local backup created: /home/lmnet/server/server/backups/backup-1774130402335.zip
✅ Backup uploaded: backup-1774130402335.zip
🗑️ Deleted oldest Google Drive backup: backup-1774044002752.zip
🧹 Removed local temporary backup file
✅ Backup process completed!
⏳ Creating backup...
✅ Local backup created: /home/lmnet/server/server/backups/backup-1774137602769.zip
✅ Backup uploaded: backup-1774137602769.zip
🗑️ Deleted oldest Google Drive backup: backup-1774051202696.zip
🧹 Removed local temporary backup file
✅ Backup process completed!
⏳ Creating backup...
✅ Local backup created: /home/lmnet/server/server/backups/backup-1774144802890.zip
✅ Backup uploaded: backup-1774144802890.zip
🗑️ Deleted oldest Google Drive backup: backup-1774058402680.zip
🧹 Removed local temporary backup file
✅ Backup process completed!
⏳ Creating backup...
✅ Local backup created: /home/lmnet/server/server/backups/backup-1774152002299.zip
✅ Backup uploaded: backup-1774152002299.zip
🗑️ Deleted oldest Google Drive backup: backup-1774065602915.zip
🧹 Removed local temporary backup file
✅ Backup process completed!
⏳ Creating backup...
✅ Local backup created: /home/lmnet/server/server/backups/backup-1774159202893.zip
✅ Backup uploaded: backup-1774159202893.zip
🗑️ Deleted oldest Google Drive backup: backup-1774072802584.zip
🧹 Removed local temporary backup file
✅ Backup process completed!
⏳ Creating backup...
✅ Local backup created: /home/lmnet/server/server/backups/backup-1774166402666.zip
✅ Backup uploaded: backup-1774166402666.zip
🗑️ Deleted oldest Google Drive backup: backup-1774080002546.zip
🧹 Removed local temporary backup file
✅ Backup process completed!
⏳ Creating backup...
✅ Local backup created: /home/lmnet/server/server/backups/backup-1774173602081.zip
✅ Backup uploaded: backup-1774173602081.zip
🗑️ Deleted oldest Google Drive backup: backup-1774087202691.zip
🧹 Removed local temporary backup file
✅ Backup process completed!
⏳ Creating backup...
✅ Local backup created: /home/lmnet/server/server/backups/backup-1774180802099.zip
✅ Backup uploaded: backup-1774180802099.zip
🗑️ Deleted oldest Google Drive backup: backup-1774094402722.zip
🧹 Removed local temporary backup file
✅ Backup process completed!
⏳ Creating backup...
✅ Local backup created: /home/lmnet/server/server/backups/backup-1774188002327.zip
✅ Backup uploaded: backup-1774188002327.zip
🗑️ Deleted oldest Google Drive backup: backup-1774101602090.zip
🧹 Removed local temporary backup file
✅ Backup process completed!
⏳ Creating backup...
✅ Local backup created: /home/lmnet/server/server/backups/backup-1774195202465.zip
✅ Backup uploaded: backup-1774195202465.zip
🗑️ Deleted oldest Google Drive backup: backup-1774108802489.zip
🧹 Removed local temporary backup file
✅ Backup process completed!
⏳ Creating backup...
✅ Local backup created: /home/lmnet/server/server/backups/backup-1774202402750.zip
✅ Backup uploaded: backup-1774202402750.zip
🗑️ Deleted oldest Google Drive backup: backup-1774116002656.zip
🧹 Removed local temporary backup file
✅ Backup process completed!
⏳ Creating backup...
✅ Local backup created: /home/lmnet/server/server/backups/backup-1774209602519.zip
✅ Backup uploaded: backup-1774209602519.zip
🗑️ Deleted oldest Google Drive backup: backup-1774123202529.zip
🧹 Removed local temporary backup file
✅ Backup process completed!
⏳ Creating backup...
✅ Local backup created: /home/lmnet/server/server/backups/backup-1774216802463.zip
✅ Backup uploaded: backup-1774216802463.zip
🗑️ Deleted oldest Google Drive backup: backup-1774130402335.zip
🧹 Removed local temporary backup file
✅ Backup process completed!
⏳ Creating backup...
✅ Local backup created: /home/lmnet/server/server/backups/backup-1774224002823.zip
✅ Backup uploaded: backup-1774224002823.zip
🗑️ Deleted oldest Google Drive backup: backup-1774137602769.zip
🧹 Removed local temporary backup file
✅ Backup process completed!
⏳ Creating backup...
✅ Local backup created: /home/lmnet/server/server/backups/backup-1774231203048.zip
✅ Backup uploaded: backup-1774231203048.zip
🗑️ Deleted oldest Google Drive backup: backup-1774144802890.zip
🧹 Removed local temporary backup file
✅ Backup process completed!
⏳ Creating backup...
✅ Local backup created: /home/lmnet/server/server/backups/backup-1774238403036.zip
✅ Backup uploaded: backup-1774238403036.zip
🗑️ Deleted oldest Google Drive backup: backup-1774152002299.zip
🧹 Removed local temporary backup file
✅ Backup process completed!
⏳ Creating backup...
✅ Local backup created: /home/lmnet/server/server/backups/backup-1774245602758.zip
✅ Backup uploaded: backup-1774245602758.zip
🗑️ Deleted oldest Google Drive backup: backup-1774159202893.zip
🧹 Removed local temporary backup file
✅ Backup process completed!
⏳ Creating backup...
✅ Local backup created: /home/lmnet/server/server/backups/backup-1774252802365.zip
✅ Backup uploaded: backup-1774252802365.zip
🗑️ Deleted oldest Google Drive backup: backup-1774166402666.zip
🧹 Removed local temporary backup file
✅ Backup process completed!
⏳ Creating backup...
✅ Local backup created: /home/lmnet/server/server/backups/backup-1774260002899.zip
✅ Backup uploaded: backup-1774260002899.zip
🗑️ Deleted oldest Google Drive backup: backup-1774173602081.zip
🧹 Removed local temporary backup file
✅ Backup process completed!
⏳ Creating backup...
✅ Local backup created: /home/lmnet/server/server/backups/backup-1774267202254.zip
✅ Backup uploaded: backup-1774267202254.zip
🗑️ Deleted oldest Google Drive backup: backup-1774180802099.zip
🧹 Removed local temporary backup file
✅ Backup process completed!
⏳ Creating backup...
✅ Local backup created: /home/lmnet/server/server/backups/backup-1774274402760.zip
✅ Backup uploaded: backup-1774274402760.zip
🗑️ Deleted oldest Google Drive backup: backup-1774188002327.zip
🧹 Removed local temporary backup file
✅ Backup process completed!
⏳ Creating backup...
✅ Local backup created: /home/lmnet/server/server/backups/backup-1774281602664.zip
✅ Backup uploaded: backup-1774281602664.zip
🗑️ Deleted oldest Google Drive backup: backup-1774195202465.zip
🧹 Removed local temporary backup file
✅ Backup process completed!
⏳ Creating backup...
✅ Local backup created: /home/lmnet/server/server/backups/backup-1774288802014.zip
✅ Backup uploaded: backup-1774288802014.zip
🗑️ Deleted oldest Google Drive backup: backup-1774202402750.zip
🧹 Removed local temporary backup file
✅ Backup process completed!
⏳ Creating backup...
✅ Local backup created: /home/lmnet/server/server/backups/backup-1774296002470.zip
✅ Backup uploaded: backup-1774296002470.zip
🗑️ Deleted oldest Google Drive backup: backup-1774209602519.zip
🧹 Removed local temporary backup file
✅ Backup process completed!
⏳ Creating backup...
✅ Local backup created: /home/lmnet/server/server/backups/backup-1774303201821.zip
✅ Backup uploaded: backup-1774303201821.zip
🗑️ Deleted oldest Google Drive backup: backup-1774216802463.zip
🧹 Removed local temporary backup file
✅ Backup process completed!
⏳ Creating backup...
✅ Local backup created: /home/lmnet/server/server/backups/backup-1774310402873.zip
✅ Backup uploaded: backup-1774310402873.zip
🗑️ Deleted oldest Google Drive backup: backup-1774224002823.zip
🧹 Removed local temporary backup file
✅ Backup process completed!
⏳ Creating backup...
✅ Local backup created: /home/lmnet/server/server/backups/backup-1774317602684.zip
✅ Backup uploaded: backup-1774317602684.zip
🗑️ Deleted oldest Google Drive backup: backup-1774231203048.zip
🧹 Removed local temporary backup file
✅ Backup process completed!
⏳ Creating backup...
✅ Local backup created: /home/lmnet/server/server/backups/backup-1774324802676.zip
✅ Backup uploaded: backup-1774324802676.zip
🗑️ Deleted oldest Google Drive backup: backup-1774238403036.zip
🧹 Removed local temporary backup file
✅ Backup process completed!
⏳ Creating backup...
✅ Local backup created: /home/lmnet/server/server/backups/backup-1774332002926.zip
✅ Backup uploaded: backup-1774332002926.zip
🗑️ Deleted oldest Google Drive backup: backup-1774245602758.zip
🧹 Removed local temporary backup file
✅ Backup process completed!
⏳ Creating backup...
✅ Local backup created: /home/lmnet/server/server/backups/backup-1774339202387.zip
✅ Backup uploaded: backup-1774339202387.zip
🗑️ Deleted oldest Google Drive backup: backup-1774252802365.zip
🧹 Removed local temporary backup file
✅ Backup process completed!
⏳ Creating backup...
✅ Local backup created: /home/lmnet/server/server/backups/backup-1774346403152.zip
✅ Backup uploaded: backup-1774346403152.zip
🗑️ Deleted oldest Google Drive backup: backup-1774260002899.zip
🧹 Removed local temporary backup file
✅ Backup process completed!
⏳ Creating backup...
✅ Local backup created: /home/lmnet/server/server/backups/backup-1774353602553.zip
✅ Backup uploaded: backup-1774353602553.zip
🗑️ Deleted oldest Google Drive backup: backup-1774267202254.zip
🧹 Removed local temporary backup file
✅ Backup process completed!
⏳ Creating backup...
✅ Local backup created: /home/lmnet/server/server/backups/backup-1774360802845.zip
✅ Backup uploaded: backup-1774360802845.zip
🗑️ Deleted oldest Google Drive backup: backup-1774274402760.zip
🧹 Removed local temporary backup file
✅ Backup process completed!
⏳ Creating backup...
✅ Local backup created: /home/lmnet/server/server/backups/backup-1774368002093.zip
✅ Backup uploaded: backup-1774368002093.zip
🗑️ Deleted oldest Google Drive backup: backup-1774281602664.zip
🧹 Removed local temporary backup file
✅ Backup process completed!
⏳ Creating backup...
✅ Local backup created: /home/lmnet/server/server/backups/backup-1774375203050.zip
✅ Backup uploaded: backup-1774375203050.zip
🗑️ Deleted oldest Google Drive backup: backup-1774288802014.zip
🧹 Removed local temporary backup file
✅ Backup process completed!
⏳ Creating backup...
✅ Local backup created: /home/lmnet/server/server/backups/backup-1774382403021.zip
✅ Backup uploaded: backup-1774382403021.zip
🗑️ Deleted oldest Google Drive backup: backup-1774296002470.zip
🧹 Removed local temporary backup file
✅ Backup process completed!
⏳ Creating backup...
✅ Local backup created: /home/lmnet/server/server/backups/backup-1774389601998.zip
✅ Backup uploaded: backup-1774389601998.zip
🗑️ Deleted oldest Google Drive backup: backup-1774303201821.zip
🧹 Removed local temporary backup file
✅ Backup process completed!
⏳ Creating backup...
✅ Local backup created: /home/lmnet/server/server/backups/backup-1774396802948.zip
✅ Backup uploaded: backup-1774396802948.zip
🗑️ Deleted oldest Google Drive backup: backup-1774310402873.zip
🧹 Removed local temporary backup file
✅ Backup process completed!
⏳ Creating backup...
✅ Local backup created: /home/lmnet/server/server/backups/backup-1774404002613.zip
✅ Backup uploaded: backup-1774404002613.zip
🗑️ Deleted oldest Google Drive backup: backup-1774317602684.zip
🧹 Removed local temporary backup file
✅ Backup process completed!
⏳ Creating backup...
✅ Local backup created: /home/lmnet/server/server/backups/backup-1774411202196.zip
✅ Backup uploaded: backup-1774411202196.zip
🗑️ Deleted oldest Google Drive backup: backup-1774324802676.zip
🧹 Removed local temporary backup file
✅ Backup process completed!
⏳ Creating backup...
✅ Local backup created: /home/lmnet/server/server/backups/backup-1774418402716.zip
✅ Backup uploaded: backup-1774418402716.zip
🗑️ Deleted oldest Google Drive backup: backup-1774332002926.zip
🧹 Removed local temporary backup file
✅ Backup process completed!
⏳ Creating backup...
✅ Local backup created: /home/lmnet/server/server/backups/backup-1774425602499.zip
✅ Backup uploaded: backup-1774425602499.zip
🗑️ Deleted oldest Google Drive backup: backup-1774339202387.zip
🧹 Removed local temporary backup file
✅ Backup process completed!
⏳ Creating backup...
✅ Local backup created: /home/lmnet/server/server/backups/backup-1774432802953.zip
✅ Backup uploaded: backup-1774432802953.zip
🗑️ Deleted oldest Google Drive backup: backup-1774346403152.zip
🧹 Removed local temporary backup file
✅ Backup process completed!
⏳ Creating backup...
✅ Local backup created: /home/lmnet/server/server/backups/backup-1774440002966.zip
✅ Backup uploaded: backup-1774440002966.zip
🗑️ Deleted oldest Google Drive backup: backup-1774353602553.zip
🧹 Removed local temporary backup file
✅ Backup process completed!
⏳ Creating backup...
✅ Local backup created: /home/lmnet/server/server/backups/backup-1774447202067.zip
✅ Backup uploaded: backup-1774447202067.zip
🗑️ Deleted oldest Google Drive backup: backup-1774360802845.zip
🧹 Removed local temporary backup file
✅ Backup process completed!
⏳ Creating backup...
✅ Local backup created: /home/lmnet/server/server/backups/backup-1774454402740.zip
✅ Backup uploaded: backup-1774454402740.zip
🗑️ Deleted oldest Google Drive backup: backup-1774368002093.zip
🧹 Removed local temporary backup file
✅ Backup process completed!
⏳ Creating backup...
✅ Local backup created: /home/lmnet/server/server/backups/backup-1774461602732.zip
✅ Backup uploaded: backup-1774461602732.zip
🗑️ Deleted oldest Google Drive backup: backup-1774375203050.zip
🧹 Removed local temporary backup file
✅ Backup process completed!
⏳ Creating backup...
✅ Local backup created: /home/lmnet/server/server/backups/backup-1774468802189.zip
✅ Backup uploaded: backup-1774468802189.zip
🗑️ Deleted oldest Google Drive backup: backup-1774382403021.zip
🧹 Removed local temporary backup file
✅ Backup process completed!
⏳ Creating backup...
✅ Local backup created: /home/lmnet/server/server/backups/backup-1774476002856.zip
✅ Backup uploaded: backup-1774476002856.zip
🗑️ Deleted oldest Google Drive backup: backup-1774389601998.zip
🧹 Removed local temporary backup file
✅ Backup process completed!
⏳ Creating backup...
✅ Local backup created: /home/lmnet/server/server/backups/backup-1774483203052.zip
✅ Backup uploaded: backup-1774483203052.zip
🗑️ Deleted oldest Google Drive backup: backup-1774396802948.zip
🧹 Removed local temporary backup file
✅ Backup process completed!
⏳ Creating backup...
✅ Local backup created: /home/lmnet/server/server/backups/backup-1774490402142.zip
✅ Backup uploaded: backup-1774490402142.zip
🗑️ Deleted oldest Google Drive backup: backup-1774404002613.zip
🧹 Removed local temporary backup file
✅ Backup process completed!
⏳ Creating backup...
✅ Local backup created: /home/lmnet/server/server/backups/backup-1774497601997.zip
✅ Backup uploaded: backup-1774497601997.zip
🗑️ Deleted oldest Google Drive backup: backup-1774411202196.zip
🧹 Removed local temporary backup file
✅ Backup process completed!
⏳ Creating backup...
✅ Local backup created: /home/lmnet/server/server/backups/backup-1774504802265.zip
✅ Backup uploaded: backup-1774504802265.zip
🗑️ Deleted oldest Google Drive backup: backup-1774418402716.zip
🧹 Removed local temporary backup file
✅ Backup process completed!
⏳ Creating backup...
✅ Local backup created: /home/lmnet/server/server/backups/backup-1774512002630.zip
✅ Backup uploaded: backup-1774512002630.zip
🗑️ Deleted oldest Google Drive backup: backup-1774425602499.zip
🧹 Removed local temporary backup file
✅ Backup process completed!
⏳ Creating backup...
✅ Local backup created: /home/lmnet/server/server/backups/backup-1774519202398.zip
✅ Backup uploaded: backup-1774519202398.zip
🗑️ Deleted oldest Google Drive backup: backup-1774432802953.zip
🧹 Removed local temporary backup file
✅ Backup process completed!
⏳ Creating backup...
✅ Local backup created: /home/lmnet/server/server/backups/backup-1774526402231.zip
✅ Backup uploaded: backup-1774526402231.zip
🗑️ Deleted oldest Google Drive backup: backup-1774440002966.zip
🧹 Removed local temporary backup file
✅ Backup process completed!
⏳ Creating backup...
✅ Local backup created: /home/lmnet/server/server/backups/backup-1774533602399.zip
✅ Backup uploaded: backup-1774533602399.zip
🗑️ Deleted oldest Google Drive backup: backup-1774447202067.zip
🧹 Removed local temporary backup file
✅ Backup process completed!
⏳ Creating backup...
✅ Local backup created: /home/lmnet/server/server/backups/backup-1774540802764.zip
✅ Backup uploaded: backup-1774540802764.zip
🗑️ Deleted oldest Google Drive backup: backup-1774454402740.zip
🧹 Removed local temporary backup file
✅ Backup process completed!
⏳ Creating backup...
✅ Local backup created: /home/lmnet/server/server/backups/backup-1774548002803.zip
✅ Backup uploaded: backup-1774548002803.zip
🗑️ Deleted oldest Google Drive backup: backup-1774461602732.zip
🧹 Removed local temporary backup file
✅ Backup process completed!
⏳ Creating backup...
✅ Local backup created: /home/lmnet/server/server/backups/backup-1774555202362.zip
✅ Backup uploaded: backup-1774555202362.zip
🗑️ Deleted oldest Google Drive backup: backup-1774468802189.zip
🧹 Removed local temporary backup file
✅ Backup process completed!
⏳ Creating backup...
✅ Local backup created: /home/lmnet/server/server/backups/backup-1774562402608.zip
✅ Backup uploaded: backup-1774562402608.zip
🗑️ Deleted oldest Google Drive backup: backup-1774476002856.zip
🧹 Removed local temporary backup file
✅ Backup process completed!
⏳ Creating backup...
✅ Local backup created: /home/lmnet/server/server/backups/backup-1774569602485.zip
✅ Backup uploaded: backup-1774569602485.zip
🗑️ Deleted oldest Google Drive backup: backup-1774483203052.zip
🧹 Removed local temporary backup file
✅ Backup process completed!
⏳ Creating backup...
✅ Local backup created: /home/lmnet/server/server/backups/backup-1774576802841.zip
✅ Backup uploaded: backup-1774576802841.zip
🗑️ Deleted oldest Google Drive backup: backup-1774490402142.zip
🧹 Removed local temporary backup file
✅ Backup process completed!
⏳ Creating backup...
✅ Local backup created: /home/lmnet/server/server/backups/backup-1774584002474.zip
✅ Backup uploaded: backup-1774584002474.zip
🗑️ Deleted oldest Google Drive backup: backup-1774497601997.zip
🧹 Removed local temporary backup file
✅ Backup process completed!
⏳ Creating backup...
✅ Local backup created: /home/lmnet/server/server/backups/backup-1774591201924.zip
✅ Backup uploaded: backup-1774591201924.zip
🗑️ Deleted oldest Google Drive backup: backup-1774504802265.zip
🧹 Removed local temporary backup file
✅ Backup process completed!
⏳ Creating backup...
✅ Local backup created: /home/lmnet/server/server/backups/backup-1774598402123.zip
✅ Backup uploaded: backup-1774598402123.zip
🗑️ Deleted oldest Google Drive backup: backup-1774512002630.zip
🧹 Removed local temporary backup file
✅ Backup process completed!
⏳ Creating backup...
✅ Local backup created: /home/lmnet/server/server/backups/backup-1774605602678.zip
✅ Backup uploaded: backup-1774605602678.zip
🗑️ Deleted oldest Google Drive backup: backup-1774519202398.zip
🧹 Removed local temporary backup file
✅ Backup process completed!
⏳ Creating backup...
✅ Local backup created: /home/lmnet/server/server/backups/backup-1774612802183.zip
✅ Backup uploaded: backup-1774612802183.zip
🗑️ Deleted oldest Google Drive backup: backup-1774526402231.zip
🧹 Removed local temporary backup file
✅ Backup process completed!
⏳ Creating backup...
✅ Local backup created: /home/lmnet/server/server/backups/backup-1774620002423.zip
✅ Backup uploaded: backup-1774620002423.zip
🗑️ Deleted oldest Google Drive backup: backup-1774533602399.zip
🧹 Removed local temporary backup file
✅ Backup process completed!
⏳ Creating backup...
✅ Local backup created: /home/lmnet/server/server/backups/backup-1774627202054.zip
✅ Backup uploaded: backup-1774627202054.zip
🗑️ Deleted oldest Google Drive backup: backup-1774540802764.zip
🧹 Removed local temporary backup file
✅ Backup process completed!
⏳ Creating backup...
✅ Local backup created: /home/lmnet/server/server/backups/backup-1774634402637.zip
✅ Backup uploaded: backup-1774634402637.zip
🗑️ Deleted oldest Google Drive backup: backup-1774548002803.zip
🧹 Removed local temporary backup file
✅ Backup process completed!
⏳ Creating backup...
✅ Local backup created: /home/lmnet/server/server/backups/backup-1774641602657.zip
✅ Backup uploaded: backup-1774641602657.zip
🗑️ Deleted oldest Google Drive backup: backup-1774555202362.zip
🧹 Removed local temporary backup file
✅ Backup process completed!
⏳ Creating backup...
✅ Local backup created: /home/lmnet/server/server/backups/backup-1774648801965.zip
✅ Backup uploaded: backup-1774648801965.zip
🗑️ Deleted oldest Google Drive backup: backup-1774562402608.zip
🧹 Removed local temporary backup file
✅ Backup process completed!
⏳ Creating backup...
✅ Local backup created: /home/lmnet/server/server/backups/backup-1774656002424.zip
✅ Backup uploaded: backup-1774656002424.zip
🗑️ Deleted oldest Google Drive backup: backup-1774569602485.zip
🧹 Removed local temporary backup file
✅ Backup process completed!
⏳ Creating backup...
✅ Local backup created: /home/lmnet/server/server/backups/backup-1774663201989.zip
✅ Backup uploaded: backup-1774663201989.zip
🗑️ Deleted oldest Google Drive backup: backup-1774576802841.zip
🧹 Removed local temporary backup file
✅ Backup process completed!
⏳ Creating backup...
✅ Local backup created: /home/lmnet/server/server/backups/backup-1774670402516.zip
✅ Backup uploaded: backup-1774670402516.zip
🗑️ Deleted oldest Google Drive backup: backup-1774584002474.zip
🧹 Removed local temporary backup file
✅ Backup process completed!
⏳ Creating backup...
✅ Local backup created: /home/lmnet/server/server/backups/backup-1774677602351.zip
✅ Backup uploaded: backup-1774677602351.zip
🗑️ Deleted oldest Google Drive backup: backup-1774591201924.zip
🧹 Removed local temporary backup file
✅ Backup process completed!
⏳ Creating backup...
✅ Local backup created: /home/lmnet/server/server/backups/backup-1774684802321.zip
✅ Backup uploaded: backup-1774684802321.zip
🗑️ Deleted oldest Google Drive backup: backup-1774598402123.zip
🧹 Removed local temporary backup file
✅ Backup process completed!
⏳ Creating backup...
✅ Local backup created: /home/lmnet/server/server/backups/backup-1774692002539.zip
✅ Backup uploaded: backup-1774692002539.zip
🗑️ Deleted oldest Google Drive backup: backup-1774605602678.zip
🧹 Removed local temporary backup file
✅ Backup process completed!
⏳ Creating backup...
✅ Local backup created: /home/lmnet/server/server/backups/backup-1774699202192.zip
✅ Backup uploaded: backup-1774699202192.zip
🗑️ Deleted oldest Google Drive backup: backup-1774612802183.zip
🧹 Removed local temporary backup file
✅ Backup process completed!
⏳ Creating backup...
✅ Local backup created: /home/lmnet/server/server/backups/backup-1774706402133.zip
✅ Backup uploaded: backup-1774706402133.zip
🗑️ Deleted oldest Google Drive backup: backup-1774620002423.zip
🧹 Removed local temporary backup file
✅ Backup process completed!
⏳ Creating backup...
✅ Local backup created: /home/lmnet/server/server/backups/backup-1774713602030.zip
✅ Backup uploaded: backup-1774713602030.zip
🗑️ Deleted oldest Google Drive backup: backup-1774627202054.zip
🧹 Removed local temporary backup file
✅ Backup process completed!
⏳ Creating backup...
✅ Local backup created: /home/lmnet/server/server/backups/backup-1774720802872.zip
✅ Backup uploaded: backup-1774720802872.zip
🗑️ Deleted oldest Google Drive backup: backup-1774634402637.zip
🧹 Removed local temporary backup file
✅ Backup process completed!
⏳ Creating backup...
✅ Local backup created: /home/lmnet/server/server/backups/backup-1774728002249.zip
✅ Backup uploaded: backup-1774728002249.zip
🗑️ Deleted oldest Google Drive backup: backup-1774641602657.zip
🧹 Removed local temporary backup file
✅ Backup process completed!
⏳ Creating backup...
✅ Local backup created: /home/lmnet/server/server/backups/backup-1774735202446.zip
✅ Backup uploaded: backup-1774735202446.zip
🗑️ Deleted oldest Google Drive backup: backup-1774648801965.zip
🧹 Removed local temporary backup file
✅ Backup process completed!
⏳ Creating backup...
✅ Local backup created: /home/lmnet/server/server/backups/backup-1774742402470.zip
✅ Backup uploaded: backup-1774742402470.zip
🗑️ Deleted oldest Google Drive backup: backup-1774656002424.zip
🧹 Removed local temporary backup file
✅ Backup process completed!
⏳ Creating backup...
✅ Local backup created: /home/lmnet/server/server/backups/backup-1774749602270.zip
✅ Backup uploaded: backup-1774749602270.zip
🗑️ Deleted oldest Google Drive backup: backup-1774663201989.zip
🧹 Removed local temporary backup file
✅ Backup process completed!
⏳ Creating backup...
✅ Local backup created: /home/lmnet/server/server/backups/backup-1774756802874.zip
✅ Backup uploaded: backup-1774756802874.zip
🗑️ Deleted oldest Google Drive backup: backup-1774670402516.zip
🧹 Removed local temporary backup file
✅ Backup process completed!
⏳ Creating backup...
✅ Local backup created: /home/lmnet/server/server/backups/backup-1774764002789.zip
✅ Backup uploaded: backup-1774764002789.zip
🗑️ Deleted oldest Google Drive backup: backup-1774677602351.zip
🧹 Removed local temporary backup file
✅ Backup process completed!
⏳ Creating backup...
✅ Local backup created: /home/lmnet/server/server/backups/backup-1774771202467.zip
✅ Backup uploaded: backup-1774771202467.zip
🗑️ Deleted oldest Google Drive backup: backup-1774684802321.zip
🧹 Removed local temporary backup file
✅ Backup process completed!
⏳ Creating backup...
✅ Local backup created: /home/lmnet/server/server/backups/backup-1774778402407.zip
✅ Backup uploaded: backup-1774778402407.zip
🗑️ Deleted oldest Google Drive backup: backup-1774692002539.zip
🧹 Removed local temporary backup file
✅ Backup process completed!
⏳ Creating backup...
✅ Local backup created: /home/lmnet/server/server/backups/backup-1774785602611.zip
✅ Backup uploaded: backup-1774785602611.zip
🗑️ Deleted oldest Google Drive backup: backup-1774699202192.zip
🧹 Removed local temporary backup file
✅ Backup process completed!
⏳ Creating backup...
✅ Local backup created: /home/lmnet/server/server/backups/backup-1774792802340.zip
✅ Backup uploaded: backup-1774792802340.zip
🗑️ Deleted oldest Google Drive backup: backup-1774706402133.zip
🧹 Removed local temporary backup file
✅ Backup process completed!
⏳ Creating backup...
✅ Local backup created: /home/lmnet/server/server/backups/backup-1774800002079.zip
✅ Backup uploaded: backup-1774800002079.zip
🗑️ Deleted oldest Google Drive backup: backup-1774713602030.zip
🧹 Removed local temporary backup file
✅ Backup process completed!
⏳ Creating backup...
✅ Local backup created: /home/lmnet/server/server/backups/backup-1774807202116.zip
✅ Backup uploaded: backup-1774807202116.zip
🗑️ Deleted oldest Google Drive backup: backup-1774720802872.zip
🧹 Removed local temporary backup file
✅ Backup process completed!
⏳ Creating backup...
✅ Local backup created: /home/lmnet/server/server/backups/backup-1774814402338.zip
✅ Backup uploaded: backup-1774814402338.zip
🗑️ Deleted oldest Google Drive backup: backup-1774728002249.zip
🧹 Removed local temporary backup file
✅ Backup process completed!
⏳ Creating backup...
✅ Local backup created: /home/lmnet/server/server/backups/backup-1774821601744.zip
✅ Backup uploaded: backup-1774821601744.zip
🗑️ Deleted oldest Google Drive backup: backup-1774735202446.zip
🧹 Removed local temporary backup file
✅ Backup process completed!
⏳ Creating backup...
✅ Local backup created: /home/lmnet/server/server/backups/backup-1774828802234.zip
✅ Backup uploaded: backup-1774828802234.zip
🗑️ Deleted oldest Google Drive backup: backup-1774742402470.zip
🧹 Removed local temporary backup file
✅ Backup process completed!
⏳ Creating backup...
✅ Local backup created: /home/lmnet/server/server/backups/backup-1774836001964.zip
✅ Backup uploaded: backup-1774836001964.zip
🗑️ Deleted oldest Google Drive backup: backup-1774749602270.zip
🧹 Removed local temporary backup file
✅ Backup process completed!
⏳ Creating backup...
✅ Local backup created: /home/lmnet/server/server/backups/backup-1774843201847.zip
✅ Backup uploaded: backup-1774843201847.zip
🗑️ Deleted oldest Google Drive backup: backup-1774756802874.zip
🧹 Removed local temporary backup file
✅ Backup process completed!
⏳ Creating backup...
✅ Local backup created: /home/lmnet/server/server/backups/backup-1774850403029.zip
✅ Backup uploaded: backup-1774850403029.zip
🗑️ Deleted oldest Google Drive backup: backup-1774764002789.zip
🧹 Removed local temporary backup file
✅ Backup process completed!
⏳ Creating backup...
✅ Local backup created: /home/lmnet/server/server/backups/backup-1774857601935.zip
✅ Backup uploaded: backup-1774857601935.zip
🗑️ Deleted oldest Google Drive backup: backup-1774771202467.zip
🧹 Removed local temporary backup file
✅ Backup process completed!
⏳ Creating backup...
✅ Local backup created: /home/lmnet/server/server/backups/backup-1774864802117.zip
✅ Backup uploaded: backup-1774864802117.zip
🗑️ Deleted oldest Google Drive backup: backup-1774778402407.zip
🧹 Removed local temporary backup file
✅ Backup process completed!
⏳ Creating backup...
✅ Local backup created: /home/lmnet/server/server/backups/backup-1774872002443.zip
✅ Backup uploaded: backup-1774872002443.zip
🗑️ Deleted oldest Google Drive backup: backup-1774785602611.zip
🧹 Removed local temporary backup file
✅ Backup process completed!
⏳ Creating backup...
✅ Local backup created: /home/lmnet/server/server/backups/backup-1774879202737.zip
✅ Backup uploaded: backup-1774879202737.zip
🗑️ Deleted oldest Google Drive backup: backup-1774792802340.zip
🧹 Removed local temporary backup file
✅ Backup process completed!
⏳ Creating backup...
✅ Local backup created: /home/lmnet/server/server/backups/backup-1774886402227.zip
✅ Backup uploaded: backup-1774886402227.zip
🗑️ Deleted oldest Google Drive backup: backup-1774800002079.zip
🧹 Removed local temporary backup file
✅ Backup process completed!
⏳ Creating backup...
✅ Local backup created: /home/lmnet/server/server/backups/backup-1774893602763.zip
✅ Backup uploaded: backup-1774893602763.zip
🗑️ Deleted oldest Google Drive backup: backup-1774807202116.zip
🧹 Removed local temporary backup file
✅ Backup process completed!
⏳ Creating backup...
✅ Local backup created: /home/lmnet/server/server/backups/backup-1774900801965.zip
✅ Backup uploaded: backup-1774900801965.zip
🗑️ Deleted oldest Google Drive backup: backup-1774814402338.zip
🧹 Removed local temporary backup file
✅ Backup process completed!
⏳ Creating backup...
✅ Local backup created: /home/lmnet/server/server/backups/backup-1774908002796.zip
✅ Backup uploaded: backup-1774908002796.zip
🗑️ Deleted oldest Google Drive backup: backup-1774821601744.zip
🧹 Removed local temporary backup file
✅ Backup process completed!
⏳ Creating backup...
✅ Local backup created: /home/lmnet/server/server/backups/backup-1774915202165.zip
✅ Backup uploaded: backup-1774915202165.zip
🗑️ Deleted oldest Google Drive backup: backup-1774828802234.zip
🧹 Removed local temporary backup file
✅ Backup process completed!
⏳ Creating backup...
✅ Local backup created: /home/lmnet/server/server/backups/backup-1774922402893.zip
✅ Backup uploaded: backup-1774922402893.zip
🗑️ Deleted oldest Google Drive backup: backup-1774836001964.zip
🧹 Removed local temporary backup file
✅ Backup process completed!
⏳ Creating backup...
✅ Local backup created: /home/lmnet/server/server/backups/backup-1774929602605.zip
✅ Backup uploaded: backup-1774929602605.zip
🗑️ Deleted oldest Google Drive backup: backup-1774843201847.zip
🧹 Removed local temporary backup file
✅ Backup process completed!
⏳ Creating backup...
✅ Local backup created: /home/lmnet/server/server/backups/backup-1774936802239.zip
✅ Backup uploaded: backup-1774936802239.zip
🗑️ Deleted oldest Google Drive backup: backup-1774850403029.zip
🧹 Removed local temporary backup file
✅ Backup process completed!
⏳ Creating backup...
✅ Local backup created: /home/lmnet/server/server/backups/backup-1774944002621.zip
✅ Backup uploaded: backup-1774944002621.zip
🗑️ Deleted oldest Google Drive backup: backup-1774857601935.zip
🧹 Removed local temporary backup file
✅ Backup process completed!
⏳ Creating backup...
✅ Local backup created: /home/lmnet/server/server/backups/backup-1774951202518.zip
✅ Backup uploaded: backup-1774951202518.zip
🗑️ Deleted oldest Google Drive backup: backup-1774864802117.zip
🧹 Removed local temporary backup file
✅ Backup process completed!
⏳ Creating backup...
✅ Local backup created: /home/lmnet/server/server/backups/backup-1774958402386.zip
✅ Backup uploaded: backup-1774958402386.zip
🗑️ Deleted oldest Google Drive backup: backup-1774872002443.zip
🧹 Removed local temporary backup file
✅ Backup process completed!
⏳ Creating backup...
✅ Local backup created: /home/lmnet/server/server/backups/backup-1774965602035.zip
✅ Backup uploaded: backup-1774965602035.zip
🗑️ Deleted oldest Google Drive backup: backup-1774879202737.zip
🧹 Removed local temporary backup file
✅ Backup process completed!
⏳ Creating backup...
✅ Local backup created: /home/lmnet/server/server/backups/backup-1774972802005.zip
✅ Backup uploaded: backup-1774972802005.zip
🗑️ Deleted oldest Google Drive backup: backup-1774886402227.zip
🧹 Removed local temporary backup file
✅ Backup process completed!
⏳ Creating backup...
✅ Local backup created: /home/lmnet/server/server/backups/backup-1774980002127.zip
✅ Backup uploaded: backup-1774980002127.zip
🗑️ Deleted oldest Google Drive backup: backup-1774893602763.zip
🧹 Removed local temporary backup file
✅ Backup process completed!
⏳ Creating backup...
✅ Local backup created: /home/lmnet/server/server/backups/backup-1774987202788.zip
✅ Backup uploaded: backup-1774987202788.zip
🗑️ Deleted oldest Google Drive backup: backup-1774900801965.zip
🧹 Removed local temporary backup file
✅ Backup process completed!
⏳ Creating backup...
✅ Local backup created: /home/lmnet/server/server/backups/backup-1774994402283.zip
✅ Backup uploaded: backup-1774994402283.zip
🗑️ Deleted oldest Google Drive backup: backup-1774908002796.zip
🧹 Removed local temporary backup file
✅ Backup process completed!
⏳ Creating backup...
✅ Local backup created: /home/lmnet/server/server/backups/backup-1775001602291.zip
✅ Backup uploaded: backup-1775001602291.zip
🗑️ Deleted oldest Google Drive backup: backup-1774915202165.zip
🧹 Removed local temporary backup file
✅ Backup process completed!
⏳ Creating backup...
✅ Local backup created: /home/lmnet/server/server/backups/backup-1775008802222.zip
✅ Backup uploaded: backup-1775008802222.zip
🗑️ Deleted oldest Google Drive backup: backup-1774922402893.zip
🧹 Removed local temporary backup file
✅ Backup process completed!
⏳ Creating backup...
✅ Local backup created: /home/lmnet/server/server/backups/backup-1775016002242.zip
✅ Backup uploaded: backup-1775016002242.zip
🗑️ Deleted oldest Google Drive backup: backup-1774929602605.zip
🧹 Removed local temporary backup file
✅ Backup process completed!
⏳ Creating backup...
✅ Local backup created: /home/lmnet/server/server/backups/backup-1775023202646.zip
✅ Backup uploaded: backup-1775023202646.zip
🗑️ Deleted oldest Google Drive backup: backup-1774936802239.zip
🧹 Removed local temporary backup file
✅ Backup process completed!
⏳ Creating backup...
✅ Local backup created: /home/lmnet/server/server/backups/backup-1775030402597.zip
✅ Backup uploaded: backup-1775030402597.zip
🗑️ Deleted oldest Google Drive backup: backup-1774944002621.zip
🧹 Removed local temporary backup file
✅ Backup process completed!
⏳ Creating backup...
✅ Local backup created: /home/lmnet/server/server/backups/backup-1775037601797.zip
✅ Backup uploaded: backup-1775037601797.zip
🗑️ Deleted oldest Google Drive backup: backup-1774951202518.zip
🧹 Removed local temporary backup file
✅ Backup process completed!
⏳ Creating backup...
✅ Local backup created: /home/lmnet/server/server/backups/backup-1775044802564.zip
✅ Backup uploaded: backup-1775044802564.zip
🗑️ Deleted oldest Google Drive backup: backup-1774958402386.zip
🧹 Removed local temporary backup file
✅ Backup process completed!
⏳ Creating backup...
✅ Local backup created: /home/lmnet/server/server/backups/backup-1775052002452.zip
✅ Backup uploaded: backup-1775052002452.zip
🗑️ Deleted oldest Google Drive backup: backup-1774965602035.zip
🧹 Removed local temporary backup file
✅ Backup process completed!
⏳ Creating backup...
✅ Local backup created: /home/lmnet/server/server/backups/backup-1775059202622.zip
✅ Backup uploaded: backup-1775059202622.zip
🗑️ Deleted oldest Google Drive backup: backup-1774972802005.zip
🧹 Removed local temporary backup file
✅ Backup process completed!
⏳ Creating backup...
✅ Local backup created: /home/lmnet/server/server/backups/backup-1775066402140.zip
✅ Backup uploaded: backup-1775066402140.zip
🗑️ Deleted oldest Google Drive backup: backup-1774980002127.zip
🧹 Removed local temporary backup file
✅ Backup process completed!
⏳ Creating backup...
✅ Local backup created: /home/lmnet/server/server/backups/backup-1775073602664.zip
✅ Backup uploaded: backup-1775073602664.zip
🗑️ Deleted oldest Google Drive backup: backup-1774987202788.zip
🧹 Removed local temporary backup file
✅ Backup process completed!
⏳ Creating backup...
✅ Local backup created: /home/lmnet/server/server/backups/backup-1775080802094.zip
✅ Backup uploaded: backup-1775080802094.zip
🗑️ Deleted oldest Google Drive backup: backup-1774994402283.zip
🧹 Removed local temporary backup file
✅ Backup process completed!
⏳ Creating backup...
✅ Local backup created: /home/lmnet/server/server/backups/backup-1775088002285.zip
✅ Backup uploaded: backup-1775088002285.zip
🗑️ Deleted oldest Google Drive backup: backup-1775001602291.zip
🧹 Removed local temporary backup file
✅ Backup process completed!
⏳ Creating backup...
✅ Local backup created: /home/lmnet/server/server/backups/backup-1775095202545.zip
✅ Backup uploaded: backup-1775095202545.zip
🗑️ Deleted oldest Google Drive backup: backup-1775008802222.zip
🧹 Removed local temporary backup file
✅ Backup process completed!
⏳ Creating backup...
✅ Local backup created: /home/lmnet/server/server/backups/backup-1775102402518.zip
✅ Backup uploaded: backup-1775102402518.zip
🗑️ Deleted oldest Google Drive backup: backup-1775016002242.zip
🧹 Removed local temporary backup file
✅ Backup process completed!
⏳ Creating backup...
✅ Local backup created: /home/lmnet/server/server/backups/backup-1775109602761.zip
✅ Backup uploaded: backup-1775109602761.zip
🗑️ Deleted oldest Google Drive backup: backup-1775023202646.zip
🧹 Removed local temporary backup file
✅ Backup process completed!
⏳ Creating backup...
✅ Local backup created: /home/lmnet/server/server/backups/backup-1775116802087.zip
✅ Backup uploaded: backup-1775116802087.zip
🗑️ Deleted oldest Google Drive backup: backup-1775030402597.zip
🧹 Removed local temporary backup file
✅ Backup process completed!
⏳ Creating backup...
✅ Local backup created: /home/lmnet/server/server/backups/backup-1775124002098.zip
✅ Backup uploaded: backup-1775124002098.zip
🗑️ Deleted oldest Google Drive backup: backup-1775037601797.zip
🧹 Removed local temporary backup file
✅ Backup process completed!
⏳ Creating backup...
✅ Local backup created: /home/lmnet/server/server/backups/backup-1775131202553.zip
✅ Backup uploaded: backup-1775131202553.zip
🗑️ Deleted oldest Google Drive backup: backup-1775044802564.zip
🧹 Removed local temporary backup file
✅ Backup process completed!
⏳ Creating backup...
✅ Local backup created: /home/lmnet/server/server/backups/backup-1775138401814.zip
✅ Backup uploaded: backup-1775138401814.zip
🗑️ Deleted oldest Google Drive backup: backup-1775052002452.zip
🧹 Removed local temporary backup file
✅ Backup process completed!
⏳ Creating backup...
✅ Local backup created: /home/lmnet/server/server/backups/backup-1775145602142.zip
✅ Backup uploaded: backup-1775145602142.zip
🗑️ Deleted oldest Google Drive backup: backup-1775059202622.zip
🧹 Removed local temporary backup file
✅ Backup process completed!
⏳ Creating backup...
✅ Local backup created: /home/lmnet/server/server/backups/backup-1775152802340.zip
✅ Backup uploaded: backup-1775152802340.zip
🗑️ Deleted oldest Google Drive backup: backup-1775066402140.zip
🧹 Removed local temporary backup file
✅ Backup process completed!
⏳ Creating backup...
✅ Local backup created: /home/lmnet/server/server/backups/backup-1775160002042.zip
✅ Backup uploaded: backup-1775160002042.zip
🗑️ Deleted oldest Google Drive backup: backup-1775073602664.zip
🧹 Removed local temporary backup file
✅ Backup process completed!
⏳ Creating backup...
✅ Local backup created: /home/lmnet/server/server/backups/backup-1775167202216.zip
✅ Backup uploaded: backup-1775167202216.zip
🗑️ Deleted oldest Google Drive backup: backup-1775080802094.zip
🧹 Removed local temporary backup file
✅ Backup process completed!
⏳ Creating backup...
✅ Local backup created: /home/lmnet/server/server/backups/backup-1775174402007.zip
✅ Backup uploaded: backup-1775174402007.zip
🗑️ Deleted oldest Google Drive backup: backup-1775088002285.zip
🧹 Removed local temporary backup file
✅ Backup process completed!
⏳ Creating backup...
✅ Local backup created: /home/lmnet/server/server/backups/backup-1775181602674.zip
✅ Backup uploaded: backup-1775181602674.zip
🗑️ Deleted oldest Google Drive backup: backup-1775095202545.zip
🧹 Removed local temporary backup file
✅ Backup process completed!
⏳ Creating backup...
✅ Local backup created: /home/lmnet/server/server/backups/backup-1775188802451.zip
✅ Backup uploaded: backup-1775188802451.zip
🗑️ Deleted oldest Google Drive backup: backup-1775102402518.zip
🧹 Removed local temporary backup file
✅ Backup process completed!
⏳ Creating backup...
✅ Local backup created: /home/lmnet/server/server/backups/backup-1775196002939.zip
✅ Backup uploaded: backup-1775196002939.zip
🗑️ Deleted oldest Google Drive backup: backup-1775109602761.zip
🧹 Removed local temporary backup file
✅ Backup process completed!
⏳ Creating backup...
✅ Local backup created: /home/lmnet/server/server/backups/backup-1775203202579.zip
✅ Backup uploaded: backup-1775203202579.zip
🗑️ Deleted oldest Google Drive backup: backup-1775116802087.zip
🧹 Removed local temporary backup file
✅ Backup process completed!
⏳ Creating backup...
✅ Local backup created: /home/lmnet/server/server/backups/backup-1775210402797.zip
✅ Backup uploaded: backup-1775210402797.zip
🗑️ Deleted oldest Google Drive backup: backup-1775124002098.zip
🧹 Removed local temporary backup file
✅ Backup process completed!
⏳ Creating backup...
✅ Local backup created: /home/lmnet/server/server/backups/backup-1775217602173.zip
✅ Backup uploaded: backup-1775217602173.zip
🗑️ Deleted oldest Google Drive backup: backup-1775131202553.zip
🧹 Removed local temporary backup file
✅ Backup process completed!
⏳ Creating backup...
✅ Local backup created: /home/lmnet/server/server/backups/backup-1775224802223.zip
✅ Backup uploaded: backup-1775224802223.zip
🗑️ Deleted oldest Google Drive backup: backup-1775138401814.zip
🧹 Removed local temporary backup file
✅ Backup process completed!
⏳ Creating backup...
✅ Local backup created: /home/lmnet/server/server/backups/backup-1775232002836.zip
✅ Backup uploaded: backup-1775232002836.zip
🗑️ Deleted oldest Google Drive backup: backup-1775145602142.zip
🧹 Removed local temporary backup file
✅ Backup process completed!
⏳ Creating backup...
✅ Local backup created: /home/lmnet/server/server/backups/backup-1775239202589.zip
✅ Backup uploaded: backup-1775239202589.zip
🗑️ Deleted oldest Google Drive backup: backup-1775152802340.zip
🧹 Removed local temporary backup file
✅ Backup process completed!
⏳ Creating backup...
✅ Local backup created: /home/lmnet/server/server/backups/backup-1775246402480.zip
✅ Backup uploaded: backup-1775246402480.zip
🗑️ Deleted oldest Google Drive backup: backup-1775160002042.zip
🧹 Removed local temporary backup file
✅ Backup process completed!
⏳ Creating backup...
✅ Local backup created: /home/lmnet/server/server/backups/backup-1775253602110.zip
✅ Backup uploaded: backup-1775253602110.zip
🗑️ Deleted oldest Google Drive backup: backup-1775167202216.zip
🧹 Removed local temporary backup file
✅ Backup process completed!
⏳ Creating backup...
✅ Local backup created: /home/lmnet/server/server/backups/backup-1775260802757.zip
✅ Backup uploaded: backup-1775260802757.zip
🗑️ Deleted oldest Google Drive backup: backup-1775174402007.zip
🧹 Removed local temporary backup file
✅ Backup process completed!
⏳ Creating backup...
✅ Local backup created: /home/lmnet/server/server/backups/backup-1775268002891.zip
✅ Backup uploaded: backup-1775268002891.zip
🗑️ Deleted oldest Google Drive backup: backup-1775181602674.zip
🧹 Removed local temporary backup file
✅ Backup process completed!
⏳ Creating backup...
✅ Local backup created: /home/lmnet/server/server/backups/backup-1775275202449.zip
✅ Backup uploaded: backup-1775275202449.zip
🗑️ Deleted oldest Google Drive backup: backup-1775188802451.zip
🧹 Removed local temporary backup file
✅ Backup process completed!
⏳ Creating backup...
✅ Local backup created: /home/lmnet/server/server/backups/backup-1775282402515.zip
✅ Backup uploaded: backup-1775282402515.zip
🗑️ Deleted oldest Google Drive backup: backup-1775196002939.zip
🧹 Removed local temporary backup file
✅ Backup process completed!
⏳ Creating backup...
✅ Local backup created: /home/lmnet/server/server/backups/backup-1775289602462.zip
✅ Backup uploaded: backup-1775289602462.zip
🗑️ Deleted oldest Google Drive backup: backup-1775203202579.zip
🧹 Removed local temporary backup file
✅ Backup process completed!
⏳ Creating backup...
✅ Local backup created: /home/lmnet/server/server/backups/backup-1775296802047.zip
✅ Backup uploaded: backup-1775296802047.zip
🗑️ Deleted oldest Google Drive backup: backup-1775210402797.zip
🧹 Removed local temporary backup file
✅ Backup process completed!
⏳ Creating backup...
✅ Local backup created: /home/lmnet/server/server/backups/backup-1775304001848.zip
✅ Backup uploaded: backup-1775304001848.zip
🗑️ Deleted oldest Google Drive backup: backup-1775217602173.zip
🧹 Removed local temporary backup file
✅ Backup process completed!
